repo	commit	path
uber/uReplicator	693dd091133684badc8d1f31add82a057ac46574	config/consumer.properties
uber/uReplicator	693dd091133684badc8d1f31add82a057ac46574	example/example-consumer.properties
uber/uReplicator	693dd091133684badc8d1f31add82a057ac46574	bin/server2.properties
uber/uReplicator	693dd091133684badc8d1f31add82a057ac46574	bin/server1.properties
uber/uReplicator	693dd091133684badc8d1f31add82a057ac46574	devenv/server2.properties
uber/uReplicator	693dd091133684badc8d1f31add82a057ac46574	devenv/server1.properties
linkedin/kafka-monitor	043db6419d1638ea9f8f0b8262950fba576c2806	config/xinfra-monitor.properties
mailgun/kafka-pixy	46483ae7d9d5a86d53257f4fa30dd660f5cb7886	vagrant/server.properties
yahoo/streaming-benchmarks	d1aaf6bb28e97acb64625e125b447f495cf0776e	cluster_setup/server.properties
WeBankBlockchain/WeEvent	048dc9e8d1bb25b40f2a45465e5b64efb007f574	weevent-build/config.properties
b/kafka-websocket	ce1a47c3c8b4c3d84922b25979cad6f8d453c605	conf/consumer.properties
elodina/scala-kafka	5e5e09d7adec1b1f9b93433721fc4ade548175ca	config/server.properties
elodina/go_kafka_client	95d107b0c102fa81b8c1e5e556adc23352fad065	config/consumer.properties
weibocom/wqs	2487acb3727c6f263e760cec56ef9c9597f21ee0	config.properties
AdamBien/docklands	6861ba6dbcf26ddfbad451c1941f863f03d0fe05	kafka/server.properties
hardenedlinux/Debian-GNU-Linux-Profiles	f5811a64fa1165c613b23ead8d390a0c47429cb0	NSM/conf/kafka/server.properties
kafka-ops/julie	e75d005e994d237642cdb566ebc6ff943d02762b	docker/sasl/kafka/kafka.properties
kafka-ops/julie	e75d005e994d237642cdb566ebc6ff943d02762b	docker/sasl/kafka2/kafka.properties
stealthly/metrics-kafka	a4b638ef7e0190ea067dd6e9459deaa312ce0351	config/server.properties
habitat-sh/core-plans	df531ee3af278ca7fc9f03b0a75de66229224d49	kafka/config/server.properties
habitat-sh/core-plans	df531ee3af278ca7fc9f03b0a75de66229224d49	kafka0/config/server.properties
romseygeek/samza-luwak	e007bdaaaac4fccf94d963409974b1490cf24765	src/main/config/luwak.properties
kafka-ops/julie	e75d005e994d237642cdb566ebc6ff943d02762b	docker/tls/kafka/server.properties
llnl/magpie	5a5f6bf085cb99db625e54c37f6aaa8f666f9bb2	conf/kafka/kafka.server.properties
birdben/birdDocker	098a1c1f19c17c142d2a92963143a953f070c1bd	kafka/config/server.properties
eucuepo/vagrant-kafka	11c3209e01d7057a1b35f5e070a2da7e35dd9ba3	config/server3.properties
eucuepo/vagrant-kafka	11c3209e01d7057a1b35f5e070a2da7e35dd9ba3	config/server2.properties
eucuepo/vagrant-kafka	11c3209e01d7057a1b35f5e070a2da7e35dd9ba3	config/server1.properties
goodboy23/shell-script-collection	c4383f1679cdb280b2c91d399a177fd3ab1b88a8	material/server.properties
evolution-gaming/kafka-journal	df171f1d7f9539e4493eec5b495b3de917b7eb70	scripts/broker.2.properties
evolution-gaming/kafka-journal	df171f1d7f9539e4493eec5b495b3de917b7eb70	scripts/broker.0.properties
evolution-gaming/kafka-journal	df171f1d7f9539e4493eec5b495b3de917b7eb70	scripts/broker.1.properties
aglahe/vagrant-memex	a7a882fe49b98b62289fdf8dc2e06c7642f8aa01	kafka/consumer.properties
ANierbeck/BusFloatingData	5ac48a5af4949ef5943b2220b9b64ca484ac9d23	conf/kafka-server.properties
Dabz/kafka-security-playbook	24ee035b30cc38a4a4f00012013b0885e0ccfe1d	tls/kafka/server.properties
Dabz/kafka-security-playbook	24ee035b30cc38a4a4f00012013b0885e0ccfe1d	oauth/kafka/server.properties
netxillon/Hadoop	ebeccd5adbc95c20994a7119a83cfc9c4e1181b5	Kafka/server.properties
Dabz/kafka-security-playbook	24ee035b30cc38a4a4f00012013b0885e0ccfe1d	auditlog/kafka/kafka.properties
eucuepo/vagrant-kafka	11c3209e01d7057a1b35f5e070a2da7e35dd9ba3	config/server.properties
pinterest/singer	0d0b8d9a70606ebee71098c18cbc7815eb6f451e	tutorial/etc/kafka/server.properties
Dabz/kafka-security-playbook	24ee035b30cc38a4a4f00012013b0885e0ccfe1d	kerberos/kafka/server.properties
bkimminich/apache-kafka-book-examples	fcdc8872292ef22d1bfb3869e3a442f18c8eebf0	config/server.properties
ntent/kafka4net	a2c96aa987ddf3aa73446b02bfc0c1635a1a09b2	vagrant/server.properties
Dabz/kafka-security-playbook	24ee035b30cc38a4a4f00012013b0885e0ccfe1d	secure-jmx/kafka/server.properties
Dabz/kafka-security-playbook	24ee035b30cc38a4a4f00012013b0885e0ccfe1d	ldap/kafka/server.properties
bythebay/pipeline	3167f0ece43751d959c2188d80d94e9b607e31a8	config/kafka/server.properties
bkimminich/apache-kafka-book-examples	fcdc8872292ef22d1bfb3869e3a442f18c8eebf0	config/server-2.properties
bkimminich/apache-kafka-book-examples	fcdc8872292ef22d1bfb3869e3a442f18c8eebf0	config/server-1.properties
aglahe/vagrant-memex	a7a882fe49b98b62289fdf8dc2e06c7642f8aa01	kafka/server.properties
saltstack-formulas/kafka-formula	81476ad088f78030f028c4a600e670dbac91dd31	kafka/files/server.properties
onlybooks/kafka	0034acbd35dd1f5e59c7f80c96c8bb5aaf901805	chapter2/server.properties
ccri/cloud-local	c972ecd86ebd0e283b98fc02f967a2cedcfd6649	templates/kafka/server.properties
supermy/flume-kafka-storm	61bab4639e5763f257918b7058c6b68f9fdc2d62	kafka-config/consumer.properties
OpenSOC/opensoc-vagrant	2e46b312fb851d78c02f61c55f23d898a2417482	resources/kafka/server.properties
mustafaakin/big-data-docker	b40031bc398bbc072ef701a336ae193d5acc555e	kafka/server.properties
apache/samza-beam-examples	89eaad605e82cf50edc1f0ad352b6e17af9421ca	src/main/config/yarn.properties
HernanRivasAcosta/kafkerl	f1ccd82f3e0bfa4279b5ebc75581595be0d700e5	bin/server2.properties
HernanRivasAcosta/kafkerl	f1ccd82f3e0bfa4279b5ebc75581595be0d700e5	bin/server0.properties
HernanRivasAcosta/kafkerl	f1ccd82f3e0bfa4279b5ebc75581595be0d700e5	bin/server1.properties
supermy/flume-kafka-storm	61bab4639e5763f257918b7058c6b68f9fdc2d62	kafka-config/server.properties
dataplumber/nexus	f25a89e85eba098da9c6db1ff3d408dae8a6b310	docker/kafka/kafka.properties
CogStack/CogStack-NiFi	ccb9df75b5b7dabc907f735c1bc54bf8d7b9e19f	nifi/conf/nifi.properties
vinclv/data-engineering-minds-kafka	952f92184099fc4f65e2e1018c1a7b3d6c4adeaa	config/ssl/server-1.properties
vinclv/data-engineering-minds-kafka	952f92184099fc4f65e2e1018c1a7b3d6c4adeaa	config/ssl/server-0.properties
vinclv/data-engineering-minds-kafka	952f92184099fc4f65e2e1018c1a7b3d6c4adeaa	config/ssl/server-2.properties
renukaradhya/confluentplatform	388b772827778cfacc6aa74f53ac4fa3bcfd9c16	etc/kafka/consumer.properties
iamabug/BigDataParty	2ad752cee8de28091f0b86630bd8656cb17591c3	conf/kafka/server.properties
skyportal/kowalski	51d007819f2e1e74804a3745be28589c5c2c0818	server.properties
lucasmsp/docker-atlas	3b11dfe675e70a87140e2a402f269bff589552e7	hive/atlas-application.properties
spcl/kafkadirect	a55807cb96fcfee88284dbed92a81eb346306206	config/server.properties
ctripcorp/kbear	6e502feb2c8be1285cbfda2a8665bc7ceb8eaa4b	tools/kafka/deploy/server.properties
grumpy-docker/docker-kafka	a28893d49e66e6bbe1fa26ea71f9335adc61d50d	server.properties
chaordic/platform-dockerized	b3b27d8a43081e5986cc3b403f285df035c9145d	kafka/server.properties
Digsolab/kafka	5f14a69c2e5c21be9b1257e62040e89f400ac2d9	config/consumer.properties
rollulus/kafka-streams-plumber	3ff4c34d9571fe10c1a6ea75321408673fedf30c	examples/csv/example.properties
jun-zeng/ShadeWatcher	8abdfb41bd16df9b283e38b6832cda63dcb27c64	config/server.properties
rollulus/kafka-streams-plumber	3ff4c34d9571fe10c1a6ea75321408673fedf30c	examples/time/example.properties
rollulus/kafka-streams-plumber	3ff4c34d9571fe10c1a6ea75321408673fedf30c	examples/demo/example.properties
jeqo/post-kafka-opentracing	eb368ff3162ce79d6d9063df3e44af5e885be655	kafka/server.properties
0xqq/DRDCDeviceMonitor	632bb4474c22e3c7313908fe7216e88392220974	target/classes/dev.properties
graemej/k8s-kafka	a0acb44b664744713a2ac2b0a8b97a7891ee7bc7	config/server.properties
ijokarumawak/docker-compose-nifi-cluster	873d18c5f00a386d86083a930d1117f42528b727	nifi-node/nifi.properties
dempeZheng/share-analysis	fd005baee35ac1b3fe9c625eb5de979f3c8be42b	conf/analysis.properties
spcl/kafkadirect	a55807cb96fcfee88284dbed92a81eb346306206	RDMA-readme/rdma-broker.properties
yahoo/panoptes_docker	8a444a76247cd1cd0a8e802becef45a0dbb31347	resources/kafka/server.properties
Digsolab/kafka	5f14a69c2e5c21be9b1257e62040e89f400ac2d9	config/server.properties
renukaradhya/confluentplatform	388b772827778cfacc6aa74f53ac4fa3bcfd9c16	etc/kafka/server.properties
sascommunities/iot-esp-ha-using-kafka	e601a03c3bf017b53efd89593eb9fe06f51869d8	KafkaScripts/server1.properties
sascommunities/iot-esp-ha-using-kafka	e601a03c3bf017b53efd89593eb9fe06f51869d8	KafkaScripts/server2.properties
aglahe/vagrant-xdata	bd2ce988bd2917b185eb31f0180331195acbce8d	kafka/consumer.properties
Spark-clustering-notebook/coliseum	2e7789a0963ceb1eb3cc6bdaaf48f4df94e1e057	config/kafka/server.properties
codingforentrepreneurs/Coding-with-Kafka	f00b5c292cc68c9ce1c5269c330b4e2a04f49915	config/my-server.properties
holen/opensource	1227d187271f95a779482af288e64ec08f394a70	kafka/server.properties
big-town/ha-cluster	ccf7766a1506daff768d263fd4374700fb8a7ffe	kafka/pp_services_1/server.properties
holen/opensource	1227d187271f95a779482af288e64ec08f394a70	kafka/consumer.properties
solita/data-dev-hackathon	e34548a4fef457858d07bf17a7409348b7429c79	ansible/control-center.properties
lucasmsp/docker-atlas	3b11dfe675e70a87140e2a402f269bff589552e7	spark/atlas-application.properties
proteus-h2020/proteus-docker	3c8ace7850233c53ca22d60b0c3727cedb48b169	kafka/server.properties
MastodonC/docker-kafka	9b53f8b2fda27006a73a0c0fd889c85637a62f43	server.properties
iifawzi/nestjs-microservices-kafka	c94d0836995fd98e75717467a92bb05c97e78254	docker/kafka/kafka.properties
jigsaw-projects/jigsaw-payment	04e7e24f8ad046064ca5625d1bbac5331585d131	jigsaw-framework/jigsaw-rpc-example-server/src/main/resources/hello.server.properties
elodina/go-kafka	c4b8a4c5fe85a73d0c827b1e115f45faff6cfd5a	config/server.properties
microservices-patterns/ftgo-application	558dfc53b11d30a5f1d995c0c6d58d5106c28189	ftgo-order-history-service/src/main/resources/application.properties
learninghadoop2/book-examples	8f7fd2f9a30fe07852368f1aac7e19e98354f471	ch4/src/main/resources/textcleanup.properties
milinda/samza-sql	227b0d62635db0eb6c99271f52442b75289d207e	samza-sql-benchmarks/src/main/config/filter-sql-ec2-8-tasks.properties
aglahe/vagrant-xdata	bd2ce988bd2917b185eb31f0180331195acbce8d	kafka/server.properties
Ahaochan/project	68619903a57432aaf49655bca11affbaaca9788f	ahao-spring-boot-kafka/config/server.properties
SoftwareHeritage/kafka	2322e4842af3bbb0a6feacc116b3f9d34b61a3a0	config/consumer.properties
bythebay/spark-deep-learning	5838363e40b9442cfc2dc07f2cfc8f632f2448b5	config/kafka/server.properties
DataToKnowledge/dockerfile	965e7d9952f3ed99df81722b6fd476749930a6e5	kafka08/config/consumer.properties
kensuio-oss/NLP-LSTM-Spark	5838363e40b9442cfc2dc07f2cfc8f632f2448b5	config/kafka/server.properties
purbon/securing-kafka-playbook	842f1d033650eba20d312cea8e2eb2807ff372eb	kerberos/kafka/server.properties
albeRoss/kafkapipeline	850e879568527d599ef38a126c583a759f7b7212	resources/config.properties
slaclab/nalms	b2f8eb51957ace80674ad4763efc1dada36ce8d7	kafka/config/server_ssl.properties
moffett-lee/bitdata-hadoop	9bde448860c88ac107579d609504639889760635	conf/kafka/server.properties
eliaslevy/samza-hello-samza-jruby	91e65fee80a739276360bee6c7b5eeb41169616f	src/main/config/wikipedia-parser.properties
emma-studio/vagrant-zookeeper-cluster	ab7dc8a0c1425b6fc3d4da47592413bd3d42d820	resources/kafka/server22.properties
jhooda/kafka	3523ec397cdcf541c19006ebe983b38aae014408	config/consumer.properties
kaidix/test-compose	5c604637fa58bbd39cf3838e43b245ca0c901ec7	config/server.properties
fakeNetflix/uber-repo-uReplicator	ba0d817adbed13a284e871b2150efcdde83d3444	config/consumer.properties
lakshmi-kannan/kafka-sashafied	ac239da502c4de10f63b0b5d638c3d8b11711eae	config/consumer.properties
mthak/test_kafka	5ad9bd376951c0167038609a9afc4ef9e8329a39	config/consumer.properties
gridgentoo/uber-uReplicator	693dd091133684badc8d1f31add82a057ac46574	config/consumer.properties
jquanlee/flume_kafka_storm	61bab4639e5763f257918b7058c6b68f9fdc2d62	kafka-config/consumer.properties
cloudurable/kafka-training	34c97ed9cdc386423f9ce973ea095e09a466d2d7	java/lab6.3/solution/config/server-1.properties
minyk/nifi-sandbox	2fefd968cc9498e9d734f5018b3fb95f449503be	resources/nifi/nifi-1.5.0.properties
diofthecr3ed/EdgeDevices-Realtime-DataPipeline-Security-Orchestration-analytics-Processing	13ffafdee74cf83b0a96a7bd31f232872735d1ce	config/ssl/server-1.properties
diofthecr3ed/EdgeDevices-Realtime-DataPipeline-Security-Orchestration-analytics-Processing	13ffafdee74cf83b0a96a7bd31f232872735d1ce	config/ssl/server-0.properties
diofthecr3ed/EdgeDevices-Realtime-DataPipeline-Security-Orchestration-analytics-Processing	13ffafdee74cf83b0a96a7bd31f232872735d1ce	config/ssl/server-2.properties
ep-infosec/36_linkedin_kafka-monitor	b9ae8cd743dfadfafebc5c1cbdeff8e3ce04a008	config/xinfra-monitor.properties
ChristianTrolleMikkelsen/vagrant_kafka	f04cb0dd4b99fe2c256a49a478f141fdeee2a2bf	kafka1.properties
purbon/kafka-connect-playbook	c62ae799c7d5ed840f37fd92d96a93fc0628ad33	replicator/kafka/server.properties
lakshmi-kannan/kafka-sashafied	ac239da502c4de10f63b0b5d638c3d8b11711eae	config/server.properties
cloudurable/kafka-training	34c97ed9cdc386423f9ce973ea095e09a466d2d7	java/lab5.5/solution/config/server-0.properties
DaigangLi/godts	9369addda2b757f2adc4eb391339934be5e86f3e	config/server.properties
gridgentoo/uber-uReplicator	693dd091133684badc8d1f31add82a057ac46574	example/example-consumer.properties
gqcn/dockerfiles	cb8e459f82db6d09d243bc4de431201cf7b5a08c	kafka/0.11/server.properties
fenago/kafka-training	25cd7ecfaa770376e9243e1f9f3c3ad973080a9f	labs/lab5.5/solution/config/server-2.properties
jquanlee/flume_kafka_storm	61bab4639e5763f257918b7058c6b68f9fdc2d62	kafka-config/server.properties
RaghavendraBetageri/kafka-learning-lab	0217fa4f43f7e85099c6b67a18baff1bca18b74b	config/server-1.properties
haniumbyjin/Pixel	84cec7996e7b93c5d3be79aa7b8f58d02e27f25b	kafka_2.12-2.2.0/config/server.properties
gridgentoo/uber-uReplicator	693dd091133684badc8d1f31add82a057ac46574	bin/server2.properties
gridgentoo/uber-uReplicator	693dd091133684badc8d1f31add82a057ac46574	bin/server1.properties
gridgentoo/uber-uReplicator	693dd091133684badc8d1f31add82a057ac46574	devenv/server2.properties
gridgentoo/uber-uReplicator	693dd091133684badc8d1f31add82a057ac46574	devenv/server1.properties
ShangBaiShuYao/flink-learning-from-zhisheng	41c914c49e3ea9a81d902f19d08a4027a5dbbb58	flink-learning-from-zhisheng-sinks/target/classes/application.properties
elmaadsimo/DataGovInfrastructure	0ebb1ed8043242808c87ea20c461b5534f2998bd	hive/atlas-application.properties
DPeshkoff/Kafka-OPCUA	110877c6ae34803f9171a33d51fcef02050d5485	03-kafka/kafka-config/server.properties
guanghuihuang88/sogou-user-log-analysis-system	5a818f304268414fc2611957c3b94776ad2c56bf	conf/Kafka/consumer.properties
weathership/signals	53a94ddc70a6debd2bb7de65a07d09ce74c9b2dc	config/atlas/atlas-application.properties
longdibo/ETL_ECommerce_Samza_Kafka	d62eec98dd64d55e1d1501e0ec9494858e005aa7	src/main/config/yarn.properties
jvaesteves/udacity_project_2	3a73084549a754dd45be89caa1209984ae7fd96e	config/kafka.properties
andypetrella/pipeline	3a9245819bf816426da0e3507271d8b655f6e3f9	config/kafka/server.properties
Jadameister/mercor-sre	47f96f5ec074cddd56c479b82ea325241ed51b68	all-in-one/kafka/server.properties
Tomer127/Kafka-Project	edc2b9ce5b7589115d1c6530e7e4c32847d5251d	config/server.properties
kafka-ops/terraform-provider-julieops	c15ed467320c6c6ae83a062d7e96587beb0c019a	docker/tls/kafka/server.properties
ijokarumawak/nifi-reverseproxy	e65ba12908a1214524d56bcd3bbae8f6c98e280e	nifi/cluster-plain-aws/nifi0/conf/nifi.properties
char1ks/kafka_example	8e624bbc551c221162e07ea3096d73fcfe47bed5	kafka.properties
Tomer127/Kafka-Project	edc2b9ce5b7589115d1c6530e7e4c32847d5251d	config/server-1.properties
Theodlz/ztfalert-delivery-sim	1e4767d01105a66b88fd2daef0fa02603da848c2	server.properties
agreatfool/dist-system-practice	4dd004b5c160b45a4f5b848f772d4a7f4d988b4d	experiment/kafka/conf/server0.properties
igorbogdanoski/olympiad-math-archive	01b8a73d4e1ac05ca972f031bde342454a315b3f	database/kafka-config/server1.properties
ijokarumawak/nifi-reverseproxy	e65ba12908a1214524d56bcd3bbae8f6c98e280e	nifi/standalone-secure-ldap/nifi0/conf/nifi.properties
zhouhuajian-course/kafka-source-code-analysis	fd66041b99210cc92b339fbaa6eeee0d131c1be5	kafka-3.6.1-src/config/server102.properties
soudia/forecast	f0b31cef0ebd05b3285bd808e6e01f0e2eaf177a	config/kafka/server.properties
Selenium39/coding-174	97bce1710956bbe963c693bd703884e940fd060b	services/comment-srv/src/main/resources/application.properties
anonymous6e6f6e61/nona-icdcs	83d7633c16bb696fa8f0a00f58c8f097fcddad0e	scripts/server.properties
ElifNidaKarakas/Turkcell_Microservices_Rentacar	0cf09b5125537057abf225a372e3d1ec9a5e7cbf	rental-service/src/main/resources/application.properties
Theog75/simple-openshift-kafka-cluster	f6c6bb7b0feb3af2dd483008589471f78970148e	containers/kafka/server.properties
fakeNetflix/pinterest-repo-singer	2eb9e14e7071fcac4c23b6fb2a6e38c4dd1eb7ef	tutorial/etc/kafka/server.properties
jeffreyhayford/helm-nifi	0d9d3b04579292731e9b357c89872073e71cb655	configs/nifi.properties
K-OpenNet/IOVisor-eDPFM	3e72585ab373c44a1db2217fdc4faf9a0c2237e5	kafka/kafka_2.12-2.4.0/config/server-1.properties
mduhan/confluent-windows-5.0.1	45154927455a6fe3afac491bdd3cbe1c9d245f62	etc/confluent-control-center/control-center-production.properties
FaberSober/awesome-docker-compose	df1b5ec712304d0eb44387e9515a6cc5fa88aea4	kafka/kafka-single/config/kafka/consumer.properties
Chloejay/streampipe	c294c456a9bc5588be02723ae6edb6b20cf36256	kafka/config/server-1.properties
sanit4u/compose_files	062c3a793b4a488db92bd118979da815feafb379	nifi/nifi/conf/nifi.properties
micklaw/poc-cdc-debezium	c94af922ee116c27e2a04e09b1996d52ec42bccb	connector-config/server.properties
dawgdevv/Real_time_reddit_analysis	39275fd61117b7f7cdf735b4c3d5eae387ed7d63	brokers/broker-2/server.properties
KPostOffice/kafka_quickstart	2fab89a18b0665c880ae1b7822cf802a7317ed2f	config/server-2.properties
g1wang/springboot-samples	817483332609c5387b387c05f2d01ed238045181	springboot-kafka/src/main/resources/application.properties
Samiimasmoudii/BigData-Speed-Processing-with-Spark-Streaming	a752697a078d407b9cd8c406cdaa090ae5e8ff90	kafka-producer/src/main/resources/kafka-producer.properties
NikolinaTomic/Apache-Kafka	3a6ca40670992c92886f3c8cdfe48e8ac6df9670	kafka-3.4.0-src/config/server.properties
HermanSkop/liquorice-api-gateway	08e7b268242c1a5991ee7b1b38b8ffb35fe69a4d	src/main/resources/application.properties
goro-7/docker	976b3d8623ab1ef76bef19bfc0a0eeddc47e3a2e	untitled folder/config/server.properties
Veiasai/kafka	40ce67612f1abb584ecd3f42194f8e3dba598e61	cruisecontrol.properties
2018an/test	13be951fd5c8247e17cc93d1f08c7849c00704d6	tx-manager-4.1.0/application.properties
zhou6679354/boyol-wms	f285ca09c6238722b56f732369a0db01166f7350	hadata-services/hadata-service-jztey/src/main/resources/application-dev.properties
JoaoPedroLott/apache_nifi_docker	79818a2473fe73bb2fef57acc8207155ccbcbb9b	nifi_interno/conf/nifi.properties
Kyfaiyya/apachekafka	47c52ea3cf302b9528166676dc2d7033ac60c14a	kafka-python-2.2.7/servers/0.10.1.1/resources/kafka.properties
jerinsam/kafka-learn-hands-on	f437b632f806f12df6ab3dd9fc7709b731edf061	install_and_config/3-install-kafka-on-windows/kafka/config/server0.properties
eseidinger/data-science-studies	7a22810be82e3ef6f717727b5f02c43f4b4fada0	data-engineer-streaming-nano/udacity-sf-crime/config/server.properties
Luleks/randombsIV	7a90c75f2dff04751d6b755fe7e11d32dd0df0fd	SPIOZ/conf/nifi.properties
Barr1x/Driver-Matching-Ad-Targeting-System	9eecd7721e08db0f4086f2d65dccc4b9f6c05e7b	driver-match/driver-match/src/main/config/driver-match.properties
Abhijeet2901/Library-KAFKA-SpringBoot-Project	f4df8be341602e3153e08448f23f40f39e0da41b	kafka_2.13-3.2.0/config/server-1.properties
panos-xyz/fabric-composer-files	75ec6eac9b4503651f5f2adf00fc3dc704e6f8d9	fabric-network-kafka-1.3/conf/kafka/server1.properties
ShangBaiShuYao/flink-learning-from-zhisheng	41c914c49e3ea9a81d902f19d08a4027a5dbbb58	flink-learning-from-zhisheng-connectors/flink-learning-connectors-es/flink-learning-connectors-es6/target/classes/application.properties
istr-uc/RAI4DeploymentTool	14fd9df722f94680dee7f0089682f3c241af93e9	RAI4DeploymentTool/src/main/resources/kafka/kafka-server.properties
MiguelEstebanG/tfm	2f1525e25c86e5d69ca9c7938a7b10cee93bfdf9	NiFi_distributed_config/node2/conf/nifi.properties
HaoDong96/ECE454_Distributed	f5c0a3d69da6114a01220bfaca81b13a174d35d7	assignment4/kafka_2.11-2.3.0/config/server.properties
dpkp/kafka-python	cd3f7938e1c119fa1e78c333778767606c2a802f	servers/0.10.2.2/resources/kafka.properties
zhisheng17/flink-learning	d731cee7618021be56d132cc925102ffff8d75e6	flink-learning-connectors/flink-learning-connectors-cassandra/src/main/resources/application.properties
ExpediaDotCom/haystack	863fc405c5f1cedd68452f6f27ab74f08fb0865a	deployment/terraform/packer/kafka/resources/server.properties
xiaokugua250/DataMingProject	4316107b214cfe871b13df0edf4f57bb068d5d8d	JavaCodeProject/src/main/resources/kafka-server.properties
renukaradhya/confluentplatform	388b772827778cfacc6aa74f53ac4fa3bcfd9c16	etc/kafka-rest/kafka-rest.properties
milinda/samza-sql	227b0d62635db0eb6c99271f52442b75289d207e	samza-sql-benchmarks/src/main/config/filter-native.properties
xmlking/ml-experiments	ce35b7b7e6fcaa9a48d1545c0dc5fd878e05bb1e	infrastructure/kafka/controlcenter.properties
kurlare/spark_streaming_demo	0b309fa0fc1ac47165da8603884523bf05897862	kafka/config/server.properties
yifzhang/storm-miclog	48626bc65c9985defa01d1aeae5ec5734cb4489d	target/classes/cloud.properties
OpenPOWER-BigData/HDP-kafka	87d4fc2721658a342854bb1ce3c366bcb3ac1219	config/server.properties
DataStories-UniPi/Trajectory-Synopses-Generator	566f3906d494756765fbd69465066465f3ec97a3	src/main/resources/maritime_config.properties
ijokarumawak/nifi-integration-tests	bce0b696fcf2279cbfa645281cfdb76de5c3c673	nifi-container/conf/nifi-ss.properties
xyangwang/stuart	460d736245b3c94f695ea4fee787ac255151d835	src/main/resources/cfg.properties
Joker-5/kafka-source-debug	6d8e9f71f6e2792e07dd29f7de34e44c1c3c4f04	config/server.properties
cloudurable/kafka-training	34c97ed9cdc386423f9ce973ea095e09a466d2d7	java/lab8.3/config/server-0.properties
liangguohun/dynamic-pvc	38724e7edc71b2c3aa6eb0ca84d4284f3f3ce6cc	elk/kafka/server.properties
minyk/spark-notebook-sandbox	2519388292e0f050b44769057c08058ba022509a	resources/kafka/server.properties
fenago/kafka-training	25cd7ecfaa770376e9243e1f9f3c3ad973080a9f	labs/lab6.6/config/server-1.properties
emma-studio/vagrant-zookeeper-cluster	ab7dc8a0c1425b6fc3d4da47592413bd3d42d820	resources/kafka/server23.properties
banzaicloud/docker-cruise-control	523f35d8344e51aa6fe874140d23f1db3c58ca2c	deploy/cruisecontrol/cruisecontrol.properties
tbartelmess/kafka-nio	02abe225ff9f6a19d37fe9753fb84534ee8025bc	servers/1.0.2/resources/kafka.properties
Max922991/zuzex	981a6ea0e67b697f4833476954e05765ee2adf62	server.properties
sakserv/hadoop-mini-clusters	787a02c728a1035c0742a22468a227616dc748d0	hadoop-mini-clusters-kdc/src/main/resources/default.properties
tbartelmess/kafka-nio	02abe225ff9f6a19d37fe9753fb84534ee8025bc	servers/0.11.0.0/resources/kafka.properties
CN-annotation-team/kafka3.3-chinese-annotated	e3f89542471919fbe80b1f4109eea0059f766fda	config/server.properties
bihaiyang/datalake-example	e77db2a5393ade31487bfe8a3a525125d7f0c329	embeddedkafka-server/src/main/resources/server.properties
project-sunbird/sunbird-lms-jobs	00e8452aed8bca40ccc8666405e615d015ba287d	samza/indexer/src/main/config/local.indexer.properties
markditsworth/SkillsInfo	d6e31143f4ce99b2ed98d4310942997f4f9e5137	kafka/server.properties
Montana/kafka_docker_images	8e8d7a83a110185e44a9fb4058551de12d0e4bc5	config/server.properties
isgasho/godts	08d5ac361bb7b3ae764365739665a900034bf784	config/server.properties
zqhxuyuan/tutorials	72740ec130a15331b0b2428b9750099c47073052	big/src/main/java/com/zqh/samza/wikipedia/wikipedia-feed.properties
SSCT-Lab/RediI	b71d1899f1f6416bd3c509e86a12d3189cc73377	dataset/Kafka/Redit-Kafka-12866/conf/server3/server.properties
mcagriaktas/kafka-lab	ed4cae1c6f8b3c410a8ee4b64080e239f7fb139d	kafka_migration_zk_to_kraft/configs/kafka/kafka1/step-2/broker.properties
tftc/trpc	91be87c1e11c9e65d51fc45f496506223b71efc4	examples/examples-spring-client/src/main/resources/application.properties
xushaomin/apple-auto	8e875d5f13943d994e11e0160960033d1e335b5f	apple-auto-storager/apple-auto-storager-location/src/main/assembly/conf/system.properties
WickLogic/dalian-bus-hotspot	d1b1bdef661ab1fb83caf11516d46087e313555e	config/kafka/server.properties
jesperancinha/bridges-surveillance-story	b5ced093d434022ad2ad0ee3627217d8d3d038d0	bl-central-server/kafka/server.properties
NicolasBachs/cabify-challenge	351245482859842bab837fa85916c4049f557b38	.kafka/.kafka.server.properties
ShangBaiShuYao/flink-learning-from-zhisheng	41c914c49e3ea9a81d902f19d08a4027a5dbbb58	flink-learning-from-zhisheng-sinks/src/main/resources/application.properties
renato2099/hello-samza-amq	ad8529a4f65a0dfa394f3ed336b5e1fb7b27edbf	src/main/config/wikipedia-parser.properties
wjchenge/JavaCourseCodes	4371c9ca5c2b6b8d04dacf405e181d3b0e804e1b	11mq/kafka-cluster-config/server9093.properties
espv/flink-plus-wrapper	d410581beabc4ce7f1de2f159059260235d17e73	kafka/config/server.properties
JacksonStark/go-kafka	1cf204f8fa18f4cf77a026b0d969a4d47362075e	config/server.3.properties
PacktPublishing/Apache-Kafka---Real-time-Stream-Processing-Master-Class	90c003f604eeb7318af132fb0e9c38648b78dbf6	Section 14/confluent/etc/kafka/server-1.properties
paulmicky1/Big-Data-Distributed-Process	679b6f6b8b05a33a4708fb4835f2d826e967ec73	config/kafka/server.properties
MikeThomsen/nifi-docker-compose	4c0b8f3eaf326b3ee686ad9986ea8d07525e58c0	src/main/resources/nifi_mongo/demo.nifi/nifi.properties
niichiro/final-exam	5029fd87f0191011ee1b448c8d4375607e215095	infra/kafka/config/mirrormaker.properties
altfatterz/learning-kafka	79ee90e69e58cbd9b4f9d5fb628282f7fecb6d17	config/server.properties
fighting-one-piece/microservice-integration	0fede237f04d508d9d382627fc7958781718140f	ms-config-server/src/main/resources/application-production.properties
aaronlevin/kafka-jq	da2923833d592fd202fb2925ce50910d0d16e498	scripts/server.properties
Platformatory/cp-sandbox	becbf5aba31b41fc01794f3c3164d4d0c31b2323	zookeeper3/server.properties
BruceOuyang/boy-springboot-mybatis-seed	7bda9a7215a123215ecfdeb1135599f898c8bdd1	springboot-seed/src/main/resources/application.properties
walgidio/chatHub	bce56ac56bb7d79fe22c66c0efb7f9ca2e88d730	chatHub/src/main/resources/application.properties
pawankkamboj/stuffs	5eade23050bd669c0d8736308141aebf4683152b	docker-image/kafka/server.properties
lonen8188/Microservices-patterns	1d9372f1f9b5ed150fb61447ac16ac0e10c131df	etc/kafka_2.13-2.7.0/config/server.properties
diofthecr3ed/EdgeDevices-Realtime-DataPipeline-Security-Orchestration-analytics-Processing	13ffafdee74cf83b0a96a7bd31f232872735d1ce	kafka_project/kafka_security/config/basic-kafka/server-0.properties
diofthecr3ed/EdgeDevices-Realtime-DataPipeline-Security-Orchestration-analytics-Processing	13ffafdee74cf83b0a96a7bd31f232872735d1ce	kafka_project/kafka_security/config/basic-kafka/server-2.properties
morpheyesh/atlas-janus-example	8703633882a59a0b6fc3516c339837d95afe6d67	src/main/resources/atlas-application.properties
aureliusenterprise/flink-ci	3296769038dc889614cfe22fd76f0d797ffc5a68	docker/atlas-config/files/conf/atlas-application.properties
rockdatio/ROCK-NOBLEPROG-NIFI-HDFS	0945cd55f4415c7437e72e0f88370e070c2a7b7f	Installation-nifi-cluster/data/tls/localhost/nifi.properties
marcosArruda/kafka-docker	bd1ca2fb1a5978febae4c4292fa36e3dbada964b	0.11.0.0/scripts/templates/full-server-config.properties
svilkata/SoftUni-works	d97d3d7e0ca8d331384601add8bd4cb800ecd443	01-JAVA/Threads aware/kafka-streams-javaland-main/01-kafka-intro/docs/server.properties
wxcsdhr/Cloud-Computing-Projects	b8d8754272250ae85e4feb43774f47192706d287	Stream Processing with Kafka and Samza/driver-match/src/main/config/driver-match.properties
yangle9567/bigdata	60d676f8cb0090056ab86fd16c6d8ba9584140c0	flink-learning-master/flink-learning-connectors/flink-learning-connectors-redis/src/main/resources/application.properties
MicroserviceWorkshop/TheWolf	7f23dd2ac01da7bcc38fe606672793ad1232fbdf	sales/src/main/resources/application.properties
shivakumar3456/SystemDesign	8386b5e4197eba2ae762b42c1617fa546561d0fd	UrlShortener/src/main/resources/application.properties
sknrao/iosmcn-oam	028638adcdc218fe3699b9272e6f392dd14f93cc	config/dmaap/MsgRtrApi.properties
sknrao/replacing-mr	1ac3b63910294bc479c9bd0d060273725972472d	config/dmaap/MsgRtrApi.properties
IkhsanZuhri/ftgo-application-master	207235589e8d6d654144c852a6e30777a92da55e	ftgo-order-history-service/src/main/resources/application.properties
deo23/ftgo-3A-Kelompok3	6e78e6ef656084bb66e3c72e06f96c84e9e249cc	ftgo-order-history-service/src/main/resources/application.properties
dio-rahman-putra/FTO-RG-PengembanganCloud	9cabd8d641746709ba82fa8e09206aee2667f880	ftgo-order-history-service/src/main/resources/application.properties
bisosad1501/ftgo-kubernetes_deploy	5e74299b6b4ce8e5f859c61e4c62debffefc2c57	ftgo-order-history-service/src/main/resources/application.properties
TrivadisPF/various-bigdata-prototypes	1bfa402e3e9049db51b97b299a88625ff3de0b74	streaming-sources/iot-truck-simulator/impl/iot-truck-simulator/src/main/resources/default.properties
FANKAO-PROJECTS/Development-Toolkit	3ebddd36141c25bf1331af20e7ac093d22a726c9	java/framework/sample/ftgo-application/ftgo-delivery-service/src/main/resources/application.properties
hyphenOs/oran-sc-installer	0594256cfef288fc333b56d29e0013c9f0247018	helm/charts/onap/dmaap/components/message-router/resources/config/dmaap/MsgRtrApi.properties
apache/atlas	0f8dca5223486e796df2811f219658fff61bc4fd	addons/hbase-bridge/src/test/resources/atlas-application.properties
securitycloud/samza	8dc8d79f090e66fbe354ad92a55a830f251761e9	src/main/config/samza_test_filter.properties
hvgdfx/fin	d2aafbc63898eb7e80d415f281fcda92ab4c2124	test/test_kafka_env/server1.properties
dhanushkasampath/zookeeper-demo	2adfe5d74d2e294aa5c7a589ad47bb4ee08dd04c	test-zookeeper-1/src/main/resources/application.properties
top-logic/tl-engine	e4cb23cc5ae31b1106b72daaf52ddcf04b626982	test.com.top_logic.kafka/src/test/webapp/WEB-INF/conf/kafka/server.properties
cmgrote/atlas-metastore	d8b196fac1fb35ccffee90b9f0ce0af6f53e4cf2	intg/src/test/resources/atlas-application.properties
AaronZhouYu/atlas-atlan	212beac81a9a622fd5a6149f932bc3e06596bd63	intg/src/test/resources/atlas-application.properties
hdgokani/atlan_metastore	90b0df35dfd0bcefed2adcb25c5d87761af1e635	intg/src/test/resources/atlas-application.properties
ep-infosec/33_apache_atlas	190d86feae96816228fde0159270d09bb3dade42	intg/src/test/resources/atlas-application.properties
zhou6679354/boyol-wms	f285ca09c6238722b56f732369a0db01166f7350	hadata-services/hadata-service-jztey/src/main/resources/application-test.properties
DEVHCS99/apache-atlas	74ae202b94c800ee8043cbdb41fa071cd94bbe9b	addons/hbase-bridge/src/test/resources/atlas-application.properties
leviskim17/cryptocurrency	461177e8666ca919c4b30b2726ab4bc39f391741	Tweeter Scrapy/kafka-0.9.0.0-src/tests/kafkatest/services/templates/consumer.properties
Sandeep8800/cdac-nifi	2066e11136eaee46ddf3335a0fe9def9d5701582	nifi-framework-bundle/nifi-framework/nifi-nar-utils/src/test/resources/nifi.properties
Scaling-Smart/nifi	2f16ea7c37439785b355c61d938f21b76c378e3e	nifi-framework-bundle/nifi-framework/nifi-nar-utils/src/test/resources/nifi.properties
ezbake/ezbake-common-python	fc82fb71852750cc2cfcbd7af0cb6843fad13b89	support/django/tests/ezbake-config.properties
bopopescu/learn	d25b1608976049b8ef119e632d47cc012bfb1d63	kafka-0.8.2.2-src/system_test/offset_management_testsuite/testcase_7002/config/kafka_server_3.properties
CodeTheWorld/kafka_0.9.0.0	191e8b2348542099174315f2c5c134985df40b70	tests/kafkatest/services/kafka/templates/kafka.properties
lolismek/opus4.6-task	003b46e71eefbb33f677857be5474f631c104a55	tasks/kafka-deadlock/derby5560-nograph/kafka/tests/kafkatest/services/kafka/templates/kafka.properties
burakyetistiren/Subject_Prog_CodeQL_Taint	fc0112c0e92c03b9f6e95522dcfc745ace995d15	src/main/java/network/dubbo-config/dubbo-config-spring/src/test/resources/META-INF/service-introspection/zookeeper-dubbb-consumer.properties
tizenrt/tizen_rt	4ced9d1a6a36914cef907d260eb2a59f2911a68e	external/iotivity/iotivity_1.2-rel/cloud/messagequeue/server.properties
roscopecoltran/sniperkit-services	77b7323c3a1bb880e7cdd3181cf36e5ebe0e6394	external/dockerfiles/baboune/images/er-kafka/config/server.properties
sandartchip/ARTIK_mqtt_TLS	833cd6d5f918d74c4432fdc9478c60462e363a2d	external/iotivity/iotivity_1.2-rel/cloud/messagequeue/server.properties
shan-hu/TizenRT_2018	d680669d19f440ad579ad47c9400523dcc16ea89	external/iotivity/iotivity_1.2-rel/cloud/messagequeue/server.properties
ch1nh5/tizen_rt	2494416285c15c8b5bbc30aafef33d50e33ed320	external/iotivity/iotivity_1.2-rel/cloud/messagequeue/server.properties
gridgentoo/Kernel_TizenRT_Samsung	90a87c22c1fa2850745047ee970307d6f0f8d5d6	external/iotivity/iotivity_1.2-rel/cloud/messagequeue/server.properties
Gen-XR/TheiaEngine	8f5299c1896402011279f2855953328552659d82	theiaengine/apollo/kafka_config.properties
ctripcorp/kbear	6e502feb2c8be1285cbfda2a8665bc7ceb8eaa4b	tools/kafka/upgrade/server.properties
o-ran-sc/nonrtric-plt-ranpm	8f274a3167638dd72326963fed5f8d0b7f2c4eac	docker-proj/config/kafka/strimzi.properties
fusioninsight/fusioninsight_hd_examples	1e927a479a01b93ab1ddb6748aedd30108fc935b	components/kafka/kafka-example-maven-security/resource/conf/server.properties
LGouellec/kafka-dotnet-ssl	ab1d3f6f4ac95c9fae7aa982263b9330ee4be44b	samples/broker-configuration/server.properties
fusioninsight/fusioninsight_hd_examples	1e927a479a01b93ab1ddb6748aedd30108fc935b	solutions/interactiveQuery/InteractiveQueryJavaSparkSQL/src/main/resources/server.properties
sknrao/ves-fileready	971b30cf1664a7ad9ddce42aa5f1713a4feebf2b	kafka/strimzi.properties
AjayAlluri/realtime-fraud-detection	62748580e331e442956a68226255efda88315f24	config/kafka/server.properties
murumkar/kafka-sasl-ims-handler	26bb40b7f76c2cbb1bbf99174f6fff083eff9b11	src/main/resources/server.properties
qnib/plain-kafka	f1356a9dda0fa45fe1d201c41d0e4e97cd3a8cab	opt/qnib/kafka/conf/server.properties
ITA-TECNOLOGIA/F4W_LOGGER	05e8243614bfe30cc950220d3fc910ef6f0117e9	KAFKA/server.properties
sknrao/iosmcn-oam	028638adcdc218fe3699b9272e6f392dd14f93cc	config/kafka/strimzi.properties
szyhf/DIDockerfiles	a734fc4472b99a19c956ba473f7b39e29752d542	kafka/bak/server.properties
mszoernyi/chef-old	eacf662e2f9cda53000b5b85f5698b888b309cbb	cookbooks/kafka/templates/default/server.properties
golangdorset/events-introduction	df4a624ef2eccf612b2fdc60daa7eab0037f83ca	events/resources/kafka/config/docker-compose-server.properties
thuvh/monasca-api	991895f4282ed6762f2a7aee259c0f39d8815dd2	devstack/files/kafka/server.properties
YakubOzten/Spring-Examples	b4d4ec47b60f48b630cfc34f84885068cb1c428c	spring-boot-kafka/src/main/resources/application.properties
kanio1/droid-spring	a28a9ec22967013d463d5884e69f8f2ecff2c596	dev/kafka/kafka-3.properties
kanio1/droid-spring	a28a9ec22967013d463d5884e69f8f2ecff2c596	dev/kafka/kafka-2.properties
hongdosung/kafka_git	b86d992c6915749d46f7d59cf26570935fe3bf20	server.properties
edward2a/kafka-cluster-node	a533c2b2be29fc572533b9dce0cd328af9330fe4	config/broker.properties
kanio1/droid-spring	a28a9ec22967013d463d5884e69f8f2ecff2c596	dev/kafka/kafka-1.properties
edward2a/kafka-secure-cluster-lab	f0704b8b10b21118b8ed091fcf86c8b391811b13	config/kafka/server.properties
purbon/deployment-cp-playbook	0fc1cc822e2de9c09c640abd6e74b1f4c6f72836	confluent-for-kubernetes/production-rbac/props/kafka.properties
edward2a/docker-kafka	a699946e6527b728d7eaa92ac983375567a87b39	config/server-cluster_node.properties
marcosArruda/kafka-docker	bd1ca2fb1a5978febae4c4292fa36e3dbada964b	0.10.2.1/scripts/templates/full-server-config.properties
x-house/fusioninsight_hd_examples	f9319ac1169890df29346033d2429229bcaaf5fb	components/kafka/kafka-example-maven-security/resource/conf/server.properties
x-house/fusioninsight_hd_examples	f9319ac1169890df29346033d2429229bcaaf5fb	solutions/interactiveQuery/InteractiveQueryJavaSparkSQL/src/main/resources/server.properties
sknrao/replacing-mr	1ac3b63910294bc479c9bd0d060273725972472d	config/kafka/strimzi.properties
opensource4you/clip	0be9bb50fdf69c90129f0387e9eb435d036edc97	kafka/broker_in_migration.properties
mcagriaktas/kafka-lab	ed4cae1c6f8b3c410a8ee4b64080e239f7fb139d	kafka_migration_zk_to_kraft/configs/kafka/kafka3/step-2/broker.properties
mcagriaktas/kafka-lab	ed4cae1c6f8b3c410a8ee4b64080e239f7fb139d	kafka_migration_zk_to_kraft/configs/kafka/kafka1/step-3/broker.properties
mcagriaktas/kafka-lab	ed4cae1c6f8b3c410a8ee4b64080e239f7fb139d	kafka_migration_zk_to_kraft/configs/kafka/kafka2/step-2/broker.properties
mcagriaktas/kafka-lab	ed4cae1c6f8b3c410a8ee4b64080e239f7fb139d	kafka_migration_zk_to_kraft/configs/kafka/kafka2/step-3/broker.properties
mcagriaktas/kafka-lab	ed4cae1c6f8b3c410a8ee4b64080e239f7fb139d	kafka_migration_zk_to_kraft/configs/kafka/kafka3/step-3/broker.properties
Kalaganov-Konstantin/eventflow-commerce	16813bc97f78b0e1f0445cf085d7e81fc7c48e42	infrastructure/kafka/server.properties
1123/kraft-migration-test	d0badd4d294e898188dbc85cda4c5e792d21f97d	k3.properties
1123/kraft-migration-test	d0badd4d294e898188dbc85cda4c5e792d21f97d	c3.properties
1123/kraft-migration-test	d0badd4d294e898188dbc85cda4c5e792d21f97d	c2.properties
1123/kraft-migration-test	d0badd4d294e898188dbc85cda4c5e792d21f97d	k2.properties
1123/kraft-migration-test	d0badd4d294e898188dbc85cda4c5e792d21f97d	c1.properties
1123/kraft-migration-test	d0badd4d294e898188dbc85cda4c5e792d21f97d	k1.properties
mcagriaktas/kafka_with_flink_sql_streaming_project	7f13f1f05577e3bb8b7825178077a2a8808322ac	config/kafka/kafka1/server.properties
mcagriaktas/kafka_with_flink_sql_streaming_project	7f13f1f05577e3bb8b7825178077a2a8808322ac	config/kafka/kafka2/server.properties
mcagriaktas/kafka_with_flink_sql_streaming_project	7f13f1f05577e3bb8b7825178077a2a8808322ac	config/kafka/kafka3/server.properties
Saliha067/kafka-lab	5e0c1cd95a848e22424a2733a8c2d9e2bd397250	kafka3.9.0/config/server.properties
Saliha067/kafka-lab	5e0c1cd95a848e22424a2733a8c2d9e2bd397250	kafka3.7.0/config/server-370.properties
Saliha067/kafka-lab	5e0c1cd95a848e22424a2733a8c2d9e2bd397250	kafka3.7.0/config/server-390.properties
Saliha067/kafka-lab	5e0c1cd95a848e22424a2733a8c2d9e2bd397250	kafka3.7.0/config/server-390-final.properties
jogrodnik/kafka	3e3600c5430bbde4ee3b71b9d49a3df74205283f	kafka-notes/server.properties
bmscomp/devoxx	19f55a6d265dbdafd9e08af75d38bd443c123f71	2026/demos/migration/config/phase0/broker3.properties
bmscomp/devoxx	19f55a6d265dbdafd9e08af75d38bd443c123f71	2026/demos/migration/config/phase0/broker1.properties
bmscomp/devoxx	19f55a6d265dbdafd9e08af75d38bd443c123f71	2026/demos/migration/config/phase2/broker1.properties
bmscomp/devoxx	19f55a6d265dbdafd9e08af75d38bd443c123f71	2026/demos/migration/config/phase2/broker2.properties
bmscomp/devoxx	19f55a6d265dbdafd9e08af75d38bd443c123f71	2026/demos/migration/config/phase0/broker2.properties
bmscomp/devoxx	19f55a6d265dbdafd9e08af75d38bd443c123f71	2026/demos/migration/config/phase1/broker3.properties
ricardopalazzio/bigtrashstack	a1e9d8535aa62b10b5c20760b5b52c19661b80e7	config/kafka/kafka1/server.properties
ricardopalazzio/bigtrashstack	a1e9d8535aa62b10b5c20760b5b52c19661b80e7	config/kafka/kafka2/server.properties
ricardopalazzio/bigtrashstack	a1e9d8535aa62b10b5c20760b5b52c19661b80e7	config/kafka/kafka3/server.properties
SeshagiriSriram/apache-kafka	78448c239ccc783d31e1c437a7ebcd062ba14ece	kafka-labs/kafka_debezium/config/kafka1/server.properties
SeshagiriSriram/apache-kafka	78448c239ccc783d31e1c437a7ebcd062ba14ece	kafka-labs/kafka_debezium/config/kafka2/server.properties
SeshagiriSriram/apache-kafka	78448c239ccc783d31e1c437a7ebcd062ba14ece	kafka-labs/kafka_debezium/config/kafka3/server.properties
SeshagiriSriram/apache-kafka	78448c239ccc783d31e1c437a7ebcd062ba14ece	kafka-labs/kafka_julie_ops/kafka_migration_ZK_to_KRaft_3_Broker/kafka3/step-2/broker.properties
SeshagiriSriram/apache-kafka	78448c239ccc783d31e1c437a7ebcd062ba14ece	kafka-labs/kafka_julie_ops/kafka_migration_ZK_to_KRaft_3_Broker/kafka2/step-3/broker.properties
SeshagiriSriram/apache-kafka	78448c239ccc783d31e1c437a7ebcd062ba14ece	kafka-labs/kafka_julie_ops/kafka_migration_ZK_to_KRaft_3_Broker/kafka1/step-3/broker.properties
framiere/kafka-linter-maven-plugin	1b224d0557221b8c469006300121411ae3851c86	src/it/streams-properties-task-timeout-ms-absent-bad/src/main/resources/streams.properties
travisjeffery/jocko	15b2579397035e5b41f87bb7a8828eff921a9d86	jocko/structs/topic_config.go
DataDog/documentation	addf4da61d46163382f2048231d821ff34bbe493	hugo/layouts/shortcodes/data_streams/monitoring-kafka-pipelines.md
grafana/jsonnet-libs	74c55e5f503a1f84eb939f7c421e366d04f25961	kafka-observ-lib/signals/conversion.libsonnet
JThink/SkyEye	da8e3dd2717b15af8b01492ad87d3764a2043def	README.md
DataDog/kafka-kit	e8eb36fb0312c0314905797da296cf63ad37eafc	kafkaadmin/brokers.go
apachecn/kafka-doc-zh	3e695627ffb75dfe2748eeb04147cfb0432aa20f	docs/1.md
apache/kafka-site	d0cc96bde945ce6c40ce183b0a140d14fe90fbdc	content/en/0101/getting-started/upgrade.md
samsara/samsara	238d050b392e5d99286d9e8aa7429437f17cc2ca	docker-images/kafka/configure-and-start.sh
ches/docker-kafka	b705b6e0b7e2e9102e3139695d4550015d374a93	CHANGELOG.md
monogon/NetMeta	b93a56d13f7333d5368f950f96faa7488f1719f2	deploy/single-node/k8s/kafka/kafka.cue
arcus-smart-home/arcusplatform	3140c0ef936723e4b50324fb35f0668532c39d0b	khakis/arcus-kafka/kafka-cmd
apache/kafka-site	d0cc96bde945ce6c40ce183b0a140d14fe90fbdc	content/en/0102/getting-started/upgrade.md
apache/kafka-site	d0cc96bde945ce6c40ce183b0a140d14fe90fbdc	content/en/0100/getting-started/upgrade.md
voxpupuli/puppet-kafka	25e51c4bf06a3c2b196827e47dbb237ad135e99c	CHANGELOG.md
strimzi/strimzi.github.io	f8bc67dde7b95feddf73893389038ec33a9d11d7	_posts/2021-07-05-upgrade-improvements.md
yeasy/docker-compose-files	e42f769e8d04f73c9867c8abb5835dc13ed83ead	hyperledger_fabric/v1.4.0/kafka/logs/dev_all.log
apache/kafka-site	d0cc96bde945ce6c40ce183b0a140d14fe90fbdc	content/en/0110/getting-started/upgrade.md
apache/kafka-site	d0cc96bde945ce6c40ce183b0a140d14fe90fbdc	content/en/11/getting-started/upgrade.md
apache/kafka-site	d0cc96bde945ce6c40ce183b0a140d14fe90fbdc	content/en/10/getting-started/upgrade.md
onlybooks/kafka2	6aeabf38dc3bceb95786a23df67f026926fe555a	chapter8/예제/예제 8-1
ches/docker-kafka	b705b6e0b7e2e9102e3139695d4550015d374a93	README.md
jaceklaskowski/kafka-notebook	e799195e0f5b237401dc524961bc2488dd9964a8	kafka-log-LogConfig.adoc
SystemCraftsman/strimzi-kafka-cli	17275727c8b86721a8e1e3669e7d77767779a499	examples/4_configuration/readme.md
ctripcorp/kbear	6e502feb2c8be1285cbfda2a8665bc7ceb8eaa4b	README.md
BeanMr/apache-kafka-documentation-cn	8d855de4801e730a20ab77fbbbe65a10709cf9c0	010_getting_started/20_upgrade.md
sleighzy/ansible-kafka	f71af33a5103067f841f850b04127cd9d1815f58	README.md
dmarrazzo/rh-bpm-notes	740062a255be23c29e608ca5d6ead8f03e20b180	hacep.md
pinpoint-apm/pinpoint-c-agent	b64905ff74a578c69722868ff622d781e8c2b5fb	testapps/java_call_app/conf/pinpoint.config
strimzi/proposals	1f6462d723053da5f352e822022fdc3e01b6df79	053-record-reconciled-versions.md
jaceklaskowski/kafka-notebook	e799195e0f5b237401dc524961bc2488dd9964a8	kafka-server-KafkaConfig.adoc
ches/docker-kafka	b705b6e0b7e2e9102e3139695d4550015d374a93	config/server.properties.template
strimzi/proposals	1f6462d723053da5f352e822022fdc3e01b6df79	061-kraft-upgrades-and-downgrades.md
BeanMr/apache-kafka-documentation-cn	8d855de4801e730a20ab77fbbbe65a10709cf9c0	010_getting_started/20_upgrade_cn.md
mozilla/version-control-tools	5051806cb25cbe5fa4dd0e32bbf7c57a1b453993	docs/hgmo/replication.rst
samsara/samsara	238d050b392e5d99286d9e8aa7429437f17cc2ca	docker-images/kafka/server.properties.tmpl
scholzj/kafka-enablement-2020	e47020e521119cff42e7e3696e7952b58651d6f7	ocp-upgrade/README.md
matzew/kn-box	ff7954fae897fd85be4bcf193aaad8f2870236ea	03-strimzi-single.sh
Nextdoor/k8s-charts	56342f192eca9883b476b151b3007015d9bc5f38	charts/local-kafka/README.md
ctripcorp/kbear	6e502feb2c8be1285cbfda2a8665bc7ceb8eaa4b	doc/2.0-upgrade-and-multi-cluster.md
drakery3d/fullbazel	331e0889582800db40284a7b7959db71abe83311	infrastructure/modules/kafka/main.tf
strimzi/strimzi.github.io	f8bc67dde7b95feddf73893389038ec33a9d11d7	_posts/2024-03-22-strimzi-kraft-migration.md
miraheze/puppet	f7d52cb91b06b33ed3603309ef9673a51bafd0b0	modules/kafka/CHANGELOG.md
strimzi/strimzi.github.io	f8bc67dde7b95feddf73893389038ec33a9d11d7	_posts/2019-03-01-resizing-persistent-volumes.md
strimzi/strimzi.github.io	f8bc67dde7b95feddf73893389038ec33a9d11d7	_posts/2019-08-08-hacking-for-cruise-control.md
cloudera-labs/toolkits	fd43aa1bd8137d8ece835ee720096731a82afeca	upgrade-toolkit/Rollback Playbook/readMe.md
BeanMr/apache-kafka-documentation-cn	8d855de4801e730a20ab77fbbbe65a10709cf9c0	030_configuration/01_configuration.md
RedHatWorkshops/knative-on-ocp4	f6351106d27bd8b5a3b50bc5384c589f889f66af	1.InstallKnativeAndTekton.md
BeanMr/apache-kafka-documentation-cn	8d855de4801e730a20ab77fbbbe65a10709cf9c0	030_configuration/01_configuration_cn.md
spcl/kafkadirect	a55807cb96fcfee88284dbed92a81eb346306206	docs/upgrade.html
apecloud/kubeblocks-addons	413f0af7c7938dd5bb56acbf13fcfab27f80c8f3	addons/kafka/configs/kafka-server.prop.tpl
burrsutter/scripts-knative	9fef3068dfd80b527370a73dc9516ada466bb7da	eventing-demo/readme.adoc
matzew/kn-box	ff7954fae897fd85be4bcf193aaad8f2870236ea	03-strimzi-auth.sh
quattor/template-library-core	d6825c6375b24210379556f4ec369e18e61bc431	metaconfig/kafka/schema.pan
strimzi/strimzi.github.io	f8bc67dde7b95feddf73893389038ec33a9d11d7	_posts/2019-10-08-strimzi-apache-kafka-and-tracing.md
AshokKumarChoppadandi/dev-environments	ad3100d0a06f4067fb675c0db0b7767e10812d16	Rough/KafkaUpgrade.txt
metral/cncf-gke-pulumi	13f8d57250bb138552aa0f3fca383583e0821384	streaming.ts
freepsw/kafka-monitoring	88349afdd0b21d160e97af40aa12376bc0b4a972	kafka_conf_default.md
cvicens/state-machine-assistant	facfb6a23d7b9f78f8e7ef00270a579e2275ac10	01-deploy-kafka.sh
strimzi/strimzi.github.io	f8bc67dde7b95feddf73893389038ec33a9d11d7	docs/operators/0.27.1/deploying-book.html
HNov/SkyEye	1d0673ffa280dd6a89e7c0c0e66f338ab7be57ad	README.md
abhirockzz/kafka-kubernetes-strimzi	de258f68db8415d8d33db9bcedf1c17df42aa51a	part-2/kafka.yaml
nomad2569/kafka-book-ansible	59fbd2a841f633baf329523e618e71e39aacc08c	chapter8/예제/예제 8-1
burrsutter/knative-kafka	44e0ace2cf9608bee6e3d480b5364af2a7ef75d6	my-cluster-strimzi.yaml
saba-pm/obsidian	9fb86c784c327461537bb33e9e633c4877cad7e4	Notes/kafka/example.md
keunlee/amq-streams-broker-authorization-sample	ba1ea7a5f37a76517d41b6871a61a1f78b0cc15d	ocp/bootstrap/roles/ocp4-install-rh-amqstreams/templates/kafka.yaml.j2
chobostar/education_and_training	12beb668fedb28644184f9c09ba284e2863996ba	slurm/kafka/README.md
atarazana/eda-workshop	5608cb45d4a3cf44bc16835bdb32c8cdf9b08b62	04-kafka/kafka/event-bus-kafka.yml
k8s-space/k8s-springboot-kafka-microservice	6be95e2aaedf5ac6bbc12e61ba8c637a8a8d87a5	order-service/less
jonpspri/s390x-docker-builds	947e332a41e6d6a3a16aca61300f7757a31f0e06	chas-kafka/CHANGELOG.md
DataCater/helm-charts	c675e9fb8bbdd55908000cbcce927a239eb1e972	gcp/templates/kafka/kafka.yaml
alauda/knowledge	d7ca8c292efc26e71a6f4782ccc34f8cb2156406	docs/en/solutions/ecosystem/kafka/Kafka_Best_Practices.md
ivanursul/kafka-microservices	36b7995c4e520600cda7d3a8fef174609dfa28e6	kafka/logs/server.log.2017-04-11-23
szyhf/DIDockerfiles	a734fc4472b99a19c956ba473f7b39e29752d542	kafka/config/server.properties.template
DanielPilant/H_W_5	fec5b558c08fbb57aeae2b982207436fc2e3e973	console.kafka.txt
iBaiYang/blog	e25d47d119bb981b389467d5105acfedb2c957bd	_posts/Linux/2021-08-25-CentOS7.6 搭建ELK.md
lbradstreet/kafka-sim	c130b7382c223096bba34484138c0ae761dbd1dd	docs/getting-started/upgrade.md
openshift/openshift-azure	b732871405040d046913ab9bf4d3a4b2a3faf328	pkg/sync/v22/data/Template.template.openshift.io/openshift/strimzi-persistent.yaml
openshift/openshift-azure	b732871405040d046913ab9bf4d3a4b2a3faf328	pkg/sync/v20/data/Template.template.openshift.io/openshift/strimzi-persistent.yaml
hvishwanath/kafka-site-md	f96a72f94b6ff84fbf0f58c5922ced0d37594275	content/en/24/getting-started/upgrade.md
phuctu1901/create-fabric-on-swarm	de4e081b60cbd802e79638e76373e8bdf3fccea4	kafka-eror.logs
sbecker11/kafka-streaming-pipeline	599d567fe28e87f4d56f214508b42a22d5e90500	docs/kafka-log
redhat-france-sa/rhforum-2019-quotegame	b7796c4f916fbf4a6c37440e9c9dbd7e3d83ce33	openshift/00-kafka.yaml
clemlabprojects/ambari	8796dc36343c6f2c07eee5c395174fc0aa5cb5ca	ambari-server/src/main/resources/stacks/HDP/2.4/upgrades/config-upgrade.xml
daeunohh/KAFKA-19775	f060656c9ddf05042399de4dfa745b89c03143d3	docs/upgrade.html
alejan/lambda	1acbb37a925cc7133552b31065ff03aba4c6e0ba	0.10.2.0/libexec/logs/server.log.2017-03-24-06
CK-ghub/Realtime-Bitcoin-Streaming-Application	3c643ec72792e720f231f56f8ad3e1ae892860fe	kafka/logs/server.log
PINetDalhousie/mission-critical-messaging-platforms	1b3c258f4223c8cad32cee0a076f1244c77f095f	logs/kafka/scenario-30/kraft/server-h7.log
bighong0404/bighong0404.github.io	7f6ab2024f73bec08684ed9e21d466d5a73d04ad	article/中间件/Kafka/Kakfa核心原理 - 掘金.md
dyrnq/kyuubi-config	5d75d574d5541f89730298fd784eb270d4675881	kafka/38/kafka-config.conf
shabaldina/Spark-and-Kafka-in-K8S	16fd4b821889bd27e9eec18cb084e852a8dda0e8	kafka_config/kafka-cluster-def.yml
ArragonElessar/DSTN_Project	abe7b57b78c631cf05ab86579d821df6178cb93a	logs/server.log
hnbian/hnbian.github.io	5fbb5d2ad69a6910e2d476a399c4158b3988695d	posts/e88a2dd5.html
hvishwanath/kafka-site-md	f96a72f94b6ff84fbf0f58c5922ced0d37594275	static/10/generated/topic_config.html
hvishwanath/kafka-site-md	f96a72f94b6ff84fbf0f58c5922ced0d37594275	static/11/generated/topic_config.html
hvishwanath/kafka-site-md	f96a72f94b6ff84fbf0f58c5922ced0d37594275	static/22/generated/topic_config.html
hvishwanath/kafka-site-md	f96a72f94b6ff84fbf0f58c5922ced0d37594275	static/0102/generated/topic_config.html
hvishwanath/kafka-site-md	f96a72f94b6ff84fbf0f58c5922ced0d37594275	static/23/generated/topic_config.html
apachecn/kafka-site-zh	7389e2a31627a1109411c6ba0dd5bf39c972a498	10/configuration.html
emerging-tech-vlc/quarkus-intro	38db22dc22e8414991dba4cb60166e19aa35e7e6	integration/kubefiles/kafka-cluster.yaml
kameshsampath/kameshsampath.demos	9d69828b848f3716636e5737813c80811c19fa78	roles/openshift_spices/files/kafka/cr.yaml
Abdokacimi/Twitter_Streaming_Kafka_Spark	c2d96656aa865843f2a973d0a5544ae565b1e578	kafka_2.12-3.0.0/logs/server.log.2021-12-22-20
hatmarch/serverless-demo	b3af5e09d9a84ca304f1cd7e3cd29e495e4e15d0	install/kafka/kafka-template.yaml
AminFR03/E-LearningKafka	22d43c2c93c799f2c2b3654cece7cd0bf2db6b97	kafka/logs/server.log.2026-03-27-21
ksingh7/twitter_streaming_app_on_openshift_OCS	6e831e10b5cb55f853750a83a8f326f7ba08b214	01-kafka-cluster.yaml
SSCT-Lab/Redit-Benchmark	b1bfe9d9ab00bf6a0cba207fa8451add97768314	Special-bug/Redit-Kafka-13563/logs/server1/server.log
vuong14t1/kafka	48ba91687bf9983f7811ea76fdbdd43f808dd68d	logs/server.log.2020-08-02-05
esys/kube-events-kafka	c0426887fe6a1245ec678bae675d5306d1c6c902	k8s/strimzi-0.20.1/examples/kafka/kafka-ephemeral.yaml
KhaledSaiidi/Inventory-Managaemnt-DEV	20067772d8045f6f5bf8f34471ca2301f3f38579	kafka-server/logs/server.log.2024-03-16-09
esys/kube-events-kafka	c0426887fe6a1245ec678bae675d5306d1c6c902	k8s/strimzi-0.20.1/examples/kafka/kafka-persistent.yaml
ywyogesh0/kafka-trunk-example	7769407a68de64598dbb142abd46bc57a1fa3876	core/src/main/scala/kafka/server/KafkaConfig.scala
RabbitDong-on/Sieve	00cab3736cd25c50206849f55a5cbdc4fa6b9944	Reproduce/DetectedBug/KA-1/buggy/system1.log
Pecet13/23Z-PIS-Process-Mining	222b84f8b92bd778b5b685710c5b900bf1ffe6b0	Backend/Kafka/logs/server.log.2023-12-24-11
TrivadisPF/platys-modern-data-platform	072291c558e1e1f9803abc532331475dc3f2ffa5	modern-data-platform-stack/static-data/scripts/grafana/dashboards/kafka/kafka-cluster.json
Maxime-CLS/kubernetes-tutorial	cf4d41643f17bd7f29b749d88069e3e0eb301f46	content/kubernetes/Intermediare/operator.md
phucnguyen140502/Real-Time-Data-Synchronization-Pipeline	4813c8a5488dd6708b1b7c47d175163f55354df2	config/kafka 207/logs/server.log.2024-12-15-02
AshutoshGanguly123/MultiModelSentimentEval	f37ec0c46c6b7986c205e34f17c3529cbe85cd4c	kafka_2.12-3.5.1/logs/server.log.2023-08-29-19
g-korkmaz/bigdata-project-chamson-korkmaz	bd779462c51cd39420fbb72f2d7bc5308880e010	kafka_2.13-3.3.1/logs/server.log.2022-11-30-15
binz123456/Master_Thesis	f87f98b67bfe8cbae13699a212ffe502e04470c4	kafka_2.13-3.7.0/logs/server.log.2024-10-08-13
binz123456/Master_Thesis	f87f98b67bfe8cbae13699a212ffe502e04470c4	kafka_2.13-3.7.0/logs/server.log.2024-10-15-13
gschmutz/kafka-workshop	09fed1b14b0d0ab5aca7ac437c0b8388e5b68527	01-environment/docker/plugins/grafana/dashboards/kafka-cluster.json
noelo/odg-test	5c486696f61f58033d03d1ceebc73d6466b0e9ed	kafka/kafka/base/kafka-cluster.yaml
tapanhalani/debezium-kafka-mongodb	d58526761a2106141f3a4639f7991146b3a86c2b	kafka_2.10-0.10.1.1/logs/server.log.2017-02-20-02
sivakumarvaddi786/docker-compose-files	5b4f3a99aa6788773cbd00dbab53685a77a4f93c	hyperledger_fabric/v1.4.0/kafka/logs/dev_all.log
DataCEVA-fall2024/data-ingestion	70d1dd10a269032254cc322136b267a3255418ed	data/kafka_2.13-3.5.0/logs/server.log.2024-11-10-18
chechiachang/kafka-playground	71834363f52f057709599fa1cc48d192c963c589	strimzi-kafka-operator/kafka-3-cluster.yaml
HarshPanchal18/DevOps	6b0351eeeba6b43fff27375ad7d55722451b5074	kafka/strimzi/kafka.yml
miroku0000/AI-Security-Benchmark	c21cd8b601c85f8a5a32dd77dceb1533a2227104	variation_study/qwen3-coder_30b_temp1.0/run5/queue_kafka_003.txt
yongjinhuang/yongjinhuang.github.io	4ce1045393fb3a7913b182a1c4471689c0adf34b	public/vaults/interviews/system-design-zh/09-MESSAGE-QUEUE.md
hauct/data_recruitment_pipelines	9729872be77f16d087532acd595360da46a84381	kafka/kafka_2.13-3.5.0/logs/server.log.2023-07-22-11
sheveg/kafka-helm	e8041c42c438e50879596b80a489d5786b37ce76	templates/cluster.yaml
SamueleGrisoni/NSDS-Course	4d940f2728a73d834dee3b743ee6213ce32af11c	Kafka/kafka_2.13-3.9.0/logs/server.log.2024-11-18-17
ep-infosec/33_apache_kafka-site	2f83c2cef4130616ec51ca04d9800d1f16f7a04f	23/generated/topic_config.html
minhng1305/MatchingEngine	7369c5148e9622d14d81d4cade00c32c09fdc9b0	backend/kafka_2.13-3.9.1/logs/server.log.2025-12-24-10
minhng1305/MatchingEngine	7369c5148e9622d14d81d4cade00c32c09fdc9b0	backend/kafka_2.13-3.9.1/logs/server.log.2026-02-25-16
lsa50-ua/AgainstAll_SD	a60c5f2a93c58bbfe85c47201647f2ac81b0d09f	Kafka/logs/server.log.2022-10-27-23
HemangTheHuman/bookish-octo-barnacle	1858f59304a8c252d7e54b6495925956fe308154	KafkaProject/kafka_2.13-3.9.0/logs/server.log.2025-02-27-22
alainpham/dev-env-scripts	5db89d7a8bf326a10ee6763d870b5c2ef0e06eed	vm-lab/kube-ansible/kube-yaml/strimzi-0.22.1/examples/mirror-maker/kafka-source.yaml
Gurram-Mohan/Cognizant	3b8c2826b7b054006089fa42d09d0acaabe97b7c	Deepskilling/WebApi/6. WebApi_Handson/Output - 2.txt
lolismek/opus4.6-task	003b46e71eefbb33f677857be5474f631c104a55	tasks/kafka-deadlock/synth001-nograph/kafka/docs/getting-started/upgrade.md
alainpham/dev-env-scripts	5db89d7a8bf326a10ee6763d870b5c2ef0e06eed	vm-lab/kube-ansible/kube-yaml/strimzi-0.22.1/examples/kafka/kafka-persistent-single.yaml
suzzy777/reproduce-flaky	5579734201ad388a4033294ab09d7e54de487a32	apache_jira_description_comments/KAFKA-8319_comments.txt
MuhammadAgungMahardhika/Web-mini-market	3f3aee8ae64a5754173baeb8fc99fc2e81bac8c7	kafka_2.13-3.5.1/logs/server.log.2023-08-21-15
redhat-cop/agnosticd	0b3ab8ce56596b507d6b9cdb392588facf3ddeba	ansible/roles/ocp4-workload-debezium-demo/templates/kafka-demo.yaml.j2
karafka/wiki	ce7851de65a6c28390974b98a5ecbc11a9c80690	Kafka/Topic-Configuration.md
jkeam/openshift-icli	0bd540eb5ab4d10d65ad41f8635036c7b2aa41bb	models/kafka_cluster.py
sppan24/my-gblog	a121048c1e1903f3287f467a346037836e02b4a4	src/content/posts/kafka_basic.md
beopencloud/cno	32609652a285cdf1cb10ffd00a44a98e145ce1ce	deploy/control-plane/kafka/kafka.yaml
PatrickWiloak/cloud-data-ai-security-zero-to-hero	7771629c46183558d0ba1da04bbee399b2a6e05f	exams/confluent/certified-administrator/fact-sheet.md
lisachenko/kafka-client	1407a87bf2462170ef57b0688baebc102dba27ce	docs/handoff/2.x.md
HermesGermany/galapagos	51df70d8c14c5bcdc38873cf6fca1feb466a4641	src/main/java/com/hermesworld/ais/galapagos/kafka/util/KafkaTopicConfigHelper.java
bmscomp/kates	f8d5aa395b521defb9e046c29df6b191cf1c90f0	cli/pkg/migrate/values.go
red-hat-storage/ocs-workloads	f71217d57fc184e4343aaa9133cce2673dafc8d4	amq/v2/examples/kafka/kafka-persistent.yaml
redhat-iot/iot-cloud-stack-ece2018	1fce0634572c73fdf1beab65ac217d2c2d02bed9	steps/04-strimzi/kafka/cluster.yaml
pierre94/kafka-notes	6b0274b02ce148a98553a8513cf79b58dadae2d1	kafka-2.2.0-src/core/src/main/scala/kafka/server/KafkaConfig.scala
nandorsilva/arc-dados	eb35b74058f4e253fc41fcb604d334fbec0da609	lab-eda/keda/kafka.yaml
ljygz/kafka2.2.0-analyse	0467e413f4259b3914e2fc1647f070ac3fee7361	docs/upgrade.html
Nevaberry/nevaberry-plugins	bc295d8e4de8994d66805a5b445db2b2cbd581c9	plugins/knowledge-patch/patches-codex/apache-kafka-knowledge-patch/SKILL.md
tarak-mpc/cppentry.github.io	4ef0953ae37dcbe7f1a99263d65ef0477b0599d9	_posts/2018-11-22-mac 安装kafaka.markdown
YoongeonChoi/-Kafka-Streaming-	bf8f8db6a44c539db3bff09e0326dc7f98ca75b2	kafka_logs.txt
mattmoor/knobots	268249867ef5dfe25a2a64701a36b4c152cdc9fa	config/one-time/kafka.yaml
kubearmor/kubearmor-kafka-client	2702c701e6188312cca6d78a0d3f1db47f52840b	deployments/kafka/kafka-volume.yaml
Noosarpparashar/kafka-localfullsetup	f238784e5cef92c9bb813e279ff388610d304f41	logs/kafkaServer.out
desmax74/openshift-handbook	edddcd7ec638f8d49b9c8def2b9c8490c7ba7817	scripts/kafka/ubuntu/0.12.1/kafka-persistent-single.yaml
Project163/ExplainedRealBugs	414463f942d060d0d600b87c77703c31d4522708	bug-mining/Kafka/reports/1734.xml
cobyforrester/kafka	77a7583ff4b3027b563611cf5beabcfeaa6b2fb9	logs/server.log.2020-11-07-08
roseyume/tails-of-kafka	b8d1949006ed1cd86edcbee23546b99700bd21af	frontend/src/components/configurations.tsx
MMirelli/bdp_assignment_3	4624f5702a71d9dd48329a944f10b607616b8707	logs/2.4/kafka-logs
dfollereau/kafka-k8s	a742bf67e571ab0c158502ea7023500db6f21e21	Mini/kafka-res.yaml
jonpspri/s390x-docker-builds	947e332a41e6d6a3a16aca61300f7757a31f0e06	chas-kafka/README.md
Piboonsak/strimzi_kafka-cluster	39f5b0f47ae71151b8edb43500742a4135bc9ccb	examples/kafka/kafka-jbod.yaml
tglunde/samplestack	c76c3e8bf8da7c47209da439d4cf3eb881b5f613	iac/k8s/component/kafka-broker/kafka.yaml
K-OpenNet/IOVisor-eDPFM	3e72585ab373c44a1db2217fdc4faf9a0c2237e5	kafka/kafka_2.12-2.4.0/logs/server.log.2020-03-10-21
rmarting/strimzi-migration-demo	4c877ac4f944907fe9585580ee48328e7f7758ee	01-source-cluster/02-kafka/event-bus-kafka.yml
alainpham/agilabs	9457e30985ecc3d237f25696306a0e17e3150b53	lab15-amq-streams-ocp/1.2/kafka-persistent.yaml
fabianofpena/realtime-analytics	576226db496a8a2ffbb81d8638ce2a4510abae71	_infra/strimzi/kafka/broker.yaml
gkoenig/strimzi-jaeger-eval	1bce28c133182b088e0d877e5ee178319aa90022	strimzi-0.22.1/examples/cruise-control/kafka-cruise-control.yaml
liuwenru/Apache-Ambari-ZH	7879810067f1981209b658ceb675ac76e951b07b	ambari-server/src/main/resources/stacks/HDP/2.4/upgrades/config-upgrade.xml
alainpham/agilabs	9457e30985ecc3d237f25696306a0e17e3150b53	lab17-strimzi-cdc/04-kafka-persistent-external.yaml
frans-nekongo/feedback_system_bal_hack	a9b55e7786613b50103a4afad726e1ea60b81dc8	kafka/logs/server.log.2024-11-14-13
gary19941216/bitcoin-fluc-detector	374946ce1e3d51eb011571b18a5966c7402f4fa0	kafka/kafka_2.12-2.5.0/logs/server.log.2020-06-10-07
zhouhuajian-course/kafka-source-code-analysis	fd66041b99210cc92b339fbaa6eeee0d131c1be5	kafka-3.6.1-src/docs/upgrade.html
therepanic/kafka-starter-windows	c1963948a7efac890e41da35784ad8c79f0ff1ab	logs/server.log.2023-03-24-20
einverne/kafka	c7eeab7b90b0f5ffbcdf10a54fbedb0213d2bf78	core/src/main/scala/kafka/server/KafkaConfig.scala
ep-infosec/33_apache_kafka-site	2f83c2cef4130616ec51ca04d9800d1f16f7a04f	32/upgrade.html
richardnroman/Synthetic-Data-Exchange-Licensing-Platform	0f0f90f6a13fdfa56cb64b67f80560a811385b49	.agents/skills/migrate-to-msk/scripts/compatibility.py
tmax-cloud/install-kafka-operator	5d92da4e156d8b53daa6e44a910ba76ed9f6c84b	examples/kafka/kafka-ephemeral-single.yaml
phucnguyen140502/Real-Time-Data-Synchronization-Pipeline	4813c8a5488dd6708b1b7c47d175163f55354df2	config/kafka 147/logs/server.log.2024-12-16-22
Project163/ExplainedRealBugs	414463f942d060d0d600b87c77703c31d4522708	bug-mining/Kafka/patches/1875.src.patch
Demo-Smart-Factory-Concordia-University/OpenFactory	574895b4c31e4fd3c9e4bdad37d0fd694663e37e	Monitoring/grafana/dashboards/kafka/kafka-cluster.json
nasx/umbrella-gitops	4965ca82165bd7844e7537eb441765739d130d92	manifests/advanced-cluster-management-policies/spark-shot/demo-amq-streams.yaml
Piboonsak/AIA-Kafka_build_image_v1	fca438826114d6618b049048cf71af7dce1dd4b6	version/0.25.0/strimzi-kafka-operator/examples/kafka/kafka-ephemeral.yaml
alainpham/dev-env-scripts	5db89d7a8bf326a10ee6763d870b5c2ef0e06eed	openshift-lab/amqstreams/amq-streams-1.6.2-ocp-install-examples/examples/security/tls-auth/kafka.yaml
lolismek/open-deadlocks	a7ce38e2427281d52a153431cea2faf1d86c3184	injected_codebases/kafka-deadlock/derby5560-nograph/kafka/docs/getting-started/upgrade.md
nikdem11/java-projects	16980c90d380c0e410286f2a9092ba6cb9093a7c	FuzzyKafka/kafka_2.13-3.9.0/logs/server.log.2026-02-10-11
ApicurioTesting/apicurio-testing-results	4366e5bf3a10a195d03f0663b39e3f3b99c71cbe	2026-05-19-26110761987/os416_strimzi043_uitests/pod-logs/my-cluster-dual-role-0_kafka.log
nikdem11/java-projects	16980c90d380c0e410286f2a9092ba6cb9093a7c	FuzzyKafka/kafka_2.13-3.9.0/logs/server.log.2026-02-09-13
openshift/operator-framework-olm	14f999ff089a3275d3a144224e871d825461ec3b	staging/operator-registry/manifests/strimzi-kafka-operator/strimzi-cluster-operator.v0.12.2.clusterserviceversion.yaml
changtraisitinh/fullstack-engineering-learning	f49d9ee7e8959078b853be6966fb9f079b94f3db	engineering/devops/event-driven/kafka/kafka_2.13-2.6.0/logs/server.log.2025-01-14-14
openfactoryio/openfactory-core	dc3fc12f8ef6b79e3ded5781fb18612b807d0a97	Kafka-Cluster/Monitoring/grafana/dashboards/kafka/kafka-cluster.json
nwlterry/kafka_dashboard_grafana_query	ef454cef36c3eff5f470dac5fe1f39c7d45a82af	kafka-dashboard-grafana/cp-kafka-cluster.json
binhminh28/Hybrid-Blockchain-Database-Experiment	d3f0ef27cb53ba8ce9b103d188c64292a35744d6	logs/logs-nodes-veritas-kafka-2025-11-16-16-10-50/veritas-nodes-8-logs/kafka.log
Piboonsak/AIA-Kafka_build_image_v1	fca438826114d6618b049048cf71af7dce1dd4b6	version/0.25.0/strimzi-kafka-operator/systemtest/src/main/java/io/strimzi/systemtest/templates/crd/KafkaTemplates.java
alainpham/dev-environment	ee5f8e11876ecf41469d19b05e660160aba8a475	kube-ansible/kube-yaml/strimzi-0.22.1/examples/cruise-control/kafka-cruise-control.yaml
dmitrimahayana/IDX-Stock-App	a33f806aa83c470e0bcab345dd255c72238205a6	Java-Kafka-IDX-Stock-Analysis/grafana/provisioning/dashboards/kafka-cluster.json
powerLambda/ambari-lite	e4e9729c36ea315dbcd85793c463627afe551881	ambari-server/src/main/resources/stacks/HDP/2.4/upgrades/config-upgrade.xml
tutorials-org-1/multi-tenancy-gitops	488e8e563448a75feaa23ca80ae35378320c9471	0-bootstrap/others/3-multi-cluster/cluster-n-prod/2-services/argocd/instances/ibm-eventstreams-instance.yaml
rainerh/multi-tenancy-gitops	ed7df94f25789955dfdace2178e5e30960fa0da0	0-bootstrap/others/3-multi-cluster/cluster-n-prod/2-services/argocd/instances/ibm-eventstreams-instance.yaml
GitOpsBasedCloudpaks/multi-tenancy-gitops	805ce09a5925349c26a5ea80a0ecf8a8680158f0	0-bootstrap/others/3-multi-cluster/cluster-n-prod/2-services/argocd/instances/ibm-eventstreams-instance.yaml
IKS-iteration0/multi-tenancy-gitops	aae138439382ad94b7e97044bd085814a29bdc92	0-bootstrap/others/3-multi-cluster/cluster-n-prod/2-services/argocd/instances/ibm-eventstreams-instance.yaml
secondcontainer-practice2024/multi-tenancy-gitops	a324dc45f972cbf072dbb7ba73272d829f999ea6	0-bootstrap/others/3-multi-cluster/cluster-n-prod/2-services/argocd/instances/ibm-eventstreams-instance.yaml
aaronKolins/data-pipeline-migration	6938012e564d1c397028c74b6d6f08caae15cded	network_data_broker_function/kafka_broker_instance/kafka_2.13-3.9.0/logs/server.log.2025-01-15-22
guillaumeutopios/KafkaDeveloppeurs-09.12	7f0b8f323ba06fc39cc28d97e604a134cc186b82	docker-compose/volumes/dashboards/kafka-cluster-kraft.json
winghc/ambari.kylinv10	00edd88ed77893182d9cf10180dc82fe182b5f7e	ambari-server/src/main/resources/stacks/HDP/2.4/upgrades/config-upgrade.xml
benluddy/dsolm	d4894919b555a6cdae9338bd32cf74b0c1e1042f	staging/operator-registry/manifests/strimzi-kafka-operator/strimzi-cluster-operator.v0.12.2.clusterserviceversion.yaml
mvalarh/prod	b560ec81cd4e586e9cb05c3674426da4971ba3b3	upstream-community-operators/strimzi-kafka-operator/0.17.0/strimzi-cluster-operator.v0.17.0.clusterserviceversion.yaml
mvalarh/prod	b560ec81cd4e586e9cb05c3674426da4971ba3b3	upstream-community-operators/strimzi-kafka-operator/0.20.0/strimzi-cluster-operator.v0.20.0.clusterserviceversion.yaml
ankit-antony/Research	1058feb644e2fa868be48484d34d44ca8a0b6483	8-Sept-2024/chandra/strimzi-grafana-prometheus/strimzi-0.20.1/examples/templates/cluster-operator/ephemeral-template.yaml
ankitathomas/operator-lifecycle-manager-downstream	417ea25e1c350fd0aa96eef772f2bbff6291facd	staging/operator-registry/manifests/strimzi-kafka-operator/strimzi-cluster-operator.v0.12.2.clusterserviceversion.yaml
Alin-BigData/BigData-notes	015a9f7463b3588da0b02acf86f320cbfff74ba3	icoding/kafka-0.10.1.0/tests/kafkatest/tests/core/upgrade_test.py
bf2fc6cc711aee1a0c2a/kas-fleetshard	d2122a64dafb6db6aba90fa14002de077dc300ff	operator/src/test/resources/expected/strimzi.yml
Nordix/strimzi-kafka-operator-experimental	a753a4ce96453c7f4358196e2b9b791ba1b536a0	operator-common/src/test/resources/example.yaml
gridgentoo/strimzi-kafka-operator	a753a4ce96453c7f4358196e2b9b791ba1b536a0	operator-common/src/test/resources/example.yaml
LumiterraGame/dapr-components-contrib	28c75b414231a97a9d841da265f951fea3fca128	tests/certification/bindings/kafka/strimzi-kafka1-config/server.config
ItalyPaleAle/dapr-components-contrib-ci-test	e59ce7fad621455e1962812498ba749dfa0d32b8	tests/certification/bindings/kafka/strimzi-kafka1-config/server.config
MQuan2802/ChatApp	698b0871a9a46df775abb5cba97c3849ab425409	BE/MessageClient/kafka-trunk/tests/kafkatest/services/kafka/config_property.py
5DLabsInc/cto	7d2f6acee6c779da494a4ded3fd9d5b562849655	tests/cli-invocation/workspaces/claude/infra/kafka/cluster.yaml
photoszzt/sharedlog-stream-experiments	471e9b2a50a5acbb6987e32ff338ab8c75b31da3	lat_tp/kafka/1p_1t_1par_16kb/logs/kstreams-test_broker.3.ua3isbgximlpuanswbfxpxdiq.stdout
lolismek/open-deadlocks	a7ce38e2427281d52a153431cea2faf1d86c3184	harbor_tasks/derby5560-nograph/environment/kafka/tests/kafkatest/services/kafka/config_property.py
photoszzt/sharedlog-stream-experiments	471e9b2a50a5acbb6987e32ff338ab8c75b31da3	lat_tp/kafka/180s_0swarm/1p_1t_1par_50tps/16Kb/logs/kstreams-test_broker.3.gyvn8l6igks6v2sequldv25pe.stdout
photoszzt/sharedlog-stream-experiments	471e9b2a50a5acbb6987e32ff338ab8c75b31da3	lat_tp/kafka_java/180s_30swarm/1p_1t_1par_10tps/2/16Kb/logs/kstreams-test_broker.1.0ymom89e20t91mm8ellzhz8ja.stdout
photoszzt/sharedlog-stream-experiments	471e9b2a50a5acbb6987e32ff338ab8c75b31da3	lat_tp/kafka_commitTime_java/180s/1p_1t_1par_10tps/4/16Kb/logs/kstreams-test_broker.2.m0pgr6xfww4jibjzu39anmpua.stdout
photoszzt/sharedlog-stream-experiments	471e9b2a50a5acbb6987e32ff338ab8c75b31da3	lat_tp/kafka_commitTime/180s_0swarm/1p_1t_1par_100tps/100b/logs/kstreams-test_broker.1.q3tlt6msqt0ks7hgcpo3eak8k.stdout
photoszzt/sharedlog-stream-experiments	471e9b2a50a5acbb6987e32ff338ab8c75b31da3	lat_tp/kafka/180s_60swarm_second/1p_1t_1par_5ms_100tps/16kb/logs/kstreams-test_broker.4.7156p5dbfvxwvzla360v1t3xe.stdout
minos-framework/minos-python	3427fdaed489d3b9330c80ce15d77975e0135b9c	tutorials/stock-wallet/docker-compose.yml.copy
upyun/cafex	012c8f2c14927daef923cd7cb960795c1fa3f1d2	docker/docker-compose.yml.example
merikbest/twitter-spring-reactjs	b4e6e9cb008ccbd65175e067584921c538574d59	docker-compose.yml
remp2020/remp	9a85633e3c76d1741921c479b50941584c4a78e7	docker-compose.yml
lucamaraschi/untubo	e4252e9c6372c7d2500ff89e304c5b5d4dc1a163	docker-compose.yml.old
santthosh/kafka-for-mac	cf17d991e8fc06989249db58214a7a776b8e3902	docker-compose.yml
oslabs-beta/kafkaSaur	c08b197b6fcbab827bc883bbbaf45d37e53d77bf	docker-compose.yml
msales/kage	2036212e5594e8e25587336e4696e437999da58d	docker-compose.yml
omersiar/ript	037ceb41b4a055f5c065e780f879baafc24adc7f	docker-compose.yml.example
MonashDeepNeuron/Motorola-Dream-Machine	df4a15e2c359aa4a7bbb544f3a7458f84c935291	eeg_pipeline/config/docker-compose.yml.bak
UnicornParson/mylittledocker	d8a2fb8606e9e1939c263f0a81ddeb3e4ff2026c	storage/docker-compose.yml.bak
kudelskisecurity/hlf-cfg-gen	9422015862b42f98cf04a0d8ae8547fa9c64be56	templates/docker-compose.yml.j2
mgubaidullin/infinity	3c0b019fd2613678c1ae7ce5b8a2626d58e6ae32	docker-compose.yml
lokesh-katari/CodeRealm_microservices	8ff61bfcf50cd30e17a9919ec27180a4e4d89ed8	docker-compose.yml.example
stola01/MRC	7cd7c2e7427ee0cb4f4d3062088dba71ba52f0af	docker-compose.yml.multizk
Lokideos/async_services	146d0b2b66974e297d38258d6790b7c1d8510870	devops/docker-compose.yml.sample
Sanketgreathire/GreatHire	99c44b520ce8a8b0b7c3e1ce5af26ede32f5e69f	BackEnd/docker-compose.yml.save
kknd22/docker-zookeeper-kafka	a1bed85e9bcc2b2a092ff3e20a39ace2a69596ad	docker-compose.yml.enterprise
isuru89/oasis	fb35c6775825bead941693bc2c83a81a24f7098c	docker-compose.yml
LeonFelipeCordero/VU	759190731121d76644680ed9042ac4a477c804d0	docker-compose.yml.1
DeepakSilaych/AptoTrade	847150eb2375727634c489bf00b616a183371358	packages/server/docker-compose.yml
davydovanton/popug-inventory	87b8bdceb193d94e9f8aa5e1b9b772b688a4a512	docker-compose.yml
Faraz7704/42ADxADEO	d847297f1b66c3898630cc869711fc899e65d911	docker-compose.yml.bk
mobiledgex/edge-cloud-infra	44015a0eea0c833f616dd50b0efea02bbd77f906	ansible/roles/kafka/templates/docker-compose.yml.j2
Sanketgreathire/GreatHire	99c44b520ce8a8b0b7c3e1ce5af26ede32f5e69f	BackEnd/docker-compose.yml.disabled
Adnanmardini/SecOpsAI	6695c93ec5a8fa21571524e5825e0755c57cba2e	docker-compose.yml.bak
Ghassenalimi/turbofan-project	210b5499f422dcfa20db4c052c420d9470600792	docker-compose.yml.txt
Sachin-programs/smartcart-microservices	6115a3367839572eaf1f7837798b3557604a064b	docker-compose.yml.txt
sfsu-csc-667-fall-2020/final-project-reactors	6bb86e89e3c4daff32c1cf838bb71ff4c41abc14	docker-compose.yml.backup
pacuna/snowplow-pipeline	5a267731367fd4d350cfed0a3573f850f08d4cf4	docker-compose.yml
alfakini/workshop-codecon-kafka	0427af68a1c85de42aaf5e88d534b68f253ba83a	docker-compose.yml
Condla/web-shop-o11y-demo	99acde8aedacf783f142d924f4439fe750e19099	complete-demo/docker-compose.yml.bakcup
quentin-zhang/Elastic-Stack-Install	51cf1f12f4454cacf070d6b61e22472a5bc23ff9	DevOps/Elastic-Stack-Docker-Install/8.Docker-Compose.yml.md
tarilabs/quarkus-content-based-routing	b22373b5c67e771113feb685b5f8762cd7ab9a0d	docker-compose.yml
Nikhilhegde989/videoplatform	dacd1b88bd2cedc17339a138105f51ec1c6dfa2a	docker-compose.yml 
mcgarrigle/docker-kafka	f71162f2ac0bfc1c2ce0b8893c988378a05ed512	docker-compose.yml.0
bdelbosc/nuxeo-stacks	e79589708f6b4a888c8553ee38ccddb81d93624d	roles/common/templates/docker-compose.yml.j2
jhollandus/cmd-pattern-kstreams-demo	7dace2619aa3444136e63512035d798936c7943d	docker-compose.yml.all
ShreyasBhaktharam/XrayGPT-Chest-Radiographs-Summariser	5360bb254b84376a29d8075fe54430ce976843a5	templates/docker-compose.yml.j2
uw-labs/janus	ee30db0d2906b8ffcaa378f717c7b9bb75140faa	docker-compose.yml
folabi00/TaskFlowApp	24d2deeb229804fdad5223a6b3d19ded6f2d1178	docker-compose.yml.bak
mag2590/microservices-project	1e7c8dacd8eae81df3681ce4e30f337f0ee83d7a	docker-compose.yml.old
DogsbodyOps/kafka_2025	79974e652f74cf88a68c65642dbdaa2bbbee2870	docker-compose.yml.old
kiy3035/Ticketing	dbc6b35b6ba7912ba12aeff28268b907146aace1	docker-compose.yml.bak
RishikeshJogdand/TriCloudSentinel-demo	5b4c00abb3b7878b988570eb5793a1dcc41c1503	docker-compose.yml.bak
andlind/almond	3ab8f93e21146103817f1dfddaae11eb8edde100	demo/kafka/docker-compose.yml.bak
johnhozx/BDT-proj	87861e87fc9cebcb72102ba3ca57d9f4486ec384	docker-compose.yml.save
RishikeshJogdand/TriCloudSentinel-demo	5b4c00abb3b7878b988570eb5793a1dcc41c1503	docker-compose.yml.save
lakshitagaur/LocalHirePlatform	044aacd38dbae34a17d3e51b9d6d9a463d778c82	docker-compose.yml.save
balavnev/l0-task	729dcc18f8425156ff97e6dddf8211896eb46446	docker-compose.yml.test
dlebrero/kafka-gdpr-event-sourcing	15015a1e5b0b226a4cb4d5f34d0e1ea7ce297e50	docker-compose.yml
DameerGamlet/cars-direct-spring	7876acfd403c69875d04034ff444ac0280810246	docker-compose.yml.bak
pyhipster/generator-pyhipster	01b22ee7d2d1dcc40fb0b28aa314b7a798d83bda	generators/docker-compose/templates/docker-compose.yml.ejs
pooja06bhosale/InsureSure-Claim-Management	2e9df83a21bf2b33f1ceffc6c2efee8b21c1cbf9	api-gateway/docker-compose.yml.txt
andlind/almond	3ab8f93e21146103817f1dfddaae11eb8edde100	demo/kafka/docker-compose.yml.learn
yossisolomon/IntegrationTestsBase	aab7213501ad04e826b628f43f6ca9005cd3dfd7	docker-compose.yml_backup
gorkem-arpaci/Org-You	df964c849bd07d5cc71b29d04e7b6b613b40e40e	docker-compose.yml.backup
johnhozx/BDT-proj	87861e87fc9cebcb72102ba3ca57d9f4486ec384	docker-compose.yml.backup
neuralbertatech/natKit	04ab20df0166fbb79a4c5764c797239ad7a52e2b	deprecated/docker-compose.yml.bak
destbreso/nx-nestjs-kafka-microservices	f3a8e9951f935dc44078760e80a558ee6ce2e1b9	docker-compose.yml.old
LOLA0786/PrivateVault.ai	197b62cf44644b21d03272628928dcd23307f1f6	docker-compose.yml.bak.1768191784
robidev/rsyslog-kafka	b2bbce81e8a5d6a3fba666b21f6b4467547c4a6c	docker-compose.yml.testers
johnhozx/BDT-proj	87861e87fc9cebcb72102ba3ca57d9f4486ec384	docker-compose.yml.backup2
siddhantprateek/qdrant	302e5e382eca49683a8efa79bd755fdc5bb97e3d	docker-compose.yml
kevin72500/mydockers	6d2c75de2cdb860ae3b6177dc8a07c9224ec5c5b	kafka/docker-compose.yml.bk
karkori/bidmaster-fullstack	6839c8044aa774852787a14388c449a8976ce587	docker-compose.yml_old
sevtin/engine	c47fcc04ae7da5b56f8f001d31d2d1893de291a1	docker-compose.yml.template
infobarbosa/kafka-tutorial	c9935a4a5ca324258504415de48287e3781c36ff	docker-compose.yml.zookeeper
muchlist/my-compose	f1443f3d78949125f8b0a7d370551b25e08ee106	kafka/docker-compose.yml.bak
valyc0/opensearch2	76d582ceae8d87d8ce43f77e36ed682ee6e19437	kafka/docker-compose.yml_ori
Lispython/kafka-replicator	e22a1c2268c07b1af32938a13221f0d7fa1cb9af	docker-compose.yml
DivLoic/xke-stream-fighter	0710614192a767b63473291477f60b84b73316e6	docker-compose.yml
HadyKh/Feature-Selection-in-DDoS-attacks	f8e5dbcdb5c8adea0884944433d6f76002af3477	src/Kafka_server/docker-compose.yml.bak
valyc0/opensearch2	76d582ceae8d87d8ce43f77e36ed682ee6e19437	kafka/docker-compose.yml_ori4
valyc0/opensearch2	76d582ceae8d87d8ce43f77e36ed682ee6e19437	kafka/docker-compose.yml_ori2
s-kilaparthi/tradestack	6f49779743fe1f5cce020d2b0dc3bf52405e18f7	docker-compose.yml.save
AndromedaCLI/rusted-invidious	43ee6c7eefae6cd6d41965518eec8bc125e345f4	docker-compose.yml
ashutosh91125/job-recommendation-system	a6df32b0be1c94c02d24e0f56097e271b6b0e07b	docker-compose.yml.bak
sstamatis01/ALFIE-Data-Warehouse	47c7bce79b06bd0f2e659eb222a6628efa391466	docker-compose.yml.bak
bagart/laradock-multi	d64e98c98d485f2903462f6b9fb531d01aa532c2	.laradock-multi/docker-compose.yml.orig
pabloagn/flux	05cc91b607d7a289214ec828e5280ce25a016912	services/simulator/docker-compose.yml.bkp
dlebrero/kafka-streams-and-ktable-example	68a1aefdcb06fe691c381f744ddeee4c334268d4	docker-compose.yml
marinkobabic/axon-kafka-example	411f0887c317c971c7084e77b4148064ce9a00ee	docker-compose.yml
jim19770812/docker-compose-containers	3963747556e205319d434b2439a8627feceaeb6a	kafka/docker-compose.yml.cluster
SSU-NC/toiot	6f58dc266b454fce0cd5d8f19cb2c8eb045e6554	docker-compose.yml
ManavDaggula-ZeusLearning/Training	ca84e5b2b96e40cea6b3c2c2af68803d3201ff98	KafkaTask/docker-compose.yml.bak
dvaldaliso/kafka-golang	92a6fee2b9f514110a56b6fe3272529a12e7c2e4	docker-compose.yml-OK-complicado
Harry7696/Streaming-Data-Analytics	a0e17b0ff9df3df09c6850296e6b37296183a1f9	docker-compose.yml.txt
lydtechconsulting/kafka-sasl-plain	cff2a6129b79c776f6118a23970d47e355a1d9b2	docker-compose.yml
behindthescenes-group/oesophagus	53d651e78f622408e2c7aa0110452f0b11f3320f	docker-compose.yml
jvschoen/kafka-spark-docker-template	8231b4ff235904c21fd53793638b8db423208841	docker-compose.yml.tmpl
framiere/mirror-maker-docker-example	ddeef0c660db323cb5c443edda1122c078b78f67	docker-compose.yml
Chitwaan/Microservices	04574d40f6ed6064a9f5f5e884eed03e34d658e9	Deployment/docker-compose.yml.save
beryllw/flink-cdc-playground	8dd54633870407c2e9a71db73a79518746053237	mysql-to-kafka/docker-compose.yml 
knaufk/queryable-billing	3b7f4b2b78e63bdf8ed5291b6a5f3f3735945353	docker-compose.yml
yellowred/surfingcat-trading-bot	6214e1cbf928a7cb2dd46846a5ce4aa8aaae4157	docker-compose.yml
techworldwithgeeta/techworldwithpreet-springboot3.0-microservices	94d0ee8f14a343e468a2a398e2e1e616a0167a8f	docker-compose.yml
pyxixi2012/zgsystem	a7126bf8c47d6748e93bdee461369fd468218112	Apache_Kafka/docker-compose.yml.bak
jairamc/docker-spark-kafka-streaming	5b25f6757a84f3315eced3da504941b920be1036	docker-compose.yml
valyc0/opensearch2	76d582ceae8d87d8ce43f77e36ed682ee6e19437	kafka/docker-compose.yml_ext_volume
confluentinc/kafka-tutorials	6225e7c1957911520391c7fe0e857138638714fe	templates/ksql/filtered/code/docker-compose.yml
laserdisc-io/tamer	f2b1f4e85f5b08b4be35b06236e3f16f80b96ca1	db/local/docker-compose.yml
KafkaSaur/kafkaSaur	0a58d9234a1500dc01b874871d19d3bf4d2daa09	docker-compose.yml
LobnaEssmat/The-Impact-of-the-Feature-Selection-methods-for-prediction-DDoS-attacks	7f6eafefc33e63ff16df774bc39178a301529b57	src/Kafka_server/docker-compose.yml.bak
jvschoen/ds-kafka-spark-delta-docker-tmpl	2e25171bffc0e7577fd88d6560332c73d3e92cc1	docker-compose.yml.tmpl
ank1015/InterIIT12	5a12fdf1c512c197e796aee4eca81c480d35571a	packages/server/docker-compose.yml
oslabs-beta/kurrent	11a974bc7b7b04cf6a0d2d1dfacdc5d6ecd5a168	kafka-docker/kafka/docker-compose.yml
Clojure-Developer/Clojure-Developer-2023-04	58ceae9e5f9b2987006684096c69f4cbb16a30d0	otus-28/docker-compose.yml
Khmelov/Distcomp	1ea494956d26eb99617cc8baf4db5fddf7be53a2	351003/Lutai/docker-compose.yml
markarasev/akka-stream-demo	0bbfa069ecbaa7e4766243c1215744dc90e151b8	kafka-docker/docker-compose.yml
pagopa/rtd-ms-file-reporter	feeaa0ee374f11a4b5d25cfb4f0720272400df06	docker-compose.yml
lianggzone/dockerfile-images	65b25b356615c0374a0b2e44711f1ef8e91e0b88	server/kafka/wurstmeister/2.12-2.4.0/docker-compose.yml
gAmUssA/kafka-connect-bintray	73f55db40ee074e5aa2ce513cfab22d14be3a2e0	docker-compose.yml
rpnr-bench/T03_R01_C03_A02	b1c3a83e81450efa4ef8e0465a715bf8b54d6c56	docker-compose.yml
ViniciosLugli/2024-1A-T2-M9-A2	f5177859f01669c14de57e16f1ac785d223f20f7	docker-compose.yml
onatkarabulut/medline_pipeline_n_elastic_search	e2ff3ee16c20eca67d499e7b93cbf05f2c9c2a52	docker-compose.yml
olafjanssen/philoking	703df69728ac81bc38dab27c4c10d40d485d2757	docker-compose.yml
dm1trydev/popugi	53bbd665df8d9249724249785fd478bf243d6d3b	docker-compose.yml
tarilabs/kafka-msg-routing-with-quarkus-kogito-dmn-camel	2940bf041872d59ecd4d4178878d774f932ddc76	docker-compose.yml
isgasho/kage	7785881084b58d65832c160e889f62770b97f55b	docker-compose.yml
SofianeOuaari/Real-time-error-analysis-in-CDNs	5bbea55151675c09c82b0b063dc820008f4cde07	source/Burrow/docker-compose.yml
smart-dev1028/twitter-spring-reactjs	ddafda8cdf19a5fed8f73613a3c9e4cc073e8824	docker-compose.yml
piovani/go_studies	98a52407d4c68d3321455c54b28f359b420c7f14	kafka/docker-compose.yml
Norskeaksel/RealTimeDataProject	65f094045d94f2ef371ab4aa85044f878fbb548b	docker-compose.yml
nnaX000/high-traffic-coupon-system	2ac3797f8ea0e0fdc81bb47faea6ee1702b660cf	docker-compose.yml
SuryaKTiwari11/kafka	b15b83c35ece119efe8939f81dd9d8a3d4ed58fe	docker-compose.yml
diegomadariaga/kafka_nestjs_example	c0580c5be0cb40e1128ae3a98e149e576455c23b	docker-compose.yml
arcadia-editions/arcadia-editions-modulith-service	c91a81bfd512adec0a4d57058d9bae3ec1140a30	docker-compose.yml
seno-ark/go-kafka-demo	8928e0fa2393f5f0d3ebf008991d3180b1154921	docker-compose.yml
semirtatli/EarthGuard	9fada5bdfc4bf5c779fd33a84ef185416005a0b9	docker-compose.yml
letianxing1994/my-agent-test	62451289a0504a4bcd0c16d521e0716fd7d8bdf6	docker-compose.yml
mahamat-atteib/Projet-Extraction-et-Stockage-des-Donnees-Meteo.-des-Capitales-Europeennes-avec-Kafka-et-Docker	ddb1ccbf02d298e0dbce724abae3c9028403e3cd	docker-compose.yml
teixeiram2/spring-tracing-demo	8df86136292d4373944296643e866e0e8ee483d0	docker-compose.yml
MarwanBit/Binomial-Black-Scholes-Pricing-Dashboard	ac9ec381bff6b99498518424c8f29fb2e63a5a07	docker-compose.yml
sashapoliarush/blockchain-tracker	b3cddf2a12e5051c6bea8eea7bbe9b4ba421bbe2	docker-compose.yml
stephaneDoss/telecom_network_optimization	fe792d0b1be4a56055c343373edcd9f9d1098344	docker-compose.yml
Mafidyuz/kafka-iot-sensor-data-pipeline	a566a44a747e68c94854202a8723ee1a00a71c5a	docker-compose.yml
DEEJ4Y/kafkajs-playground	1254ddf55ffbf54e39242c973b1b0487f7ee2ce7	docker-compose.yml
Maksimilyar/kafka-lab3	3859b0951c58e47ea473d8c27d654b45f27bfaef	docker-compose.yml
qwSlane/messaggio-service	6ac3bd3aceca3ec1951cddb8a99e970918343327	docker-compose.yml
linchus/async_arch	1a821d57688f4d6e39e4404b8697255006314106	docker-compose.yml
eulixir/ex_debezium	6261a51f8602e2144fe4c6d41fb38c8984aa942a	docker-compose.yml
zmskv/oop-course	23808da69324938dc231e8f76c550ea7a9f6aab3	lab6/docker-compose.yml
RyanV27/ecommerce-analytics-pipeline	59f8372e9b5bf94c0b50aa05d33dc6a31b12fc5f	docker-compose.yml
trash-repositories/testorder-33322	6dc3dc6c1f661a7f6e15730ed9dcee292afea5da	build-docker-compose.yml
rojae/feign-dns-lookup-test	d4aaaafc28bd5aede3d4de66e347d116fe4ddfd4	kafka/docker-compose.yml
feelincoding/axon-mallorchestrationsagatest	34bcafd0fbbd1f812e87cdf2de0dafe3b52811aa	build-docker-compose.yml
chamcihn/labshopmonolith-2	1b8eb32c110fdf8f156a167087f25a8f8445ab34	build-docker-compose.yml
f-lab-edu/WhaleWatch	8e9f40e91ff6ef7983bb07a38a97868035c99bd7	docker-compose.yml
krishnactive/4-in-a-Row	fd48dffdb682dcec5c6c311ab3486874741c440f	backend/docker-compose.yml
mounirrouissi/spring-microservices-shop	41f271d5567eb3a30ac647096551bdaba1aa3d25	docker-compose.yml
Danicolassssss/TD_Kafka	6bd692bbec061242abbb910d26dbd3b6f55ce484	TD Kafka/docker-compose.yml
mayanklau/security-context-graph-v1.0	36cf2f25eb8264e345a2c2523caf748f53f2c5d9	docker-compose.yml
codinduck/Beyond-Kafka-The-Rise-of-Streaming-DBs	d268f8ebf632b9acc7ecacc186b864c899729dfe	materialize/docker-compose.yml
SiyaSt/is-java-2024	c717a7892eae6d2a17d339d34cadc5a29255c804	lab-5/kafka/docker-compose.yml
matthogan/polypully-devops-kafka	7d639bb2ddc5e63c84e71712666040bb2da9af66	docker-compose.yml
FlameGreat-1/Supply-Chain-Verification	f14e624e2b6692e844c8c7cf2f5641a26dc62e65	deployment/docker/docker-compose.yml
AhmedBakrXI/CareerLinker	996a5b4b2e47bcf8b6751cf6d5937e54bc4897f6	docker-compose.yml
Blacksujit/AR-VR-Ecommerece	990f78b59f3eeec63e722b2593c455b751cf0578	neoverse-store/docker-compose.yml
s3ni0r/kafka-streams-base	10cd90fb36de25b08967a923aeb7166d49a69d0c	infra/docker-compose.yml
NagarajuEslavath/ai-financial-advisor	b95fb7e39e03f0f3dc129bab7a2ecc427683e21d	docker-compose.yml
Rupeshchandoskar/kafka-event-driven-commerce	ec2e56e7195e9a9759ee30785c8c9e158dcf67e1	docker-compose.yml
Aecio09/websocmensagem	b88536d75bd11dde23ab4473e2a1daebf525a2be	docker-compose.yml
SEO-SEONGMIN-DEVELOPER/push-event-reward-server	9831320bb90278f6f152908bb19a4db3c4bc3539	docker-compose.yml
melvinthoompunkal/God_View	cf3f3c720956647df3523e3e5af3dd95d4ed1c00	docker-compose.yml
shivamgehlot/AI-Rental-Agent	9bf4826ad7d99c38b23508c990040a2763e8ba0c	docker-compose.yml
arifBashashaik/SchoolManagement	037ce5f6b629eec5a1c5e96b6881a86ffe151454	docker-compose.yml
fred-ro/dotNet	cbe0fbd7b448b298bc6017ba1ddcb2c93b320c79	docker-compose.yml
MT-TEAM-Org/batch	a6ed141ebdfcb8102947dc7c5eaf52edbd5f859a	docker-compose.yml
Youssef-0202/-order-service-ms	96c19d7cd96d887a08490a0e1fa1863c5a546b9a	docker-compose.yml
KineticTactic/UnionBankIdeaHackathon	5e462ad22c4dcb0a413ebcb5c71ebe4cb56e1654	L3_CHRONOS/docker-compose.yml
shivamgeek/FoodDeliverySystem	537364e998d75202cb51f4c94e7c6cdde1f4f091	docker-compose.yml
apache/pekko-platform-guide	8c706b5e723586dd40f0a3adcef1e6cbb5af9c45	docs-source/docs/modules/microservices-tutorial/examples/03-shopping-cart-service-scala/docker-compose.yml
andersoncouto/Streaming-ETL-Pipeline	103c071b3c2477749aea40f187844bfec6272219	docker-compose.yml
Arnat-Aree/network-pj	d72fa399eebd7133b4262c2ee714d5dc1da82e12	docker-compose.yml
maiisoo/ecom_stream_processing	33b1e457f34f72052c0d3562b21232ae495176fe	src/docker-compose.yml
Dymm88/LibraryKafka	db77b7cabc95ddd4a034862dfdc68f45c25ba0ec	src/docker-compose.yml
oguzhansecgel/MicroserviceExample-Java	3236d109705f573b230ce82db612c0073ef9855a	docker-compose.yml
ndaDayo/kafka-sandbox	33bb8ee1281c05ceaeba9fb45839dbff86353623	chapter07/docker-compose.yml
rupeshtiwari/pluralsight-operate-and-monitor-kafka-clusters	59c61ecf45faa435042c37b184bc29ee6c35f694	module-2/demo-4-verify-after-scaling/docker-compose.yml
Bianca-Cassemiro/inteli-college	721bb856ee70ae42f3a892d58d8feb3023fd0fc6	modulo_9/atividade_1/kafka/docker-compose.yml
NdarkASH/microservice-java	1e36e8f143d28900827c9a548409b6a3da731bbe	docker-compose.yml
Aftaza/polution-traffic-lambda	c4befbbf0707b48b62962181310f65d1b2559edd	docker-compose.yml
Med1Help/micro-e-commerce	674ae65eac55a29888d00ca7a213847d96f09f46	docker-compose.yml
valterapolinario/desafio-elo	7776274ab727909bd2966b70e90cee2d83e8697b	poc.elo/docker-compose.yml
Adeshppp/Shopit-A-Microservices-Based-Online-Shopping-Platform	c3a47d99df0e1ee5c97f0404fe6c757fc6dc93fd	docker-compose.yml
9Roflander/BigData-Labs-UNIME	4d74f1ee4797b12ca6ff4987521b115772487f09	Lab3/docker-compose.yml
Parnishkaspb/MLops	7ae5f6779a29848e2b38b0a56ac82c67c5cff0df	lab1/docker-compose.yml
vananh30/fraud-detection-system	2e399bd6bb1591c9ca7a42756782a904db6d4ee1	docker-compose.yml
prathamakkewar77/Twitter-Clone	bf8d75681b7b1afb3df132509e1dacf7f31b9ff8	docker-compose.yml
GitRoh1t/FlockX	564fb389437069c637f0e6e8875b18018d8a4d6e	docker-compose.yml
EdGyulnazaryanDev/ERP_SYSTEM_FULL	622ed71d7f097e4bb8374e0b1fb800b95a48d492	docker-compose.yml
duclm2609/demo-elastic-apm-tracing	e0fbe50eb0bd65aaa87ba77d0b5eec3cc949e1a9	docker-compose.yml
joaoblasques/e-commerce-analytics-platform	2778524810c5487af0b43f6483a2d341c425fb69	docker-compose.yml
jeqo/kafka-to-hdfs	2d7f942c655347fdbe45d9c8e0a16a80a6c04f3c	docker-compose.yml
EnesBaserr/E-Commerce-WebApp	262ced1214694c887bed5b5c03fb17b6e0c0a404	docker-compose.yml
faruk56-arch/PROJECT-SPARK-KAFKA	ec3dae859f5642c497712d9023f68210d99bd8ef	docker-compose.yml
beyond-sw-camp/be06-fin-SENAGAE-Enadu	c08a83c1a07e79147989e6feb9e05fbfbfca0fad	back/backend/docker-compose.yml
Daniel-Lampert-UCB/ucb_mids_w205	9406e31cfa9ba8848a3ec1181c26546da3a49763	course-content/12-Querying-Data-II/docker-compose.yml
OtusTeam/Spring	0d474a10ccba9a00f2821b8d17fba8cb7ad95160	2025-07/spring-38-kafka/docker/docker-compose.yml
DPeshkoff/Kafka-OPCUA	110877c6ae34803f9171a33d51fcef02050d5485	docker-compose.yml
rpnr-bench/T03_R01_C02_A03	6f274fbe1996702cf040770a420dbefc215cba17	docker-compose.yml
rpnr-bench/T03_R01_C01_A01	c06328d77f6ca49bf9a83620953bc2c74da3a135	docker-compose.yml
rpnr-bench/T03_R01_C03_A01	064f74f1b65479c72ea9856b067a21da8ced2c60	docker-compose.yml
rpnr-bench/T03_R01_C02_A02	3239677ba52ff941c6ebba6b08ded2e8f2778892	docker-compose.yml
masfworld/datahack_docker	ab487794745499248388b67cf574085c5d86746e	docker-compose.yml
gojo-op/realtime-notification-service	aa8cd9b921e7d5cd4fae05bc19e24eb1fdaf62b6	docker-compose.yml
Ahmed-BS11/Cycling-Stations-Monitoring	73d9992d152a0e4feb695f2417f96f63485cc555	docker-compose.yml
erkan4534/spring-batch-sample	3eec3be038683ff81a076ab5ebbad0671b3f48e8	docker-compose.yml
rish-iot-projects/TecheyStore	3472a804e3ae5c68268a0b6651a35645574c6242	docker-compose.yml
AAndersonSantos/Kafka-Nodejs-Typescript-	87033dfa894b4b27c49d6aae04ddaa7fbe024463	docker-compose.yml
abdulwahidm/cdc-demo-debezium-kafka	d62fedc83faed5f0f30ff2c891372e85bd65315b	docker-compose.yml
Thales-Eduardo/go-kafka	93c7239fb327cea665c99903d4171745dff6ce90	docker-compose.yml
EthanHosier/go-kafka	33cb95206e2578d1956529c8741d6ecf9c20ccff	docker-compose.yml
RufanNiyazli/Microservice	a3e39022ff7e40a274444d17114c617f49f3193d	docker-compose.yml
brycemcd/mute-button-video-training	0486b651c2728ca3af98b89beef2454e97898208	queue/docker-compose.yml
suyeon426/labshopmonolith	6791d76a909cab1a48be1b0c48ee509c47d7ed12	build-docker-compose.yml
jakebyun/labshopmonolith	1125c4ea53e47521d6b93445edb00d68b14bc1bb	build-docker-compose.yml
hoon0919/labshopmonolith-250611	94297e6bacfc6d1115876c6577a358763c1acd4f	build-docker-compose.yml
chamcihn/labshopmonolith	d332ab38afc6b7e6c1929a01574cf953ee1863bf	build-docker-compose.yml
trash-repositories/pet-supplies-and-fashion-shop	ec243d8382ace3e1696ab24ef5e6ad28a56f0b9b	build-docker-compose.yml
Takedaxz/CEDT-DS-Project_LittleMermaid	f29d23045e921fa2c3a03b911af224d599945df8	Kafka/docker-compose.yml
shivaram0583/apache-kafka	2b98ebce1a60f941a7d32557350d258105c9a599	docker/docker-compose.yml
Adity-star/lineageguard	87eadfe5d4e712031811d6d40890975de5e4b0ec	docker-compose.yml
tomasalmeida/dedu-permissions-deduplication	fce17824e595d814dd7102f1e13293298aca5307	examples/sasl-plain-cluster/docker-compose.yml
hamzamehboob493/etl-test	7a920d4118f7ff3e3f5a4789fa784b6fe6916a8e	docker-compose.yml
rustutam/LinkTracker	aad7dec1d5c2605abf31ace19066573b4a0e6d26	docker-compose.yml
iaschowrai/ecommerce-project	75ad9d0dd66f8e41c1d644f53782c75ecbeef82f	order-service/docker-compose.yml
pragatimehra/ai-fraud-detection-monitoring	6ccc6be3286a87fc60cba03d5fa6d3bff29f47e5	server/modules/docker-compose.yml
nethish/experiments	6449d39be25c4a4a59ae6fe8807328b243399aba	spark-streaming/docker-compose.yml
Novacancy531/java-plus-graduation	ab5cc555c744dbb83accb9686506dd8c9c09d239	docker-compose.yml
rohansimha02/FintechDataEngineeringPlatform	30f2def9559c210d0a67dd4d385307c4cb64b187	docker-compose.yml
Clojure-Developer/Clojure-Developer-2023-10	93eb4187a105f164d6a69f0f46d4a7dee5f503ff	otus-28/docker-compose.yml
DouglasMarq/image-processing-with-authentication-microsservices	5b45e839caab57fd8de2a7f10b5634c3a98a7612	infra/docker-compose.yml
manikantaraju12/event-driven-notification-kafka	0d317e745fdffd1961278b3bb0cf7d0fe3d5a8c7	docker-compose.yml
DimitrijKrstev/AtmospheriQ	e4f3d11356970dcef24a595e04198a71f49b0455	docker-compose.yml
kduytran443/online-learning-platform-backend	9ff1005826911b50055125f6f214ae00cb8e71da	docker-compose/kafka/docker-compose.yml
GabrielG71/sla-monitor-api	767acfcb907f666540eb094d0d5465c868fea535	infra/docker-compose.yml
dtaylor-us/LES-to-MECT-Integration-PoC	f222a2b62c9c1d8312b85f0b92b9835d8bd14e4c	docker-compose.yml
mvvasilev/personal-finances	8637fd1dd58361a7653ea9b08825d56aafdd312b	docker-compose.yml
Tran-Hung-2k2/db-server	c6aba254facb9abf31e705d00f53ef86f6710498	kafka/docker-compose.yml
Clojure-Developer/Clojure-Developer-2024-06	5c9cffdd653e793267edeee1406351c851ab8827	otus-28/docker-compose.yml
subhradip-me/AI-Session-Assistant	c89a7531de3d4257c8611579c894beb815af26a2	infrastructure/docker-compose.yml
sutarpriyanshu/distributed-Task-Scheduling	2d0dbfd7a6b85d487378e2909179769cc4906418	docker-compose.yml
deeprajevane/Java-DE-Deliverable	1416ead66e514f4d042265e56a6763e51fc636a3	DevOps+GCP/FinalCapstoneProject/Docker-compose.yml
DE-E-K/DEM10	7f33b9be49d2c8a067a349dc52f903380983e900	docker-compose.yml
ritsctpl/mfrbmrservice	308ef575f7eacce0e04dab418df082d5f8d53706	docker-compose.yml
NgQuangHuyit/Stream-processing-with-spark-structured-streaming	af301e7b45730ae59275064892a120e7a31856c7	docker-compose.yml
mkakpabla/ecommerce-recommendation-system	992a3fd9b4aad0b1fcdf03c4d0f08b58d79f402c	docker-compose.yml
dostrovskiy/otus-golang-home-work	1b85576a204ce77fdd1b8d2146010cf2b0a967e4	hw12_13_14_15_16_calendar/deployments/docker-compose.yml
Akin-ctrl/Log_Processing_Pipeline	ad8611ddcf7162fe1281f5f83727119a24d99100	docker-compose.yml
Huynhlehoan/ThucHanhNhom_KTTKPM	2413caec603bd88801aa71946b07c2ea45738de5	web_banVePhim/KafkaServer/docker-compose.yml
Henrique9ai8/backend-sarf	06b3095e3e97677833713a994e0009bfedcd1075	docker-compose.yml
mmonirul/DotNetRandomExperiment	fb60e391c5fbcabeb97e0e0456423c717ec34891	DistributedSystemDesign/TransactionalOutboxKafka/docker-compose.yml
compadrejaysee/Spring.2022	6be44cd42827e93917d89d15b378ecd2041b0c3e	Big.Data.Analytics/Spark.Streaming.Zeppelin.Grafana/DrWaliUllah/docker-compose.yml
mohmadzaid123/microservice	dec19a5fa98a1be48c2b44994d3ceb977bc38f98	docker-compose.yml
megaheart/viettel-assignment-21-linh-tpm-1	8be231d41087758c3e31f42668c0903ad627b0b4	docker-compose.yml
ghadamhadhbi/ai-code-review	a9e860f8323c4426ea630d91ec075a68d3a7e916	docker-compose.yml
nagcloudlab/strimzi-batch2	93705bf7234722f3ff39d836993477fa4b416f40	kafka-streams/mastering-kafka-streams-and-ksqldb/chapter-11/docker-compose.yml
BlackAntik/service-oriented-architecture-	4fefafef5b61a3cbddb27018d96ff5ad27fedd52	kafka+clickhouse+postgresql/docker-compose.yml
mdedetrich/akka-platform-guide-apache	b01199faac7950c8ed922d19ff30284867c6822e	docs-source/docs/modules/microservices-tutorial/examples/03-shopping-cart-service-scala/docker-compose.yml
ep-infosec/33_apache_incubator-pekko-platform-guide	5163342d3ff965f2578137a8162868cb0880dd8c	docs-source/docs/modules/microservices-tutorial/examples/03-shopping-cart-service-scala/docker-compose.yml
ftp-andrei/WorkSpace_VSCode_IABD	8787d991f61eb20604124b75ebe9bcab22117cde	BigDataAplicado/Examen_3ev/docker-compose.yml
monmarupeddi/Projects	078ebd184ea6a4eaf1c025d8a30abb1059501271	Property Listings- Real-time Data Streaming, Processing and Storage/RT-DataStreaming/docker-compose.yml
mbukowicz/mbukowicz.github.io	3c5f13a7f6d00ae1b5a575ea11827dc9fff2491b	_experiments/kafka/test/scenarios/jmx/docker-compose.yml
lucid-works/metrofox-test-doubles	5c0c63a779e9d6eea83b803174078c7426f47613	metrofox-test-doubles-kafka/docker-compose.yml
devnoyo0123/asdf-system	25beb9a0df6374e0735fa5b9aba9e32a0499c998	food-ordering-system-container/test/docker-compose.yml
devicehive/devicehive-java-server	905e3b932ddc30bd239a192e6eaadc3e5f17004f	dockerfiles/devicehive-kafka.Dockerfile
AutoMQ/automq	e531e4c968bbe9a4345ddfba14f7cafcd7e0aa93	container/bitnami/rootfs/opt/bitnami/scripts/libkafka.sh
long2ice/synch	d26f30a478fa4e36991008b0410c215b0ef6538f	README.md
long2ice/synch	d26f30a478fa4e36991008b0410c215b0ef6538f	README-zh.md
ethibox/awesome-stacks	ec5005c23294fdda3a237ca07756600cc2ac5886	stacks/posthog.yml
apecloud/kubeblocks-addons	413f0af7c7938dd5bb56acbf13fcfab27f80c8f3	addons/kafka/scripts/kafka-env.sh
slpcat/docker-images	3d6c022a6abc699e3bc768c72a95742ff9d2ffc8	kafka/NOTE.txt
kokonior/NodeJS-Projects	94383782aa273c162d2aa7d315ba22e1dcf2ec48	kafkatest/consumer-cli.sh
kokonior/NodeJS-Projects	94383782aa273c162d2aa7d315ba22e1dcf2ec48	kafkatest/producer-cli.sh
hazelcast/hazelcast-platform-demos	7feca2fd5dec834ee9df3f319893dc46d8a5d635	telco/churn/src/main/scripts/docker-kafka0.sh
hazelcast/hazelcast-platform-demos	7feca2fd5dec834ee9df3f319893dc46d8a5d635	telco/churn/src/main/scripts/docker-kafka2.sh
hazelcast/hazelcast-platform-demos	7feca2fd5dec834ee9df3f319893dc46d8a5d635	telco/churn/src/main/scripts/docker-kafka1.sh
hzde0128/logCollect	5e92f9447d2c83e0072779001864dad9436fdeca	README.md
llamanodes/web3-proxy	f4a71ee0b621c461828956436f6d55372228ec18	docker-compose.yml
lixd/kafka-go-example	583015dc453506793c069314e33371b8a0e6e96d	kafka.yaml
dcmartin/open-horizon	f37538b2114647b65b1fe9a685397dceb0e26156	sh/run.kafka.sh
memgraph/data-streams	640eada56bcd11673e8fe87ea863afbb852c6582	start.py
hazelcast/hazelcast-platform-demos	7feca2fd5dec834ee9df3f319893dc46d8a5d635	banking/transaction-monitor/src/main/scripts/docker-kafka2.sh
hazelcast/hazelcast-platform-demos	7feca2fd5dec834ee9df3f319893dc46d8a5d635	banking/transaction-monitor/src/main/scripts/docker-kafka1.sh
hazelcast/hazelcast-platform-demos	7feca2fd5dec834ee9df3f319893dc46d8a5d635	banking/transaction-monitor/src/main/scripts/docker-kafka0.sh
rivaildojunior/microservices	50d2bb7587f00e32e329569d6a7e31ac56712548	README.md
Aiven-Open/klaw-docs	f26ee1ccc7d5bef6e0ef3326d1954a1ef794e616	src/components/QuickStartRow/index.jsx
Aiven-Open/klaw-docs	f26ee1ccc7d5bef6e0ef3326d1954a1ef794e616	docs/getting-started/quickstart.md
kyyee/springboot-project-seed	e0960d732a0a85821a961280083c27ee38c377dc	assembly/docker.sh
folio-org/folio-ansible	6a1ccffe46fe9087bb690724b988bb5674434e52	roles/kafka-zk/templates/docker-compose.yml.j2
irvin-s/docker_repair	6e3d43423b58a2631ff6850f64b11226f081bb4b	binacle_data/sources/457361063.Dockerfile
irvin-s/docker_repair	6e3d43423b58a2631ff6850f64b11226f081bb4b	binacle_data/sources/457361039.Dockerfile
irvin-s/docker_repair	6e3d43423b58a2631ff6850f64b11226f081bb4b	binacle_data/sources/457361055.Dockerfile
irvin-s/docker_repair	6e3d43423b58a2631ff6850f64b11226f081bb4b	binacle_data/sources/457361047.Dockerfile
TerminalSkills/skills	2b499e1159ed201c7f2a40a52556c483c9786ca2	skills/posthog/SKILL.md
pkbhowmick/go-kafka-demo	6314e0fa312478d4c612d33e70d2f3b52ff2e955	README.md
godelgnisEJW/real-time-monitoring-system	4c3880c1f98e769dd7a71125f4f98a6ac240de5a	Linux/app/kafka/create-cluster.sh
mia-platform/documentation	3149f3983cd3a8d1f3caa3662a1765f50f54cea1	docs/runtime-components/libraries/flow-manager-client/setup.md
DataCloud-project/ADA-PIPE	72531d082f64d62b996aa6ceed65bf8d4ff64720	frontend/templates/mog.txt
mia-platform/kafka-healthchecker	9d0e0827694a0e5d68d9e2f187fbee5f0efec544	docs/30_Setup.md
brucevsked/vskeddemolist	aa210a86a737d1b8859b937f045973b2ff963f9d	vskeddemos/documents/deploy/docker/vskeddockerkafka.txt
mia-platform/documentation	3149f3983cd3a8d1f3caa3662a1765f50f54cea1	docs/runtime-components/libraries/kafka-healthchecker/30_setup.md
Zhouchaowen/Labs	79712f14b8344758859a3265944b8895e9be49fa	lab_kafka/run.sh
markditsworth/TweetAnalyzer	216b153ccb19528b5b1054f2b66cf3797a32c089	kafka/run.sh
xftxyz2001/atguigu-springboot3	5854e1f9ee0732fe259d2029b6c29d9c3f5b4dcf	10-场景整合.md
vsurak/cursostec	56a66e3d1a0a89ba054633ad2ba0e81977b01bc8	bases II/KafkaExample/commands.txt
onewayautomation/ogamma-logger	deffc5e349c73a98a4bb1463f16b5f633e22e68c	docker/kafka.yml
YellowKang/Java_Manual	5f313cbff6c28beb85f0d976218b32ba7e526988	MQ(消息队列)/KafKa/Kafka安装.md
NSLS-II-SST/sst_pods	581a9851750da4c74e04098e5665f0d5804267dd	start_ipython.sh
mia-platform/flow-manager-client	e0b58b14ede2cd2bd0e7624ae1347f7e915fd284	docs/setup.md
sanbing-java/JCPP	0253f51da9221fbe50d5f3a694b863d5cf3c1d74	docker/kafka.env
anqorithm/RealTime-StockStream	ee778e19b7ae4dc8e49554b99c9d1110ca8fd9c0	README.md
codejsha/infrastructure-examples	19f15a1b63ddf41b2ded204de261ffa455902f20	kafka/command/kafka-topic-commands.sh
lixd/daily-notes	dc804e7bb891c3b0624ab8f9225b192ef5b1a9f5	Components/kafka/01-install.md
kurtosis-tech/awesome-kurtosis	7c449fea3cad317ff38dbe98aa537b08e2e0b605	flink-kafka-example/kurtosis-package/main.star
memgraph/reddit-network-explorer	672702c9b9d7e179d92c004026296088014f3d8c	docker-compose.yml
Rocketseat/backend-challenge	1a5938d3f287c6942a406e3f4b004e51243a3f18	docker-compose.yml
Adeon18/Mori-Bazius-Backend	f33b8bae5cfdd0e5b65266dc053a067cb79070ab	kafka/run-cluster.sh
NSLS-II-SST/sst_pods	581a9851750da4c74e04098e5665f0d5804267dd	start_bluesky_services.sh
akumaramar/ModernECommerce	4db8006d0354834ee1bb008fc86d34254effd79c	Kafka/RunKafka.ps1
brave/constellation-processors	b4c0c2cad06146c0e8df56027bd5c93b2badf708	docker-compose.yml
iceymoss/go-hichat-api	8afc9e3e49b33b0eaaf86342a4bf977dbc807d86	docs/development-guide.md
dfds/dojo	0e32693f58ae6236882ead3b552ee87638f988b6	workshops/event-api-deep-dive/demos/1/docker_kafka_kcat_demo.ps1
cod1ng-earth/event-web-store	7a1ab64633f3b3f9974b4e15d6f45899b79a290d	shared/docker/kafka/Dockerfile
rivaildojunior/curso-microservices-kotlin-micronaut	164ba648c0a2c18ee56bd6439fb8cb89e873a369	README.md
openservicescloud/oscker	3686b4d8cb88225a190de0702fffeae9f6b4cc74	README.md
tarathep/setup-kafka	e42710bf19922285f2da2f9fec4ab7176608b94a	README.md
RomanNechaev/PasteShare	3ab03eb712e2a851893a78fa37d35f53b698f0fe	README.md
jzfai/micro-service-single	c6d2427e3e8d52527379ea9059bfb1c72255f344	docs/springboot集成kafka.md
Eljakani/SIEMTINEL	34c35d3f8dfe4256e660eaeb767e68bdaba9dad9	kafka/Dockerfile
zhongwei/zgo	2c4fe814b25c951769a657ca6f02c1b978dd2f92	README.md
tungtv202/MyNote	aac9dec493a1977ecb559c4adc3fd0867ae0be4b	Kafka/Kafka_Command.md
PhongHuynh0394/Simple_Kafka	a0b0fbe777757a054de2f18932eac056b8936aa6	env.template
memgraph/starlink	51d58b70384ec0bdb0703e14cbf1b790ee180a7d	docker-compose.yml
iceymoss/go-hichat-api	8afc9e3e49b33b0eaaf86342a4bf977dbc807d86	docs/development-guide.zh-CN.md
atengk/Ateng-Linux	95fff3bd02671adbee09b2e0e4026b674a26e394	work/docker/service/kafka/archive/README.md
assassinillya/TOGENASHI-TOGEARI-IM	e5e75a5ac04d849efed02049ca02a96c8e9d87ed	kafka的启动配置.txt
skroutz/kafka-cluster-testbed	77986bcd80bd5cc88742012837c4c429064a0753	.env
vgoer/wiki	4a0abb0699a560da4194f3c96f90ff482a19c667	后端笔记/09hyperf实战/20kafka.md
KhaledHosseini/play-microservices	265ee50f6e25ada65ac849ba53f8ba749e0b3687	email/readme.md
long250038728/web	6388830b27c70e50d08dbe5dfded4397d26f0304	doc/kafka/init.md
inviqa/harness-go	99f87c0ac49db5e0d2dfd18743c3e3a659a2b192	_twig/docker-compose.yml/service/kafka.yml.twig
TerminalSkills/skills	2b499e1159ed201c7f2a40a52556c483c9786ca2	use-cases/add-product-analytics-to-saas-app.md
Jonas56/projet-federateur	fb3042d485d15b13b29d21583e1353c784c9a234	env.list
wiloon/blog	1121e9bbd8eeccdcc3a16585c0d360c09f68cff9	content/post/cs/kafka-cluster.md
starlog/poc-message	8c72f1d82c6b8caec5c8a234bf0e18fc09016492	README.md
CesarAVegaF312/DYAS-Kafka	d325dbfa598ba03e90a047741e9c0825e6cd2c78	README.md
JandaghianAmin/Setup-Local-Kafka-Cluster-with-Kafka-UI-Enabled-Using-Docker-Compose	5bc3a4cb4ae546a1c2e235ec86293ec88367b52e	README.md
Priyansusahoo/event-management-backend-v2	dd2e4270a1d0c232b2642d8193f0c6cc3537b48a	README.md
rodolfoHOk/dio.livecoding-votacao-online-microservice	2454835c7d095af9fb5684322e301e10755fbd96	README.md
eduardoAssuncao/estoque-service-kafka	81393ff43d4856c18b7b69596a682ff1b0d349cd	README.md
senaserdar/SendEmailWithApacheKafka	6c4b2e63986fb5def36eaa52727dd2911a539b84	README.md
rodolfoHOk/dio.livecoding-votacao-online-api	e931e9b34b4e499c707b60c3a6d5a97162a82acb	README.md
mnaufalhilmym/hilmy-dev-tools-api	da82df3e2279f362730a76e718eb9f04a5bc1c04	README.md
ismaelsousa/kafka_spring_webflux	3d947d1a603e386eb9646416882b9392f092758a	README.md
SheepSeb/Go-Drone-Mocking-Producer	71f465999980aedd1ee2506a65f9000ad539fb37	README.md
lonelyJOJO-s/log-collector	0369f0999c0445e9b3350f70f80aa2eeb01ce6e1	readme.md
vanphongngo/kafka-demo	829265953ea7a2f8b90ead15d840e8b707023d37	README.md
AGou-ops/docker-compose	ba872bf89f1e2411bd56e6fb4df41a1afb300321	Docker/基础/29-docker-compose自动识别主机IP.md
noironetworks/opflex-cni-test	36765081a31f2548fa21d6431ebb49edd2d6d3ed	data/kafka-k8s/yy
bosh-rebels/kafka-elk-spike	91f41d1dbdaf225b367616dcfa4d1bf976313bd7	kafka-docker-compose
EU-TEACHING/teaching	80e9726609d9fe6938681259c035ae9c5f830008	teaching/app/app.py
moleculerjs/moleculer-template-project-typescript	0f4af078633f3eaefc4eaa4a5201231e4f3be0fc	template/k8s.yaml
newfront/spark-moderndataengineering	a06bf1854bed4f5b9c23cb324642b554d77cdc6a	ch-11/exercises/01_kafka_up_and_running/README.md
ervand7/Summary	6ba83549efd51079dea827eb39fd3beedb1ed1a1	_ Interviews/brockers/kafka/brokers and replication factor.txt
bitnami/containers	34f3fe7daf41eee1e55ad78b392d839c954e42fc	bitnami/kafka/README.md
open-telemetry/opentelemetry-java-contrib	4c0b40d2762693ac7c9e6762665f42d462ff5b66	jmx-scraper/src/integrationTest/java/io/opentelemetry/contrib/jmxscraper/target_systems/kafka/KafkaContainerFactory.java
markditsworth/SkillsInfo	d6e31143f4ce99b2ed98d4310942997f4f9e5137	kafka/run.sh
alleycat1/synch-dev-pro	a972c19b0e51e3c898d3ddb6fcd1a2546228bef2	README.md
alleycat1/synch-dev-pro	a972c19b0e51e3c898d3ddb6fcd1a2546228bef2	README-zh.md
senezdev/Financial-News-Analytics-System	930b4bddc289aebb1a31d1885c20a344e77ff2de	README.md
clearml/clearml-serving	c0ee96e19cdfa39d15cee7f2e60b1ab68ed65608	docker/docker-compose-triton-intel.yml
boostcampwm-2022/web03-FanUP	e19eb8e0b775326407bb47ec599cd7bf8e9667dc	server/docker-compose.yaml
huantt/kafka-dump	6e0f478103c5eae4c95174e2518f0e0ed305c27f	docker-compose.yml
transferia/transferia	d12a941cdda6452e6081a5dc8fcc305979b93f74	vendor_patched/github.com/segmentio/kafka-go/docker-compose.yml
tarathep/kafka-security	988be53a691d2c6f2d9290f7cbf0a1a557eddf17	README.md
r7wang/stock-up	617186e36d6ce8e6b32d80653591cb6d83257879	terraform/gce/kafka.tf
joaquinbejar/StrategyExecutionEngine	aaa6f9a14cb4ddd155be01f12fbbd598e27a2971	Docker/kafka.yml
jaehyeon-kim/kafka-pocs	4c9fdaf69f955ecdfa39656e832820d25c8d0ee7	kafka-dev-with-docker/part-10/compose-kafka.yml
polyzos/kafka-streaming-ledger	bcd198bc623fef060887ded3e2323c52ed838975	docker-compose.yaml
crotodev/news-scraper	12ffc081a65c7a11359c93dbc5ef72ab3f00e056	README.md
walter-mo/docker-compose-container	40501b57cd1a665b105fe4171a5a13cbcfc44cd9	Docker/基础/29-docker-compose自动识别主机IP.md
tinaxiawuhao/docker-compose	bcb365194639dac8a8389711209ef589f899db50	Docker/基础/29-docker-compose自动识别主机IP.md
Jiayg/docker-compose	6d2207a5324ca1d68dd1e4913db21e04044701d1	Docker/基础/29-docker-compose自动识别主机IP.md
alpayOnal/golang-microservice-apps	2e5fb3bfce680c220bab23924d213e3def098f2d	micro_app/docker-compose.yml
ZhaoTonApple/develop	5616f0be18e042d74266caf5dd4dc4529743fab8	Docker/基础/29-docker-compose自动识别主机IP.md
lelouvincx/Chinh-Dinh-training	1a60f497fe59d6de614fb7808dc442a29ded1333	docker-compose.yml
pip-services3-node/pip-services3-kafka-node	dcff2e210a432916afc436b1c27f5b31a566672a	docker/docker-compose.dev.yml
colrium/collect-backend	2d619edf263beb21f32836ebefee569719bfb86d	kafka.yml
lorenzofelletti/EdgeCloudApproximate	b06a092a77e4663852f8f7c1b444ce3f65a56a4f	docker-compose.yml
exaspace/rabbit-kafka-bridge	c4b3d6dd802f26f121c96259c7e57a3b27095b70	docker-compose.yml
mozartilize/saksa	8ff7995232768d4bc563f10905a5e20546d1ebb0	docker-compose.yml
davidarchanjo/spring-boot-kafka	5f98fa5e9dc0ef2f67fcc2f10557559a321d85ba	docker-compose.yml
ugenkudupudiqbnox/sentra	f387de6cbc4da50f9ec6d0a392fd22d04dec1efa	docker-compose.yml
astagi/website-monitoring	0b79f2350932cc35a49a05b42e9089557afa53d4	docker-compose.yml
funny/funnydb-go-sdk	5bfd5d487c5a52436f35b859d428aa77cc64c082	playground/docker-compose.yaml
chansanya/chansanya.github.io	1cbae36947f9612d42cfad5510120344215706c0	docs/01.知识库/03.docker/04.docker环境搭建.md
nickytd/docker-compose-fluentbit-kafka-logstash-opensearch	da969b13fccc00f596c1604dbe19d8aec7e82c0a	docker-compose.yaml
jorisroovers/systems-playground	0c930b024f96e0e7c8e08d3b1e29014e8bbdfc35	kafka/docker-compose.yml
DavidSche/davidche.tools	de7f45147b4e800d2e6ad8b81c04b6c3baa843bb	stacks/kafka/docker-compose.1.yml
CloudComputingJinshuang/advanced_webapp	0b9b486470f3c577dab16f81949a979014653471	docker-compose.yml
michaelpaul/kafka-lab	b15c9605cbd51f7308475702b84a7e8ce167d963	docker-compose.yml
hmdmsd/naolib-project	a0c8c43ca7b7004680e7bb15199eea374517b52e	docker-compose.yml
sharondescalo/twitterAPIExample	1dfab5ddc108d4862cff8dce27a615d3e85922ac	docker-compose.yml
rsrini7/Notification-WS	e92002c80847417cd394850c79891bb2824b5322	docker-compose.yml
Floyme/Event-driven-ledger	728d5f5c851365a7f32fc82dddc9d96ba046f1d1	docker-compose.yml
vinitdeshkar/kafka-messaging-system	2c5cacb39634bc5db432076b7212adf6efca4a21	docker-compose.yml
Rawdyrathaur/OmniSupport-AI	b111144f734089c8aff2ecaf4378173dc8de4350	docker-compose.yml
khoaihps/GR2	7471a5c2d9c70ae69ffd89ff7e178727162d0cb7	k8s-ops/kafka.yaml
NicoMonc/Tarea2SD	a4d51d3787311ec7141dd7c86ec25b5ab0c282a6	docker-compose.yml
jvzaniolo/backend-challenge	f6a6317e8fd34ed4e5109b36b907a0f0fb2ede34	docker-compose.yml
juniel-filappi/rocketseat-challenge	f0aa40ccddd8300a2b4801ea497d5774ee3b49b1	docker-compose.yml
turn-digital/docs-test-nextra	f88c091d87a51e49a64cbdd9beef2a932a5e63f2	pages/books/effective-kafka.md
yusufgzb/Smart-IoT-Infrastructure	e516eb5343eed1a876640d38bb74cab477a8c3a0	docker-compose.yaml
simonhoyos/earthquake-service	6b03118d8d5a1814669fda7820c043d262f5c264	docker-compose.yaml
jmontesinos91/oevents	882d159d176e6cdbbbca78a316a390bac15908f7	docker-compose.yaml
onlyphantom/workbook	b3a8d7dc1e83ccd77f68fbb68097f12336dc543b	kafka-redis/lab_kafka.mdx
harshitshukla200/event-driven-product-management-microservice-platform	77f5d27f5800197a13397b4927007420f3cb6146	docker-compose.yml
DavidMS/curso-kafka-desarrollos-java	f37146f9ce6868979a362db7e35410578f8a0582	docker-compose-ui.yml
AmpereComputing/bitnami-containers	098cb659386756407e84274c0cb5cf8527ecb539	bitnami/schema-registry/docker-compose.yml
Uziii-man/Sample-Kubernetes-Project	cffc7461b1f27d714982efdb09ccd2a166ff4f46	k8/kafka.yml
jeffotoni/gokafka.poc	cc0aded4c33600249b9b16a712953e53af5b2545	repo.docker.kafka/kafka-bitnami/docker-compose.yaml
BlackLik/melcdl-backend	eda662323fb621d501b9eb41f613858e3d3059d3	deployment/docker-compose.prod.yaml
mukhtar-zargar/ms-devops	ed02b2b50933fe695827283c703da66879a57839	dockercompose-social.yaml
a-samir97/go-microservices	7f25f305084f55b61eb5de6c1f24354d9057b4ca	deployments/docker-compose-kafka.yml
Jokecin/Sistema-de-Autenticacion-y-Seguridad-con-Kafka	73cdad045a8bc5fc2cbe158c16ddf409af346142	Tarea 2/docker-compose.yaml
dextercai/DailyEnv	b8fa845f65bec40583480b7c2955c2175cfd64fd	kafka_dev/docker-compose.yaml
hd900415/My_work_use	46f11cddcf1f9071b8f80c4983ae6f2fc115bf66	Docker/middleware/kafka/docker-compose.yml
aleka07/Digital-Egiz	6edc109e49a73b8c33749a25399b9e04f4481c77	docker-compose.yml
mgichure/KILIMO-STACK	d936b9e91f5bcae6ac750ebd0cbd8868fdb29128	docker-compose.yml
wheel-pet-project/identity	8e0004b33a26a564207566ceb1f9b055c2e3033e	up-local-environment-compose.yml
muazmemis/getmobil-dev	2a152daabcf61bfc5c0987f65f8ad3db0983e1cc	docker-compose.yml
cogini/absinthe_federation_example	2879e739b8196758174f1a76bed2299eb9db1983	docker-compose.gha.yml
VatslavDS/kafka-bitnami-cluster	04e4c6f6858d9f2c304282f7ac361a7bc3e38d57	2/debian-10/rootfs/opt/bitnami/scripts/libkafka.sh
shin-je-woo/MiniPay	dcc38e7809298b712e665ed8ffd42e429b239662	docker-compose.yml
dangphu2412/nestjs-templates	f18708de9c081226f2d3fd900efe650724ba52d9	base-project/base-microservice/example-gateway/docker-compose.yml
Yakdanol/Network-Sniffer	db611e0746219d7dff92074ea6c56fedb5f394bb	ns-traffic-capture-service/docker-compose.yml
rrs-3199/airlines_data_analytics	0ddb71ebc3473cd682b635dc04405759a6ec3336	setup/kafka_setup/kafka-deploy.yaml
huynv24/docker-kafka	f24233ccecae1645a997338363df980416be9597	2.8/debian-10/rootfs/opt/bitnami/scripts/libkafka.sh
NE-smirnov/microservice-databus	9354e8c3d0a81d98353a2c9f47fedae58ce57464	docker-compose.yaml
Marcos-Felippe/node-microservices-example	cde787e9eedcc4f6ca41abf39f8653f528ccdc2f	docker-compose.yml
elevensheep/FoodieCircle	00db990ed6cdf7c23a1f462a101b0bbaef8b39ca	docker-compose.yml
ayascodes/GeoSafe	bd7352e242caf2bd3de36c6c2b4bf0924dd507d7	docker-compose.yml
Donish/ChatCryptography	de6e220c0ead9a7a8ed548b8413aa6792e9c740e	docker-compose.yml
ricardodiasc/kafka-inspec	fa11d3153597490a05d30f03003e9ef5a31506d7	docker-compose.yml
pedruuv/Tracking-Delivery	c8143f62228e8b0e00f727ff85efbf50d118edd3	docker-compose.yml
koriebruh/simply_microservice	572d0ae7aeca7665ef39e958e507ddced1eb7d80	docker-compose.yaml
Nasruddinkhan/docker-compose	6c960c7b79c2cbedf0bc3d450bd60f6ab094b31a	kafka-with-zookeeper/docker-compose.yaml
illia-stv/kafka-connect-course	bbb61c878493ba62603320504b3723018dea2fc3	elasticsearch-sink/docker-compose.yml
sssteeefaaan/master-I	0c37e66b3b19fa4ae40960d955014371636c779e	asvsp/racunske/05_kafka/docker-compose.yml
MstfTurgut/weather-app	bd4215f2d8883bb8c93cb185de0ea22ebad28c97	place-api/compose.yaml
Jags72/bitnami	c68c82c5f8a82656128b335a888cbb056695f000	bitnami/kafka/3.9/debian-12/rootfs/opt/bitnami/scripts/libkafka.sh
37kap/Ozon.Route256.Practice.OrdersFacade	cd4a5713274bd6219afcca420b337ae6879e09e6	docker-compose.yml
KapustinAlexandr/popug	3ab1b8847a1a963c0c7ac153a86d2fa8f17d812f	infra/docker-compose.yml
fminna/LLM-Helm-Fix	99060fdba47252bea2a68d28b6728f48c1b67065	templates/hermes_template.yaml
thong312/Big-Data_Final_Project	b3e2938ba9ab4939295b758e8b82b52a5cd56ed7	docker-compose.yml
Sainath2004-code/voter_yoo	336e46202c373eb926a29b65580022f0ce665ce2	infrastructure/docker/docker-compose.infra.yml
vnzinki/kafka-connect-demo	88a474037accb41472e4f3a8d9f33ff2778cc5fc	docker-compose.yml
habib-wahid/quick-bike-rental	321a8012d562c7a4c2eeab3f56eabad41ed094e9	microservices/rental-command/docker-compose.yml
ilya97-97/otus	83e7de16f2894dbd0984ce16be4b3453d14deac6	otus-app-dz7/helm/templates/kafka-configmap.yaml
BuxianChen/notes	ec2682abe3d85ee30199e3ceb125d8d17d873cf0	note/draft-src/kafka/mini-demo/docker-compose.yml
jwp345/ClonePay	e9c42ef6ae133558dd847e75c76768e391893f11	docker-compose.yaml
manfredcml/dmsr	09cd4c0a2f5a36123bfa0ae5996c9772bf1d7bc4	docker/docker-compose.yml
libailooklook/bigdata-components	701e7a22176d5294b98d042f6bd7290b75d10895	docker/mq_14/kafka_0/kafka.yaml
formancehq/ledger	6399077b15db6eccf630f8c3f453ae0f54b2fdfe	examples/publisher-kafka/docker-compose.yml
mia-platform/documentation	3149f3983cd3a8d1f3caa3662a1765f50f54cea1	versioned_docs/version-15.0.1/runtime-components/libraries/kafka-healthchecker/30_setup.md
AmpereComputing/bitnami-containers	098cb659386756407e84274c0cb5cf8527ecb539	bitnami/kafka/README.md
cogini/phoenix_container_example_old	ac82ab95170dae9e54883545ec368f832285bf8c	docker-compose.gha.yml
KMGeon/hhplus-e-commerce	7e2f3c8055ae74a933ceacf51c335a555974517e	docs/12.Kafka.md
cr7258/elastic-stack-docker	593778c1472fc9410f4f3ace3d6690a3189944b4	high-availability/README.md
Fabiancm25/bunsanTest	a56a2168a6d85adb4b1ef7f5ae73f6dfb6ce7ced	README STARTING UP DOCKER.md
pester500/flink-timescale	08094f8d7ba03d5f46a8c07e8f1bfd81989e4554	docker-compose.yml
appdevgbb/reddog-spring-dapr	980701c5f5270a0af548c1a0cfb30deb76989314	docker-compose.yml
subhadig/subhadig.github.io	e0808ceb62e7f19009f3d5701595adb1a31d9cdc	content/posts/2020-06-06-running-kafka-in-docker.md
lgm1007/hhplus_ecommerce	a1502d8067c309f3445d494e6aed1e1dbd6e4401	docs/KAFKA_EVENT.md
jandion/APSELogisticSimulator	71e5c43b411763733c171ba35a79f6e12baab1c5	docker-compose.yml
AntonYurchenko/go-kafka-clickhouse	efeebfc4d933cd329b2adfe651daec7c5d95b3d1	compose.yml
idev3105/bunny	7196e3485532dd5e2e623c8f66a377e92d2bcf12	docker-compose.yml
rfalzoni13/falzoni-creditos-java-angular	2372e6943bb3a4d72f43ff6b439d3792016501eb	.env.example
mbo009/library-management-system	78b3dd109fa1558c4c9ae81e4390436d4d6ec465	docker-compose.yml
vinit-deshkar/kafka-messaging-system	ed160a35ee8e7ab81b44937ebaff37e8c22e398f	docker-compose.yml
cynthialmy/zoner-mvp	f43ad6270f48ead668a7852f7cfe6bea27be2698	docker-compose.yml
raulmartinezparadigma/infinia-sports	c69a2fb1ac68554839eb43cab81e4d5816ca4de8	docker-compose.yml
MetroSynth/blackpearl_mdip_kafka	1ad1c247bc7aae0448ee49a02df3f428c08827f0	docker-compose.yml
kaminskypavel/kafka-lab	21bb389227a96d79b258de91c30f7ea6927f5da4	docker-compose.yml
ngalchemist/kafka-server-quickstart	1cfcddfa98df38f11d06cb7414500413564de1b6	docker-compose.yml
PhilippeMorier/talus	3dd2cefbb43073043d09c354b479decdb6cae279	apps/kafka/docker-compose.yml
LimuleSempai/Cloud_engineering	8f36471a77ffd94d940fda5495098a6d041304f9	docker-compose.yaml
E1astic/Restaurant-Microservice-App	c403367f0c9582e3ab859695da865f7ae6066073	docker-compose.yaml
dougbt/OrderProject	19b913653eff5d3ae02a93c30bb50256e2ff2fb6	docker-compose.yaml
schminkel/reading-notes	46f20e34bcd7b640aee22ca1fd1fd14d09234799	pages/books/effective-kafka.md
malyszaryczlowiek/Kessenger	cc87fbf32a452a2fd58ea92b0b385b2bea625ba2	docker-compose.prod.yml
lambda-orm/lambdaorm-labs	1b16d5c174e807946c8c8cc034bf8662a64dc6d5	labs/svc/04-northwind-cqrs-with-kafka/README.md
walidbensmida-pro/devops-training	506b47fc67d745896dd7b2b100e1a57d6138782f	wiki/01-guides/kafka/01-kafka-debutant.md
turbo-duck/flink-demo	66f17cf50fbe541150d06eeef67e3f87135b85ab	docker/kafka/docker-compose.yml
SurajRamsait/xt-application-consumer	b8fd89a0dc65faf1c6d332fb5f93aac12d3bc5ac	docker/local-deps.yml
aligneddata/base-docker-env	862bc8404ea126cda20165adaf1c139216b5930c	devnet.yml
samutayuga/sam-twitter-go	df9c7a7aa2965deaa3c6e318c992824799ed677f	k8s/docker-compose.yml
KorbutViacheslav/profitsoft	b1a9812bf32acba9f9ace47a7c51aaba102aa3db	docker-compose-infra.yml
leandroalveso/dockerland	f138d4cfc9b0294acb3901665c676e23a46cca22	apache-atlas/lcl/docker-compose.yaml
Massaru/kafka_test	e952fae2e514d0a5d5ec36b4c18b66f7be67785e	0kafka/docker-compose2.yml
ermessonlima/Microservices-NestJS-Kafka	6c8837db7d9b786ccd5ec262666f638e97681707	consumer/docker-compose.yml
governance-foundation/gxp	5d86de106ffd1696852b6d5010ab5e85f4963236	services/data/kafka/docker-compose.yml
Leosimetti/SNE22-CSN-final-project	635725bd8ed23a5fc65da52fec5ced5a179c7c31	docker-compose.yml
tonyrub3/progettoMicroservizi	ad3b1310f9907939a62332def8804f7da01b92b4	docker-compose.yaml
tin-nguyen71/setup_dev_tool	424a9517f06d237b2c96116c3f82d387f0acd91f	docker-compose/kafka/docker-compose.yml
JamesRandell/database-comparison	01a005e903d885f5883fd359b654c02ec9fafca0	docker/docker-compose.yml
VitoNaychev/food-app	76b4f429986914dcfd984f36646d7e9032253be0	kafka-broker/docker-compose.yml
Sarri09/Tarea2_SD	c6ba25f80fdc27af01e8df53d50981236873dfa2	Kafka Docker/docker-compose.yml
NguyenTanDung-2004/Basic_Kafka	c869ced3f950ce1774903334f1ffecc99eef9cf2	bookteria/DockerComposeKafka.yml
CihanTAYLAN/my-docker-compose	f0f60ffc3e80cb25bb70b62aefc3cfd28ae0c8de	docker-compose.yml
Ronaldschouw/kafka-pocs	d347c17f3fca52fb92b36e325f1c65676d5f9e5a	kafka-dev-with-docker/part-10/compose-kafka.yml
itstimi-XD/ConcertReservation	03641076ce7d54a3a9b79ddc5281d9290cf743bf	document/김인후의 인생 첫 kafka 테슽흐 컨테이너 도전기.md
kubelandy/apisix-ja3-ja4	e603aa3614a270c66fdf09099b1773733fa72d3e	ci/pod/docker-compose.plugin.yml
victorcoutodev/news-recommender	5f0f7ca519a695ce169d32e0f16fc6f7a1a7600e	infra/docker-compose.yml
thespeace/kafka	e56506bdcdae02c1e1b6f39c08ae01b768d30e3f	02.Backend Developer's Messaging Queue/docker-compose.yml
robert-iw3/containers	55f0a35e27a0092823e5c089b67ab8b8ff0c5645	milvus/deployments/docker/dev/docker-compose.yml
dellnoantechnp/helm-chart-xxl-job-admin	1f8588c7d720207f6d922b91b4b03fd013bf2fe8	charts/kafka/templates/statefulset.yaml
priyansh2120/recommendation-grid	dae663f1e82976e08a5f34979d4e9b5e440f4ca0	dkdStack-clickstream-master/docker-compose.yml
DsThakurRawat/Autonomous-Multi-Agent-AI-Organization	45ca8e2684aad5f0a692ecbbff19b9a98bf62ae8	infra/helm/ai-org/templates/statefulsets.yaml
rainsunon/aut-projects	83d93d827f6d322a9dae349ba07bda7f411ba3db	Budget-Management-Backend/docker-compose.yml
mandarinkb/golang	ee8664dbf422f4865a2a225e878149d02bded507	go-fetch-url-bot-with-kafka/docker-compose.yml
ygo74/searchbot	656141c36bc4ba5e8619401c572a15b2eeaa0954	research/vector_databases/milvus/docker/docker-compose-dev.yml
Marloto/edi-ss2024	4744745211b21d44a292cae81002511169c3f920	33-shop-scenario-phase02-example/docker-compose.yml
GigaSpaces-ProfessionalServices/azure-aks-builder	67994c053b3542b9a6d56cd3359d3f3a7bbb0c43	tmp/dih/charts/kafka/templates/statefulset.yaml
TWpower/helm-repo	b4cce15b831c190a0746e07e30ba11743576f0f3	charts/source/kafka/templates/statefulset.yaml
epodegrid/kubegenie-dataset	fbdf295014152a22d1feb146a8a889e477c4392c	K/kafka-JSlAAw9sc9Bh/kafka.yaml
epodegrid/kubegenie-dataset	fbdf295014152a22d1feb146a8a889e477c4392c	S/sentry-db-8lQGyagMJvg/sentry-db.yaml
epodegrid/kubegenie-dataset	fbdf295014152a22d1feb146a8a889e477c4392c	S/sentry-db-8lQGyagMJvg/sentry-db.json
epodegrid/kubegenie-dataset	fbdf295014152a22d1feb146a8a889e477c4392c	V/voltha-infra-9oD12SZW/voltha-infra.json
Wenox/distributed-anonymisation	870cb9822db01e576405a283b2a32ee6ee09c251	automated_tests/simulation_4/docker-compose.simulation-4.yml
kalyanpullela/alpine-otel	ecb501e01e670306af7839ebfcc59902e244cc67	gnmic/tests/clab/telemetry/telemetry.clab.yaml
neflyte/gowait	1cb4fb86a62eb45a2097ef87e4d4c7f462fc49fe	testdata/kafka/docker-compose.yaml
birdayz/kaf	fd9c0ca117154519f4b44a6e1b700c01e05a3fbe	docker-compose.yaml
ovotech/castle	cbd37a1fb4db79a604cbde3f8788f0b827626529	docker-compose.yaml
CloudTrackInc/kubernetes-kafka	a7af3ed2cf5940a34e07becbb647666204768686	kafka-rc.yaml
ivangfr/springboot-kafka-websocket	8585a68d22b1ef473b1db7e8f065776e9ee267b3	compose.yaml
kelseyhightower/riff-tutorial	cc44883754ab430af6be314c328d6c3a0429453a	riff.yaml
Stack-Box/stackbox	23e903876f11e3c74db1b1d668defd088a666950	master.yaml
datafusion-contrib/datafusion-streams	97e7dc5d301468c288eea2b798ca883fa6b63d16	docker-compose.yaml
junwei000/fabric-on-k8s	f1a8a4919e358a86f755f4593dfaac4d9cbeb704	kafka2.yaml
junwei000/fabric-on-k8s	f1a8a4919e358a86f755f4593dfaac4d9cbeb704	kafka3.yaml
junwei000/fabric-on-k8s	f1a8a4919e358a86f755f4593dfaac4d9cbeb704	kafka1.yaml
junwei000/fabric-on-k8s	f1a8a4919e358a86f755f4593dfaac4d9cbeb704	kafka0.yaml
SpringBootCourses/cqrs-banking-app	d66db15501d9f4e5f076016ab10bcd87d698053f	compose.yaml
hoangsonww/End-to-End-Data-Pipeline	8b0976c74f484544648d9483a098ea4738defda3	docker-compose.yaml
infranyx/go-microservice-template	6a52fcc74a85e4dc28ef1ba5b06044e88695df56	docker-compose.yaml
joaofbantunes/DotNetMicroservicesObservabilitySample	5663d6989a7c4aaeb74611a1c9173645f439e3b6	k8s/kafka.yaml
mtolley/hippotech-2.0-demo	729beb0c1d75b7b4b06e53e782690d25187ead2a	k8s/kafka.yaml
leoantony72/E-commerce-Api	ae8c46d1a279fb14905c6c51a492900789e1ab0d	docker-compose.yaml
bluesky-social/osprey-atproto-archived	52e673ae8a28cbd05a7b96b7d68655c68f12c19a	compose.yaml
ivangfr/spring-cloud-stream-event-sourcing-testcontainers	ad727689ca19067e128c98cc01d56db2a3dfdbc8	compose.yaml
codingforentrepreneurs/Coding-with-Kafka	f00b5c292cc68c9ce1c5269c330b4e2a04f49915	compose.yaml
uptane/ota-community-edition	3d60bb94256e58dfe0a42a9bec90ae58dea1d1ab	ota-ce.yaml
AuthEceSoftEng/cenote	1e6ceb3ab8376d841dd6bfa49e708da83669fef1	iac/kafkaAll.yaml
project-codeflare/rayvens	197831984cc2f5cce0dd1696e0db3fd1f09ffba8	scripts/kafka.yaml
UVAA-BIG-DATA/sentimento	298c09961470391349ef2d5b77122867a510fc81	docker-compose.yaml
evo-company/taskqueue	d90502499b1fc847024c21b3de25d6d1b6ae333f	pi.yaml
mtolley/hippotech-2.0-demo	729beb0c1d75b7b4b06e53e782690d25187ead2a	k8s/credit.yaml
ragoob/kafkana	849dbf8f6c8f08cc84e80ac9e6901ebe573f6689	docker-compose.yaml
sahansera/kafka-docker	0c3e45071afc89150af69001706d0730120d1033	docker-compose.yaml
AstraBert/workflows-microservices	819aff7718cb6fd77eb7c94e9f4175234d25e48e	compose.yaml
LinkedInLearning/building-event-driven-applications-in-go-5910224	abc80d7db86c11d908268ad2e69d1f1898050627	docker-compose.yaml
devfullcycle/gointensivo2	b3d6999d08e4d26d685c4efb536b385634fc2fbc	docker-compose.yaml
sul-dlss/purl-fetcher	5087c6e36942f4126e98418ed59f3692b3cf7cbc	compose.yaml
ktfth/red-velvet-workspace	b33dba4fc42b82ee35bc07b0c2052c0471f51fa8	k8s/kafka.yaml
tramontini/debezium_kafka_medium	db6998ff47af8122b834cbafbd7c0ba3276e120c	docker-compose.yaml
zh-efimenko/demo-debezium	76887a44fdd0efafc9ae3e3c6fe6b18efa4197e6	compose.yaml
fredriv/kafka-streams-workshop	823f9d78ab26eb9b0d188c3230f2a62881683369	docker/kafka.yaml
valitydev/mg2	4d99e95a47dfe3b6015c6fb49899436cf059858e	compose.yaml
cescoffier/getting-started-quarkus-kafka	fccabd52590dc8e12ca8b6fb97818fc68a9e7f39	docker-compose.yaml
turbolytics/latte	25c6e5a559edf658e8e025dad7324c50489b7ff3	dev/compose.yaml
Akash-Adak/VASTA-Bank	49452783b0c68a3c047c25067fc3b2b6d3e2dedf	K8s/kafka.yaml
walmartdigital/go-kaya	74272ffa9e0f4536fcd1e54212928215c07a8e7b	e2e/kafka.yaml
aditya-rac/yara-kafka	54c158985300ae564ddceb4409371d4ebc8899fe	docker-compose.yaml
marianobrc/fastapi-kafka	269b0ad9acffe50c3d715af037189cad5e272dbf	k8s/kafka.yaml
collabnix/kafka-kubernetes-docker-desktop	5719f398a612c6763f57c78a40c439eebb31a046	02-kafka.yaml
adityadeshlahre/elbavol	c48e5466ddc58128396040e8ea15667efbe35304	ops/kafka.yaml
Nahuel92/to-doList	ffba0caedf3cd9304f4ceb64f1f5ce299e062820	docker-compose.yaml
ertis-research/DDNN	631e9f7c7eecd2eb0ef32bd80729a079629da35e	kafka-pod.yaml
NrktSLL/spring-distiributed-logging-tracing	3fcb6fd6351d347c02ee69c4c159fcbb05c7a6f1	docker-compose.yaml
utair-digital/event-engine	bfb5dcf3b6909368c98c4e81ec40993f51c44672	compose.yaml
valitydev/machinegun-core	fb527828bd91327f25f9a723dfb2d58db32402dc	compose.yaml
valitydev/machinegun-woody-api	4b869de3404f13b6cba2cdce367ca5ff9f87e1f7	compose.yaml
shelajev/testcontainers-redpanda	c5246c5eb510c04afa5236ffce0da484d9101069	compose.yaml
STOS-INC/concert-reservation	95161157cd033d80c16f72fbb84508054e1e97d3	compose.yaml
Cray-HPE/hms-trs-operator	c000c437bafb949914c390f411b42125d06a6960	deploy/kafka.yaml
IndustryFusion/FleetManager5.0	6afc5f3602d429fe9bf0684b3291ea1b967f5197	broker/kafka.yaml
ibm-cloud-architecture/vaccine-reefer-simulator	25359f69a541b2b9290e8510f6afccb736d688ab	docker-compose.yaml
ozoncp/ocp-survey-api	7090a46e2cfa34e534f3b83cbf59fb1297cb2bb4	docker-compose.yaml
ertis-research/DDNN	631e9f7c7eecd2eb0ef32bd80729a079629da35e	kafka-pod-3.yaml
ertis-research/DDNN	631e9f7c7eecd2eb0ef32bd80729a079629da35e	kafka-pod-2.yaml
ibm-cloud-architecture/refarch-eda-store-inventory	58ca665f784a90cc45536c57f392a617f4a75c2e	docker-compose.yaml
marcelmfa/docker-twitter-kafka-elastic-search	ada40e59001e2611e575c9fc5e2dcfc0670b1347	docker-compose.yaml
famarting/apicurio-registry-kafka-demo	011116ecd4245a2623e9eb89007f3817a74cfa28	demo-infra.yaml
Nikita-Filonov/isolation-api-tests	f4680df6033a43e396c84a0bd141a0865335d1dc	docker-compose.yaml
nishant-env/report_generator	10368b921c4af1a370bc39c7d956301c1e19e324	kafka.yaml
felipedmnq/streaming-weather-kafka	246daa08dbb41e75a700cb355ee10bded62e8716	kafka/kafka.yaml
jayunit100/apachecon-2019-bigtop3x	cb7f98150c876844bd9fd2d3d7ebafb3e659025d	kafka/kafka.yaml
felipedmnq/Stream-Kafka-ELK-Stack	24e85e63ffa9fd152d0f6f95bbca1ad2c127a2fc	kafka/kafka.yaml
kylegallatin/kafka-ml-training	87d385d29aeb451f7a479609ee85bcec673bf6d6	docker-compose.yaml
ivangfr/spring-boot-nginx-websocket-rabbitmq-kafka	ebe8d9a73230106127a0b75667d5669328a52532	compose.yaml
AleksK1NG/Transactional_Outbox_with_Spring_and_Kotlin	bb1b1c99b6db05aec0c4066b1253a535cc145269	docker-compose.yaml
JavaCoDED78/banking-cqrs-app	413e919c2ecb5c4268c4cbd58f659b677db8e812	compose.yaml
karansahani78/defence-mission-planning-command-system-backend	9010b2acf86f79cc206ad48273a6c555d8f4eb70	compose.yaml
yahia997/PavementEye	0049a7adf2cca1271189d468174adfd3b4691206	compose.yaml
kameshsampath/lingua-greeter	a15fe0283c6d1da2c568f91dd1e966b7e809013d	docker-compose.yaml
VictorNaniii/McroservicesIDOCR	b5fcd0f8221e6bf06bf5cea5a8b816df3bb89e60	docker-compose.yaml
fangyincheng/fabric-build	88670b8c46f18b190fde8f84723ad93f202f0b79	kafka-docker.yaml
piinalpin/docker-compose-collection	10afaf2b144118e41341ec14a9148a5e9cb27e4e	kafka-cli.yaml
yahia997/PavementEye	0049a7adf2cca1271189d468174adfd3b4691206	compose2.yaml
Akkraizen/AKHS	9d1192c8cb67b0ecfc5905a352de1e3f933df8b5	compose.yaml
sneha-paul-2005/observability-tool	51552a7398914b0ced805e4991ce81940776b065	k8s/kafka.yaml
Kevi22v/ecommerce-cloud-data-pipeline	e9634de724baab8ead1a75562e82a8b3e88d7c64	k8s/kafka.yaml
simao/ota-lith	bdcf1e54a9b3d72a72045fe95445be184db729be	ota-ce.yaml
callistaenterprise/blog-open-telemetry	4b71514d2b3654b7c63a95e9f880763c8466d891	docker-compose.yaml
valitydev/machinegun	cd28701a57fd4e6d67de991e7ae31efff0ffb86d	compose.yaml
codeedu/kafkaconnect-mysql-elasticsearch	029cb5af28e58d46514179a60f1dce4c8a1c5fc4	docker-compose.yaml
hendisantika/kafka-producer-consumer	b83bc679ef2ed97b71862e8b29d37799a1d2fe01	compose.yaml
jakubbujny/article-replicate-cloud-AWS-RDS-MySQL-to-on-premise-PostgreSQL-in-Docker-future-is-today	e73f7a9c8014dd13465c6fff49fee9a14d59c8ca	kafka/kafka.yaml
sevenfr7days/cats-accounting-service	4791f2604314a05bc42df7b1463c095eff98885e	compose.yaml
sleepytmzd/fat32-api-avengers	2a158c013bf7645ebf831a64a8cdc6064618e560	k8s/kafka.yaml
AndreyAgeev111/master-work	f1dbe58ac3edc4b311087d4cc0e28965c0d9e1bf	compose.yaml
shivanshuraj1333/kafka-opentelemetry-instrumentation	a20f639a54f354a4e4ee8d607a52d8b835d35e65	docker/kafka.yaml
hoangph-34/vietnam-jobs-analysis	fd2a0cfa4328bac665b7312f6e74e0ea1bc18096	k8s/kafka.yaml
devzero-inc/kafka-on-kubernetes	7114a7d5456f9979c1173e488fbed908bb4d0bba	k8s/kafka.yaml
arafat2020/node_chat_microservice_kafka	c02efd466223c4ad5b0fa0a3ce0f4e9f81f4edaa	compose.yaml
claudezss/heizer	112d235fa7992c68f25ee284519fd2b194b866c4	docker-compose.yaml
Vovinsa/SelfDrivingCar	a46c1f7fc5adc7cbdcb02b14dc8a76f360f63962	docker-compose.yaml
MAHMOUDMAMDOH8/Event-Stream-PiPeline	38ad9891bbb9bccf33848a9b269434b07b83d2a8	docker-compose.yaml
leonardodantas/app-bank-transfers-java	6f14441304a21b62d3b261affd007f75bad12b56	docker-compose.yaml
yusufsyaifudin/benthos-sample	fe2c1dad736aeb8ffa996d777e4b6c7dc14e21d6	docker-compose.yaml
taseroth/neo4j-compose	78edbb60ff8ab63b437fdfcab9609bed13fd6c50	neo4j5-kafka.yaml
devfullcycle/imersao14	01d6f0ecef4b5a246a0498e612f1a1138c2d955c	kafka/docker-compose.yaml
walmartdigital/katalog	0bf42250c596d30a15d14b676f05652190190afa	deploy/skaffold/dev/kafka/kafka.yaml
H3C/baas	df878f09081754c600fcd61a0bcb7900b733fd1f	gaea-platform/src/agent/k8s/deploy_templates/kafka.yaml
AuthEceSoftEng/cenote-vital	d51f0ae7b3e9abf24d7e3da64daa7f1f3179be5a	iac/kafkaAll.yaml
dogukannulu/airflow_kafka_cassandra_mongodb	5b7a50b5dedcd30cea14b335964c7eaa1d762ae4	docker-compose.yaml
shelajev/spring-one-tour-2022	2cb7d65ec582a8b01586b63a1390ddb672186b23	compose.yaml
nhahub/NHA-022	0049a7adf2cca1271189d468174adfd3b4691206	compose.yaml
nhahub/NHA-022	0049a7adf2cca1271189d468174adfd3b4691206	compose2.yaml
slangenbach/udacity-ds-nanodegree	4401b5a977d38321fa5afe0ad15a2e6506c4f2f9	crime_statistics/docker-compose.yaml
mmaia/kafka-local-kubernetes	af5687e13f10b51d85165958bdb531f024512b5f	storage-class-setup/kafka-k8s/kafka-ss.yaml
kafbat/ui-serde-glue	a9d940854fab46fe06a91d5cc632008f82438d8f	docker-compose/setup-example.yaml
spockz/spring-boot-with-finagle-native-image	3dd82dfbd492eec6d41fe4c9e40f46361641eb60	benchmark/docker-compose.yaml
osamhack2022/CLOUD_APP_IOT_KeepYourEndeavor_Moment	1b202cb4ac077f28dfef84ff8a664a6508574129	CLOUD(BE)/docker-compose/kafka.yaml
valitydev/cdc_notifier	d3194bd4481141a75e8418a305018c729930f18f	compose.yaml
yonem/spring-rest-demo	acfe97c7c65950392416c4b49e2d5729215c0dd4	compose.yaml
Giminosk/fastapi-chat	abc167b027499770fdd1430bf8a1b5abb03afdd4	docker_compose/all.yaml
DylanM-Org/hippotech-ci-2	70c4ecab47de9fa74cdfa346712ee07f709c715f	k8s/kafka.yaml
blesseed/demo-hippotech-2.0	1a4c1c1f74129095cbc7c162c83398c4f370845c	k8s/kafka.yaml
dc-moses/hippotech-2-demo	198c4e1e8755c1a0fae4f7c7e8581da606636543	k8s/kafka.yaml
sakina-hs/spring-trade-processing-system	97a7a2f0b7ec946df676ce1bff7fe0f16b1f4a60	k8s/kafka.yaml
ScaleupInfra/dz-kafka	605dbe8b6c449565f0fd7e812fa3de31cae2fe61	k8s/kafka.yaml
SigNoz/kafka-opentelemetry-instrumentation	d3568e0f5e0686fb0422050bde698985308f9d36	docker/kafka.yaml
UNICEFECAR/USupport-entry-bundle	89fa3a83973042308980344b863b4b5bf47b5087	kube-services/kafka/deployment-kafka.yaml
mminella/scdf-ecosystem	00edd4550f0fcc01d2444264c5a12f268c70a660	config/kafka/kafka-deployment.yaml
tonminhce/learn-grpc	be239ba9e13d1426947d60d097cd8fc16f8b1f6f	docker-compose.yaml
koksang/social-media-analysis	c0afd693e7b695f023870a7fb29a5f97c5cc3f89	infra/docker-compose.yaml
mertcakmak2/spring-multiple-kafka-brokers	bb28fe814644f0688b483cadd01013e6acccefae	docker-compose.yaml
Team-Project-MSA-InnerArchitecture/kafka-sub	86c9f86ed3ef2c19470429a5e19fb5211033e5cf	compose.yaml
DylanM-Org/hippotech-ci-2	70c4ecab47de9fa74cdfa346712ee07f709c715f	k8s/credit.yaml
blesseed/demo-hippotech-2.0	1a4c1c1f74129095cbc7c162c83398c4f370845c	k8s/credit.yaml
dc-moses/hippotech-2-demo	198c4e1e8755c1a0fae4f7c7e8581da606636543	k8s/credit.yaml
javaHelper/saga	90a129dda98e0f7e4473f6f878d8d7d414cd57fa	saga-choreography/docker-compose.yaml
makinah/Alemba	3dd10267bea964b7b53b6c0bf48fc78de081a28b	docker-compose.yaml
ELMOUADDIBE/kafka-spring-boot-docker-demo	5919df9e8808a37800211bc9f3073b0922a2f87b	docker-compose.yaml
AndriyBilinskiy/Big-Data-Crypto	70f76d63e2cc0780cb0af117d499fd0b20828b32	docker-compose.yaml
sahilsk11/fingest	683ff8146d16916e1bd66a0ba00e7c249fcbabec	docker-compose.yaml
Breadlyy/Sigmaton	32178d3fbcc1f9401517c7a2e0007c5729242ddc	docker-compose.yaml
rodrigoestevao/faust-quickstart	c1cee881ed501c3271d51f6e60e377a7feaafe20	docker-compose.yaml
aaboungab/binance_python_kafka	34a17c3c06cdf14d0b32776eb2ccc8c42eea6f7a	docker-compose.yaml
Derkora/simple-kafka	cc1ccb378c978c0992ff3be4f73542df135aff97	docker-compose.yaml
devforlove/haru	e098c9e652d616d08a92c9458df1ccea17c0e729	docker-compose.yaml
EEarth1270/weather-dashboard-kafka	5975806f1cad7b44800e88e8fde3cd205452b75e	docker-compose.yaml
Hank-Kuo/go-kafka-example	33d07084779074a06bef73a32d11f9612ca79793	docker-compose.yaml
fgnanni/fullcycle-go-intensivo-calculo-de-taxas	4f18818074917b106cca91f7766238821aa50f80	docker-compose.yaml
Nagref/GoIntensivo	c955bf8bc0eadc89ee03f6471ce7b03312884928	docker-compose.yaml
AndreiUkladchikov/YandexPracticumTeam	98514998bf27db24fed5be4078c9431d930be8c1	docker-compose-ugc.yaml
jarryDk/minikube	70d71e6d8e8692ceb9e3ea0081b8f9cf0e2e3475	kafka/kafka-server-configmap.yaml
DJsluxx/simple-shop-app	fc9240fde42dcef8559022ead3c628750db7cd98	charts/templates/kafka.yaml
jayanth-tjvrr/arlon-test	a8ddeb7bf2be7274fc451a4830a7d3f75480c467	bundles/kafka/kafka.yaml
cstoner-arizona/SFWE510SemesterProject	4628e8066d128890a4443dec77f13d9b9d63d735	k8s/services/kafka.yaml
TeachMe-CloudUS/teachme-dev-box	046fcd6c25df0bb95e7c9b1b878388349c137042	docker-compose.infrastructure.yaml
zohaibmir/node-services	7dd853e84cfc5bd7c7796b8aeb6a48279428e1c7	broker/docker-compose.yaml
RamonSerraVasconcelos/ecritic-application-gateway	1b7262034a1b803bb7a37dc3a205bd4496192054	docker/docker-compose.yaml
gbhuvneshwar/report-analyzer-engine	54cfd6b780951d0c714cda116f2feb3f86256019	docker-compose.yaml
dungdm93/bookshelf	2294e183faca1efd15aa3e7199d9b29ed692adee	bigdata/confluent/compose.yaml
SilvaneiMartins/sampix-bank	b305b6bd07c280b9cbbbcb2fe4263ebc3c98030f	codepix/docker-compose.yaml
ARK2306/Cloud_Project	9f265a2e83a8c5b39286cb70e2a57ac8681031db	K8s/kafka/kafka-deployment.yaml
guihbc/spring-kafka-example	1f41dac83d34433daccc88c0d629235ac65821f0	docker-compose.yaml
Mubin4499/bank-app	bbc4e968743225ddc573738eac59dcbe4c6b0d55	compose.yaml
jawadtahir/DSPF-BM	d74c9b80a3a196c4ccff38eed3d77017db0c6ee0	operations-playground/kstreams-scripts/docker-compose-kafka.yaml
jaeyunkim-1024/java-server-base	89f63d7f1b86d1e9cceb338f67887cb5c02d8aeb	docker-compose/docker-compose.yaml
FaisalRaza19/E-commerce-Microservices	d6a069f730e243201beabd36a9c0f479d374e686	packages/kafka/docker-compose.yaml
nvietanh2406/kafka-docker	05701d8b60539d0c7a74c0c82cb90e38d64b5d8b	docker-compose.yaml
SimonHaebenbrock/SA4E	2908f0ac009a16527b9f1bfd74e3c98737631a49	Uebung3/aufgabe1/docker-compose.yaml
abhilashp44/flink-poc-service	9bfac7cf4803f6a2750ca3a79d3db8e33d4a6ccc	src/main/resources/docker-compose.yaml
mrevds/microservices_course2	bdea583ddb03ede0475ee16b4669739afe9ca29d	week_5/clean_kafka/docker-compose.yaml
falconetpt/kafka	555ac84f849704cdf3f3c072d8286e054804490d	docker-compose.yaml
DnD-Assistant/Ballads	033d23d49ba55333074952332bffd2b2d55f8888	docker-compose.yaml
1Prestes/gointensivo2	5db0bdb21606d0d3722cc29fbc4ef0e28ec35ff9	docker-compose.yaml
wellermiranda/golang-devfullcycle	ff6f84bc499ab5c00adc42597e4f5665382d06a4	docker-compose.yaml
thenromanov/SOA	6d43a6985d6bfd653c1e959148fec8bb3bbca1c9	docker-compose.yaml
Chuiko-GIT/tech-experiments	a540917d56dd624dc4fcbd3eb713190d43d03bda	message-brokers/kafka/docker-compose.yaml
iMohamedsh/Lab4-Weather	8342d8d169db3b75736962fa8ad794dea37c77d9	kubernetes/kafka.yaml
mikenightingale/kotlinsampler	0222a6d3d1f528f6a108a56a975e117e2e705c4e	infra/base/kafka.yaml
mateus-holanda/homebroker	486bfc2119ab2416905e92f08ee379f35db071de	go/docker-compose.yaml
RITVIKKAMASETTY/smart-cache	af6fd587d8cacdfae5e6008e1f8259d9ba1ae2e3	docker-compose.yaml
likeinlife-cinema-project/ugc1	12e02fbb22438b3bec07116ea6ba79a2aaa285bc	docker-compose.yaml
YajithVishwa/kafka-setup	5282a48a6bdfe8d0411771b212ef20de366792df	docker-compose.yaml
chriscasano/audit-demo	cf103c0284bfae193bd2645cb133d5a6fea7bca5	docker-compose.yaml
evanrosa/pipe_demo	fb67e05b1b0f9942539cc64951e1a9edf609970c	docker-compose.yaml
a10pepo/EDEM_MDA2526	24391288c7b6ad9fdbf4905f41d382f40f5e278c	ALUMNOS/MDAB/RICARDO_EDREIRA_PENAS/PYSPARK/ejercicio-evaluable/docker-compose.yaml
mariusflorescu/sw-mqt-proj	0202e43dce4307edc1f3b80e2a5c18fc2cb33059	docker/docker-compose.yaml
Ecarch/ecarch-kafka-tf	913781bb66b8cb002e48183fa957c351402ee414	docker-compose.yaml
distributed-eews/eews	64bb2cd3dd58654917f656584d4aa1bf1c65b093	docker-compose.single.yaml
talisma-cassoma/ecotrip	c413edd46b9d3a9dd694a59989d89c4500d38dc0	api/kafka/docker-compose.yaml
karseny99/audio_service_project	8c6c150bc47408507980cc0ed2267f620ce3ae93	docker-compose.yaml
ArbelNathan/BigDataFinalProject	cd0ae9c1a5346b4dac76c466b62420e3c3ab9c4e	callCenter/docker-compose.yaml
hackartists/bclec	9452ccb5d87736d685435854ccc693e1a4047f5d	docker-compose.yaml
Ewins518/reputation-tracker	a7ea72e8b915b65fbc59479e4a093b6e129779d2	docker-compose.yaml
nilayamkamila/spring-kafka-stream-frameworks	292945fc0ab1950f5462c92067ac658ce5cbac02	kafka-common-environments/docker-compose-secured.yaml
schneider-robin/person-organizer	3dc48372d011e66aa3b31820f016d77f939b6ec3	_docker-compose/docker-compose-kafka.yaml
degvor/text-msg-classifier	22a35f87231cf8118dc1da0f27cbfb42c0efb62e	docker-compose.yaml
1500-Shubham/SpringNexus	556d1638d10606cdafcd4fbbebc0c9ac17d36edf	KubernetesDeploymentK8s/kafka-zookeper-deployment.yaml
Raciti/TAP-Project	a8d6da49f9d25c9bed693babc3fb807652801291	Progetto/docker-compose.yaml
bePartOf-Creation/Inventory	6bbaeb4586615aafb2a618dbd4afada0aac8ad3a	docker-compose.yaml
Trivediutsav89/data_pipeline	b9182c8551934a39c4ed978120d815ca3a02b8b1	docker-compose.yaml
tah-rak/Data-Pipeline-and-Warehouse-System	89fedc7c18a220d0b0e238aa544042c3e6657772	docker-compose.yaml
Sanjeev2004/EndToEndDataPipeline	3ca0362cd706e0e2e12e9c6db1ffeb45da23bed9	docker-compose.yaml
cursosdevfull/Microservicios_Group13	3e73d2ce52dfb60d480152f12e6c1f84dd84f437	06-kubernetes/05-despliegue-aws/kafka copy 2/kafka.yaml
qwan30/modern-data-platform	f7038f55be7895e90d66ccbecd889ec8b60f66df	docker-compose.yaml
Azure/azure-functions-kafka-extension	5b4a60b8f47d0ea4b22cee2c1fc00343899f0e3f	samples/WalletProcessing_KafkademoSample/src/main/resources/docker-compose.yaml
trannhatnguyen2/NYC_Taxi_Data_Pipeline	5e37a4906fba73b1d9bb2cd7e975e4b7f39e030a	stream-docker-compose.yaml
hashmapinc/Tempus	67e9841db7b48805b29947e5c7ca11be13c841c5	charts/kafka/templates/statefulset.yaml
icgc-argo/workflow-management	97c13ff6ee0da03b976b97cf1de851eba8e06f25	docker-compose-gatekeeper.yaml
ConsensusFuzz/LOKI	f69b815c05c9bc39344d4905bcef66dd3e402907	fabric/testnet/docker-compose-kafka.yaml
axel-sirota/kafka-course	7e4c09498b7b4f22daac9f1ee2721bfafe36ef0a	Java/lab11/docker-compose.yaml
ImGabreuw/vehicle-tracking-system	88921e54135010637a0108190608b1c0759d48d2	kafka/docker-compose.yaml
teng231/kafclient	a54e4a4716152542ed7c0a74c4a044b0817d9a18	build/docker-compose-multiple-kafka.yaml
jinternals/kafka_ssl_setup	867ba2525863bb59804db751294c5f2a24d6f7d6	Part 2/docker-compose.yaml
parthw/fun-coding	5db951c346a7964e1c2ea35ff67e32a17bfba8ee	infra/cp-kafka/docker-compose.yaml
mathminds/88final	aada9f469a9c5127677990667e5bc43461c64499	hw8p1.yaml
kubernauts/kafka-confluent-platform	0c057939ebcb83f70359f52e892b9f65daf5194d	k8s/streaming-ephemeral.yaml
RodrigoAlmeidaPereira/fiap-integration-tools	bf18b1f15cb649dd37bef7af3e7d99383092d7a7	kafka-server/docker-compose.yaml
mzegarras/galaxy-kafka-20230401	60942126315bf846aa03900e0be62d8b35fae127	kafka/lab04/docker-compose.yaml
nuvolaris/nuvolaris-controller	0a36a96b625660eb4ba56f2b5f8983590d7a8b82	demos/demo-enterprise/kafka/12-kafka-sts.yaml
DAPM-Thesis/organizations	fada15c911f7aee88b6be4a2e23b42d5cf86b9f3	orgC/compose.yaml
ruanbekker/quick-starts	4b9352df3d5ff15dd3eb7c5492c67d38e8f7204f	docker/kafka-three-node-cluster/docker-compose.yaml
aayani/nestjs-boilerplate	82ae0c10f1db833224df41632dbcc66b37714451	docker-compose.yaml
congd123/realtime-state-iot	33217a770813c82740e5d33db7623329d570b98d	docker-compose.yaml
filipe1309/rs-kafka-node-certification	b345ad888a6474962c09c2c969ddc49d88fa7ee8	docker-compose.yaml
timounet/timeflies	18341e2ca1bb7b92c23ca250a82f9cbb6856f541	infrastructure/docker-compose-linux.yaml
amine759/Kappa-Architecture-spark-kafka-EK	062b65a1787502fed314521911e53eba26ae091c	docker-compose.yaml
josenaldo/fc-walletcore	3939ba7b1b18b3721310cc482c5aa4ab3e2a94a2	docker-compose.yaml
arasdenizhan/kafka-docker-example	7f3eea69d6a6d9c3978be3a048a1561674ad44ec	docker/docker-compose.yaml
ertis-research/kafka-ml-seminar	bb98a015f417453c67bdb12a5ab1e28558372c27	Apache_Kafka/kafka-pod.yaml
hendrikeichert/kubernetes-playground	010d53d8314039cd4ea4fbb92ce4c28e76e47539	kafka/kafka.yaml
Tomdieu/DisasterFlow	ec0407cea0aff93d670389d68713a4a24ab41ceb	kafka_service/deployment.yaml
SubkhanM/simple-kafka-with-docker	176da933f5571fc0556e7a940a4a36132176a35b	docker-compose.yaml
henriquepw/send-me-daddy	8fb920137bf343ddfd3297cbe60af934891232f5	docker-compose.yaml
SpringSummerSN/Social-Network	e8bcdf8a1828db205789f9534039a35ab350920c	deploy-compose.yaml
marcrutka/heart_rate_	b4974dd522a2415b9b6932c4fd73c26fe1dba396	docker-compose.yaml
cloud-club/kafka-chill-gi-study	203ef1080292dcd57e3b77a51a18854284549c76	week3/lsw/kafka_study/kafka-compose.yaml
AzmiZakaria/event-sourcing-exam	65cdd87dc5b35be6e8bbc31fcc63e465153b1454	compose.yaml
zerotonyq/ABD_Labs	4742c0c181a29a0970c08e35ab1468912418ab40	abd-lab3-main/docker-compose.yaml
cryptkeeperhq/cryptkeeper	e984f3465ad98a892680c1d655b09351dafab321	deploy/k8s/deployments/kafka-deployment.yaml
dominikciolczyk/Online-Learning-on-AWS	31b10a1862615d5a9e45f6e39474b624f33c02f5	IRIS/docker-compose.yaml
TahaMuslu/kafka-CDC-Project	8eb172fec5d9c24868aa77ceadc459f70ee49b97	kafka-chart/kafka-2-deployment.yaml
vinicius-guedes-santos/Vehicle-Tracking_fullcycle14	92dad388ef5a055f91e7e3d15faa67a38eaa4f09	kafka/docker-compose.yaml
WesleyR10/Sistema-Rastreamento-de-veiculo	76361d6bb353c969d68cb8bd93dd09f4aadd6f91	kafka/docker-compose.yaml
Paulo1407/tracking	ce9f68dc9963d95baabdaddbd70c589977022125	kafka/docker-compose.yaml
luuigi5/NewsFeed	d8131f66bd0998f8ff0bbe9aa5a96c68b95495fd	k8s/kafka/deployment.yaml
zlb1028/learing-flink-geekbang-course	7f7ce870130e1ce7f6388dfe57de92979a1defc2	project-2-fraud-detection/docker-compose-local-job.yaml
bitnulleins/hvv_live_karte	08715692470f14100560cec1b424253c12513388	deployment/k8s/kafka/02-broker-deployment.yaml
Abdelaali-LAMRANI/Kappa-Architecture-spark-kafka-EK	e0903c18a15e6bb71beb228e6d940ff0c40f5f58	docker-compose.yaml
nageshbandi/infra_for_devops	b0300ced5bc9aff6ee6af5eaa6bb13fdda3650d1	kafka_tools.yaml
Project-Herophilus/ApplicationFramework-HDF	566181e030136455886862ffae7532f845c5e9ab	Java-OMOP-DataPersistence/omop-data-persistence/docker-compose.yaml
Ahmed-Elgamel/Scalable-TikTok-Clone	fc9d2d4672202d5c2a3d82a59906408e0248df09	infra/k8s/kafka-deployment.yaml
vakulkumar/inventory-microservices	2f20001fb929691ed9952e8d907dbb73c6c115fa	k8s/kafka/kafka-deployment.yaml
bhanuchaddha/scalable-architecture-mq-db	1c7367a07c9ce936a3c81d44e4a5f446912bf6a6	k8-configs/kafka-deployment.yaml
RushilKhatri/Sensor_analyser	aa3207e45379dd59ecf213cecfa8f5bd8a1b46e6	kubernetes/kafka-deployment.yaml
simanga-dev/parts-store	bb845e4cc207054eeb57daf59143041e828203df	compose.yaml
ilayaperumalg/scdf-kubernetes	1b216ed6ec9c026ef869f7ce4a7d639d6d97d721	config/kafka/kafka-deployment.yaml
Eranor997/spark	8918cbcf743d2cbd03ddebfa28e8f0b572998577	docker_with_sasl/docker-compose.yaml
plmlkff/vk-for-business-back	d1faee8bbb8eba827cc132964fc4d0c1c24c12cb	docker-compose.yaml
LavrikPavlov/current-rate-service	26a56a73a6f0543ce377da80db7bc2b5e404baea	container/docker-compose.yaml
BHARADIROHITHREDDY/SkillSphereNexus	88f4a2602273d6654fe2df87e57796a08e73ee5a	infra/compose.yaml
miranda-alan/kafka	8464e51eea1dabec4743830568ebfec8422b54df	docker-compose.yaml
kemalkochekov/KafkaMessage	6b767363fc051b1681cf063e5ac32693ca272973	docker-compose.yaml
brameldering/orbital-microservices-kafka	17ca2698770f21bd1ead30b2ee3f238ec92da588	infra/k8s/kafka/kafka-broker-1-depl.yaml
williamszk/statistical-learning	ce73a7206aa7e828d20907f264326ad86dab28bc	kafka-study/220704_01/docker-compose.yaml
andibalo/ramein	f0f05af41256ccb1cdf380be5eddbdea455e085d	infra/local-kafka.yaml
Vibst/Awhell	313124ff249033381a28f203dd0e900490fea7f9	PostService/postservice/docker-compose.yaml
wagnerfrana94/KafkaFullCycle	b4bcad9285f8797abae60638bdfc514796cba818	cmd/docker-compose.yaml
lambotik/performance-tests	ee9bd479b703713e5cd6ebbe24962c2a50bcc9ac	docker-compose.yaml
kvrnka/mlops-fraud-detection-hw1	636a9b97313a0d46453d063945518a13538fe248	docker-compose.yaml
ShrikantLambe/real-time-retail-sales-data-pipeline	b1e00796a376305c032d8d87ec921646756e020b	helm/templates/kafka.yaml
ou-az/twelve-factor	dd1043f7dd4261022276e00ea545c8456ae5f224	ecommerce-microservices/kubernetes/kafka.yaml
salsabilmoussa/BaseballApp	61b7ea68f4fba80db98d39667ac1710ccb6b655a	backend/docker-compose.yaml
Nayanj041/Real-Time-Analytics-Dashboard	ccae33b0e1eb4c2b2bdda889212c3803289408b4	deployment/k8s/02-kafka.yaml
Eduardo-RFarias/pspd	7e28c1f24c6e5f48345f0c751d30ed59766876a3	kafka/kafka-statefulset.yaml
Ravi-chandera/MTP	da22a9a34eb8d96fbdaf69c8df21a9a45142c1f3	docker-compose.yaml
BugraToklu/FinStream-Data-Lakehouse	aec6f37ddfbb0d3ecd336e0dab8d0d7b24336e8a	docker-compose.yaml
tapunict/tap2021	e85b074626f2cbe74aa1f5b3491dcf2c7de10ab2	twitter_logstash-kafka-spark-elastic/docker-compose.yaml
A1exander256/simple-bank	1999d8e16d36e752908e77993cafad1c26458738	.docker/dev/docker-compose.yaml
shivanshudwivedi/LIGO	29a4e046d3f6fb2892faf031d9784c0627e996d5	k8s/kafka/kafka-deployment.yaml
aadeshbhujbal/kubernates	442f196b0a8a3f063f477d7c3a0d33530d7d1371	docker2-backup.yaml
CapitaoDAreia/explorando-apache-kafka	b6a5de7924765e626c64c04ef1c217d89d65fa27	4 - exemplo schema registry/exemplo.schema.registry/docker-compose.yaml
VarunPius/ReferenceCheatsheets	8ba907f571e5f8e0747db21a86336eaad376aee9	systems/Docker/ImagesNotes/DockerCompose_KafkaCluster2.yaml
timmyb32r/debezium-docker-compose	704f9dab54c6d3dbff6bc769bb326208869dc54b	debezium-schema-registry-pg-karapace-json/docker-compose.yaml
ThunderSmoker/SpringBoot-MICROSERVICE	e5bfb6071c64768ebde4317dc68e0b994de28b3c	microservice-new/docker-compose.yaml
orpiske/ckc-demos	9dfb29e30b8588d2420437c7fd6a87ec7d091fdc	runtime/examples/docker-compose/camel-sink-jms-devel/docker-compose.yaml
DnicheDirector/seller	2267dd3cbb8537fd68a88c4582a4353f9b52f39f	docker/docker-compose.yaml
chaosnative/harness-chaos-demo	46e9303cbcc68fdaffe0fdbab7cbc5a1b06447bc	harness-payment-bank/hpb-manifest/hpb-k8s/configmap.yaml
MaksymPohribnyi/ProfITsoft-cloud-deployment	71e202f547760d769cf132bad7f9f688c04cab89	k8s/02-infra.yaml
laogui008851/Flutter-ios-and	4d54aaa1a07e622b432a08a277565911da08189a	open-im-server-enterprise/docker-compose-copy.yaml
developeramarish/ez-data-processing-platform	2af1e7d4a1f596e84230046b6d6570d98825013b	release-package/k8s/infrastructure/kafka-statefulset.yaml
marcus-sa/helm-charts	bc8087a233c5878bfceb4aad984fe0634780a16e	repositories/bitnami/kafka/1.1.0/chart/templates/statefulset.yaml
cubepaas/charts	03bd418e61afc7afc9d4d0b6cf25437f3ea72261	charts/kafka/v0.8.0/charts/cp-kafka/templates/statefulset.yaml
JackExperts/charts	7be8513f30afaeebcf4336c29253344aa23f0aeb	charts/kafka/v0.8.0/charts/cp-kafka/templates/statefulset.yaml
ableasdale/confluent-dockerfiles	4de0b2d2da9e020698859d577c7db97e79946122	connect-cluster/WIP/docker-compose-2-connect.yaml
ValerioPontini/ASW-OrderManager	45c900b931c8776605c95d14a22436c42752cfa4	Kubernetes/order-manager.yaml
guangbochen/charts1	d74a391dd075791f38e1659e3cfae7d80498590f	charts/kafka/v0.8.0/charts/cp-kafka/templates/statefulset.yaml
sowmyav27/rancher-charts	8aa26356067f4c5d7eb7dba967600c2ae7921598	charts/kafka/v0.8.0/charts/cp-kafka/templates/statefulset.yaml
dcallao/charts	208ac5f7c6b5a1414161a01176d5990ef7a90db7	charts/kafka/v0.8.0/charts/cp-kafka/templates/statefulset.yaml
belgianmobility/charts	88490a4844af2360c55026a5ba13b7dc1bc1fbbd	charts/stoomlink-ingestion-storage/1.1.2-rc.50/charts/kafka/charts/cp-kafka/templates/statefulset.yaml
HCM-MOZ-IMPEL/health-campaign-devops	61e7875fb5b4cf55d97fb40bed8b510a9671f3f3	config-as-code/helm/charts/backbone-services/kafka-v2/templates/statefulset.yaml
Zloymen/spring-kafka-journal	7dee85dc89301b98b6f5391e747a2640aa1bc1e3	kafka-test-compose.yaml
PingCAP-QE/ci	cde7479f71842fb5143392fba2c2fe82db6098ed	jenkins/jobs/pingcap/tiflow/release-7.5/pull_cdc_integration_kafka_test/pod-test.yaml
shubhamkagithub/yoga	ca910df7f333c42b58800918f5bd81375ae81730	openstackfiles/test/openstack-helm-infra/kafka/templates/pod-helm-test.yaml
coderbruis/JavaSourceCodeLearning	a2982104cdf834803555825fc7cb0aadc4434afa	note/kafka/kafka broker核心源码分析.md
spirit-labs/tektite	567904fae6cebb536d40b78d49b41f21cf157ec1	perf/perf.md
soaring-xiongkulu/easyaiot	e234b16fcc156c9f288cfe8558129a4ac6ae93a5	VIDEO/KAFKA_FINAL_FIX.md
dreamsxin/example	efb2442e46503b0c9859348b70f4661be69f18fa	Kafka/kraft.md
usdot-jpo-ode/jpo-ode	eb8b142cdf0a5f66af4ef9d0d33567672d4139f4	.devcontainer/post-create.sh
RedHatInsights/rhsm-subscriptions	0f0125f2cf2107293691c98c6812d5b6f4e7ace9	config/kafka/init_kafka.sh
kanmaytacker/system-design	530e830a3bed0786eca6d97078ffd200b1a0a351	demos/kafka/start-kafka.sh
debezium/container-images	9c4b2bec520dff9ad4ab17d3087e04bd894b240c	kafka/1.7/docker-entrypoint.sh
debezium/container-images	9c4b2bec520dff9ad4ab17d3087e04bd894b240c	kafka/1.8/docker-entrypoint.sh
debezium/container-images	9c4b2bec520dff9ad4ab17d3087e04bd894b240c	kafka/2.1/docker-entrypoint.sh
debezium/container-images	9c4b2bec520dff9ad4ab17d3087e04bd894b240c	kafka/2.5/docker-entrypoint.sh
debezium/container-images	9c4b2bec520dff9ad4ab17d3087e04bd894b240c	kafka/2.4/docker-entrypoint.sh
debezium/container-images	9c4b2bec520dff9ad4ab17d3087e04bd894b240c	kafka/2.0/docker-entrypoint.sh
Security-Onion-Solutions/securityonion-image	95cad1d2d648ed73a21651335ae9e1568d9b9622	so-kafka/Dockerfile
sanchitvj/sports_betting_analytics_engine	855a744daa9c6f44858099990df4aafc34789c0f	setups/kafka.md
japila-books/kafka-internals	7d3662058deedbeccc639803dbd41277b645271b	docs/tools/kafka-storage/index.md
a0x8o/kafka	54eff6af115ee647f60129f2ce6a044cb17215d0	README.md
hguerrero/amq-examples	3687bc4506be77e40cfcf80b2d3929c48ac85679	zkless-kafka/README.md
OtusTeam/OTUS-Kafka	0bbde6458f15d76b107607c3762281536872ef84	lesson-03/demo.txt
confluentinc/tutorials	a1b8726d2c6040c772a5cca1bd6076778e7049ac	client-telemetry-reporter-plugin/kafka/README.md
basharat-j/kafka-kraft-docker	8644488b128c82e56709433353d66c3246fc8386	start_kafka.sh
opensible/opensible	755666e151d35ceb90359214af8bb6af665a97e6	IaC/blueprints/messaging/kafka-kraft/README.md
scalingpythonml/scalingpythonml	06f565ff812e048c52e230dd707f379aa4f5613d	local_kafka/setup.sh
a0x8o/kafka	54eff6af115ee647f60129f2ce6a044cb17215d0	config/kraft/README.md
kelubo/wfbook	fbcb2d163b9d65ad187046abc62ed5c9b426bf7a	Software/Kafka/1_安装.md
apecloud/kubeblocks-addons	413f0af7c7938dd5bb56acbf13fcfab27f80c8f3	examples/kafka/README.md
moeenz/docker-kafka-kraft	e4754bf51888cfaa1bea99030857484a631637b4	docker-entrypoint.sh
apecloud/kubeblocks-addons	413f0af7c7938dd5bb56acbf13fcfab27f80c8f3	addons/kafka/README.md
OneUptime/blog	30f536e5d9e970ad286cbd85377efc0e6c295122	posts/2026-03-04-install-apache-kafka-on-rhel-9/README.md
daironpf/SocialSeed	a3f7c51a362138c9a1df78c5326f2792350a7beb	infrastructure/kafka/start-kafka.sh
daironpf/SocialSeed	a3f7c51a362138c9a1df78c5326f2792350a7beb	infrastructure/kafka/kafka-start.sh
aerosim-open/aerosim	e6269b86ab22014f3f72a40fd500fc69df1fa692	kafka/run_kafka_local.sh
aerosim-open/aerosim	e6269b86ab22014f3f72a40fd500fc69df1fa692	docker/Dockerfile.ovkit105
FinanceLake/financelake	72b907256068d210241bd48f020ec9767eeb668e	data-ingestion-kafka/README.md
kolkhis/tech-notes	036dd1f06f6979a1455dea0609827ac499b5a944	linux/tools/kafka.md
inovex/blog-kafka-connect	0d7f9a8ded48eed64d9211e05c60541a8b9837d3	Dockerfile
OneUptime/blog	30f536e5d9e970ad286cbd85377efc0e6c295122	posts/2026-03-04-set-up-a-multi-broker-kafka-cluster/README.md
stefanjay/kafka-kraft-on-k8s	fa310b061f9f2eb4e80dea0db7c6f0a9976027fb	manifests/kafka/entrypoint.sh
codecrafters-io/kafka-tester	548089cf5b930d29a57e9fc4f6aa38bae336b158	README.md
imchine/FinTech-Wallet	c10eb69db7e70cc6d6312f44e8c2463b79fddb6f	terraform/destroy.txt
aspectrr/deer	e4f98458be4066648e4e3e1a5440e83a4e18f70f	scripts/setup-kafka-demo.sh
OneUptime/blog	30f536e5d9e970ad286cbd85377efc0e6c295122	posts/2026-03-31-dapr-without-docker/README.md
cloudwm/installer	02b87aadf7c8bc5a46193d42d648a03f7877b46c	services/kafka-4.0.1-offirepo
javicacheiro/pyspark_course	02d5777aa7bf60ad83955edc6e862a2ce002ed00	supplementary/kafka/unit_2_installing_kafka.md
yandex/yandex-taxi-testsuite	85b1c33fc1e788f217ddc51c5d16a2736b3061af	testsuite/databases/kafka/scripts/service-kafka
rticommunity/rticonnextdds-gateway	d8250299084b2150fa1b53103b1f0d020a3560e7	examples/kafka/kafka-shapes-json/README.md
Big-Data-ETSIT/practica_creativa	a9fc5837bdac42598bc183b3803533e358ffa0de	README.md
inovex/blog-kafka-connect	0d7f9a8ded48eed64d9211e05c60541a8b9837d3	entrypoint_kafka.sh
sir5kong/helm-charts-hub	a889bc31d1b4972f862493f244d1f105b86a052b	docs/sir5kong/kafka.md
sir5kong/helm-charts-hub	a889bc31d1b4972f862493f244d1f105b86a052b	charts/kafka/README.md
tmzk1005/reactor-gateway	de03a8029c14ebd203913bf824a6c2c7ef0ba27c	dev/run-kafka.sh
adamko-dev/kafkatorio	82818210753be59daf2f72d7520e51465f160b81	modules/infra-kafka-cluster/src/kafka.Dockerfile
boandyu/baipiao1	48d34bf461640f3b737695e7ba06f457598c8372	Kafka详细教程/README.md
caioclavico/kafka-metamorphosis	c547bb22f4af6a698ed35913bcfa277d3b64fb55	docs/DEVELOPMENT.md
imchine/FinTech-Wallet	c10eb69db7e70cc6d6312f44e8c2463b79fddb6f	terraform/fintech.tf
Ren294/Log-Analysis-Project	8b3b0f1317e6f7ceb10a5d9c18da31f594776700	README.md
rticommunity/rticonnextdds-gateway	d8250299084b2150fa1b53103b1f0d020a3560e7	examples/kafka/kafka-shapes-protobuf/README.md
exploitintel/eip-pocs-and-cves	7d27b55b2930e05f29536a74eff0d57d966c3d15	CVE-2025-27818/Dockerfile.patched
LanshanTeam/Courseware-Backend-Go-2025	f14b8307c22263861464b5936e87e14c31555a1c	lesson13/13.md
OneUptime/blog	30f536e5d9e970ad286cbd85377efc0e6c295122	posts/2026-01-21-kafka-kraft-no-zookeeper/README.md
AnastasiyaW/knowledge-space	f3ad807496a1dafd1a4a3ff7482938ef8b012e1a	docs/kafka/docker-development-setup.md
openeuler-mirror/openeuler-docker-images	69743118df8a46fcb78dc01accbad6acc4966a92	Bigdata/kafka/3.8.1/24.03-lts/Dockerfile
openeuler-mirror/openeuler-docker-images	69743118df8a46fcb78dc01accbad6acc4966a92	Bigdata/kafka/3.9.0/24.03-lts/Dockerfile
spicyparrot/kafka-kraft-action	f36354d3fe55174a962d4fc544f69c849dca29a0	scripts/entrypoint.sh
usdot-jpo-ode/jpo-geojsonconverter	7dfb301b4cf479dd15cadca02fa9e6211adeb4ad	.devcontainer/post-create.sh
LuVx21/doc	fb2e74d43d023ba5b52ee13a80c927cab7c5dadb	13.Kafka/00.基础/02.使用.md
rdsea/bigdataplatforms	1bac43f7142ce116ec971187ac513610a80a72da	tutorials/kafka-bigdata-gcp/run-kafka.sh
Doha-Ahmed-E/bigdata-tools-for-ubuntu	d2ae290e36827b21377b8ccdac8481932cf34b71	docs/09-kafka.md
exploitintel/eip-pocs-and-cves	7d27b55b2930e05f29536a74eff0d57d966c3d15	CVE-2025-27818/entrypoint-broker.sh
minhhungit/kafka-kraft-cluster-docker-compose	9e62d113418aa00dbc755962822643b0e7750e0c	docker-build/start-kafka.sh
exploitintel/eip-pocs-and-cves	7d27b55b2930e05f29536a74eff0d57d966c3d15	CVE-2025-27818/Dockerfile.vulnerable
OneUptime/blog	30f536e5d9e970ad286cbd85377efc0e6c295122	posts/2026-01-15-install-configure-kafka-ubuntu/README.md
vepo/imersao-kafka	f0eccc54572cce6aadc36d8b222d0856c26e6c7f	01-configurar-broker-kafka.md
netobserv/pano-research	fd348a9f5ce52c664acfb4562c7450b741958fb0	demo1/kafka/run.sh
tigrisdata/tigris-os-docs	80b0827bf215616d9d7cc36d50e9cf39609f50ac	docs/quickstarts/automq.md
vinsguru/reactive-event-driven-microservices	028b2f9c330d6c0ef3177c13b4260a305b1cef7c	kafka-setup/image/runner.sh
TortillaZHawaii/GrainAuger	61a4b743fb3b9f4aebe84327a639cb16dd422aa6	k8s/kafka-image/entrypoint.sh
rdsea/bigdataplatforms	1bac43f7142ce116ec971187ac513610a80a72da	tutorials/basickafka/terraform/run-kafka.sh
panaversity/learn-agentic-ai	dd7426f65b2452062fdb6d27661c018eaf751baa	07_daca_agent_native_dev/backup/experimental/03_kafka_bindings/readme.md
gravitee-io/gravitee-api-management	b2a7226d096edd70b235e9a1f25a36211f16eb81	docker/quick-setup/native-kafka-mesh/docker-compose.yml
blocksense-network/blocksense	97f1e9e617ca3b5da0810d26e51afb8f2b25ea65	apps/sequencer/docker/kafka_server/entrypoint.sh
OneUptime/blog	30f536e5d9e970ad286cbd85377efc0e6c295122	posts/2026-03-04-set-up-a-multi-broker-kafka-cluster/validation-summary.md
soaring-xiongkulu/easyaiot-edge	e1bfcd2aa965ec3b4169fce24c039ea70232d74e	VIDEO/KAFKA_FINAL_FIX.md
Jeevi1990/kafka-quickstart	d497fd5ea4b814287717219ad904b0fdfe89d649	kafka-installion.md
jiangteng2019/code-notes	84a12127aaf03ecde0ba0b8ecedcfc10f3493bac	work/centos7.9搭建kafka集群.md
suhailgupta/kafka	c067f7afb5dbc8201a4797983e9ca8fcd7ae2147	setup/image/start.sh
OlehVahurak/BetInsight_Engine	525ea06fa4e85957043e41b64a8c189e60d15c40	setups/kafka.md
EeJunKhang/Real-Time-System	75de380086a6e1a60023e89efcacf3f111f3bdcb	StudentB/readMe.md
maryem37/Tutoriel_Kafka_simple	3935e61769027bfb3110a737ad8d49320b84a207	README.md
shibe1302/AWS-stock-market-simulate-kafka	2a736938f4f4cb046bd84c7f5e3e812a61b74824	command in video.txt
iair-dev/kafka_learn	ded24b520f086798bfb9673f36ad6a2d1e9e94e9	dockerfile
SnowWoofer/A_Blockchain_Enabled_Framework_for_Misinformation_Monitoring	e13713109e85ca3dfa3a173559936247b6e4d186	apps/kafka/entrypoint.sh
fiubakka/fiubakka-server	d733856bdc42bbbc3b0b525dc8aa69dc6f25e01c	.docker/dev-entrypoint.sh
sir5kong/kafka-helm-chart	383c6a67133ee70d57ee35fac2dd4c794d1b2188	charts/kafka/README.md
plexus/event-lab	f0b384a99bba38ae29a1f9075490d4dd5c1c1d97	Justfile
cdsap/rhsm-subscriptions-	50b7d48f60d7c309c5b9061f9082c9856744a39e	config/kafka/init_kafka.sh
atharvrathore100/Clickstream-Funnel-Analytics-on-a-NewSQL-Warehouse	dae743130f012e6f1a2136e3130ef174c9e1a487	READMEWSL.md
nghiandd84/dn-ms	35b0fb67c439ea5430e5efa80cb6f98dd25f67ff	.kiro/docs/dev/installs/kafka.md
ep-infosec/33_apache_kafka	62be197a071e5f53774f9487d9786e9df608057a	README.md
EAGrahamJr/kafka-kraft	1eb0679d0ae6a2deda9c5109b1da38d228c01c3a	multibuild/start_kafka.sh
theforeman/puppet-iop	68c3e2084d780efed75f5e78f36b7af03de3d0a2	files/kafka/init-start.sh
andrewshawcare/smooks-api	14ae306f1b8fe976509f5337f2d395f707eb5f8d	event-streaming/Dockerfile
cploutarchou/kafka-stack	2e04a72bec6c9d742431c11dc0c076bbcb360c01	docker-build/start-kafka.sh
siddharth-nandagopal/kafka-kraft-cluster	036dda3f1b3af2b664d85134f25b68869579254e	docker-build/start-kafka.sh
duyhenryer/kafka-kraft-cluster	28e8ddad6b0d28e90b9cdc8f2000c62d96db6b9e	docker-build/start-kafka.sh
prasadu-1619/network-anomaly-detection	cceddc88e4c42590795f6c2b20c9264bfab5ae2b	README.md
Sainathkeesara/DevSecOps-Kit	29ab26f03a33298369ed23b2f397f2a4853b009a	docs/setup-guides/kafka-cluster-setup.md
n06919/kafka	d0240031dd0918b3d1305603c74b38c9d5721dbb	Practice/03.Program.md
cescoffier/hello-quarkus	04f3acd73fa7a9dcf6b99822515a45b8b48b53f3	kubernetes/kafka.yaml
arhankundu99/System-Design	628760faf71947b161a4126830d4267f19426d29	Kafka/Kafka CLI/1-kafka-cli/1-kafka-console-producer.sh
hpgrahsl/eda-pattern-examples	ae16130d73f5ff88457a4726a6e170e2a74fbbac	eda-cep/k8s/kafka.yaml
Team-Stofka/stofka-docs	bddc55cce146d4ab1473b97428d02bce45331dbe	kafka/Kafka 브로커 3개, Kafdrop 설치.md
juny9610/kafka	791363f2ee2c525bd3d4bd8e9f25a6ea08c01a92	config/kraft/README.md
joanna3002/kafka-parallel-computing-demo	3feda69a4dd890bfe6dd1cab75cf4f9172fcdf02	config/kraft/README.md
estgeorge/sparkcluster	995291092b396382c160a980ecc71e629bfe59a7	data/bootstrap.sh
dawsonlp/docker_images	708b5fd0c4be6a20cba433376c1345f43db8f3cb	kafka/startup.sh
Omar-p/learning-notes	8351732b4ac498560c9ed7895aebdcc5bb2b75c9	spring/integration.md
CN-annotation-team/kafka3.3-chinese-annotated	e3f89542471919fbe80b1f4109eea0059f766fda	docs/quickstart.html
Abdelmajid-BARANI/Real-Time-Toxic-Comment-Detection-Pipeline	508438caa090701a7f98c1b2e7aa3d25e9a2ab8f	GUIDE_DEMARRAGE.md
socceristJoe/kafka-learning-2022	e025276339e01424db446ff05af35e6d5d24c67c	kafka-0/1-kafka-cli/1-kafka-console-producer.sh
BOURGUI07/advanced-kafka	3c8bb51cfecb302890cdfd3a49c7d675d0913f8f	kafka-setup/image/runner.sh
89himanshu-dwivedi/enterprise-stack-zero-to-architect	2969fb47f10f1213d8138b0b2470e91b7a726108	kafka/03-local-setup/README.md
OnukiYuma/SINETStream	97763a91631d888468a9dd1197417307369d35ad	docs/tutorial/all-in-one/init-debian.sh
Sky960722/ComKoowledgeSummary	55328c03048e78f0129ffe74ca8d91e56dffecad	9.Kafka/5.Kafka其他部分.md
zhaozhongfang/github	93cc771583fba095d47710b5e0ec5adb82aeb9fc	日常文档.txt
paas-mate/kafka_mate_go	142aef83e8c1f56b5faffa64a7b1f79fe87e203a	docker-build/scripts/start-kafka-raft-standalone.sh
www987/SBA_data_analysis	2b75fa52f886b614f8e30337b78fc5af7f1b892f	kafka_setup.py
nilshartmann/docker-arch-build-test	118050d7ab1b75436c2e0a4b725d7b649957f7c0	kafka/1.7/docker-entrypoint.sh
nilshartmann/docker-arch-build-test	118050d7ab1b75436c2e0a4b725d7b649957f7c0	kafka/1.8/docker-entrypoint.sh
nilshartmann/docker-arch-build-test	118050d7ab1b75436c2e0a4b725d7b649957f7c0	kafka/2.0/docker-entrypoint.sh
nilshartmann/docker-arch-build-test	118050d7ab1b75436c2e0a4b725d7b649957f7c0	kafka/1.9/docker-entrypoint.sh
bhanubhargavbhas/Terraform_EC2	b3ac130fd2aabfe0c8af5cdbeb88cf8a14d18898	config/kraft/README.md
adoggie/goccsuites	4f4b0ba18bdc2717d13eda2158c65628034dd3f2	cmd/Godzilla2/scripts/kafka_topic.py
g33kdpr1nc3/g33kd-m4c-l0c4l	1d0a61b71387f09a676f87962be24152004551c6	Kafka_v2.8.2/config/kraft/README.md
NickZhu0110/Coronary-calcium-platform	7270d2ea471622ce9a72b3012c05ac8468d2d930	scripts/start-server-stack.sh
apurvkulkarni7/SProBench	d50168a3c589a0e6407aff2d22c7ae98e2f0cc7e	framework-config-template/kafka/kraft/README.md
DataEngMastero/LearnByDoing	d94ffd0b2c83f975a3d75cb0a0523f0544c27911	Kafka/1-kafka-cli/1-kafka-console-producer.sh
YunNote/TIL	dc48c3ee6332d916f3a4b3805fe5aee83e5a2dd9	도서/카프카핵심가이드/chapter_01_02/README.md
uzaaaiiir/apache-kafka	f94e9e5e403c03a64a66026bd78b897311637292	kafka-beginners-code/0-start-kafka/macosx/macosx-start-kafka-kraft.sh
ha2ee/mini-service-infra-labs	62187a49e0cba944d46b98596fb851ed1fd65182	kafka/compose.yaml
Woun-dex/Real-Time_Ride_Sharing	813bd049f81758a7decff64f065d70218f1203a2	docker-compose.yaml
suxiangyu138/Java-AI-LLM-Learning-Records	2888a4accef1b585d0cf7eef25600fa950c7cfa6	02-后端核心技术 微服务 分布式 云原生/03-消息队列/Kafka/02-快速入门与安装部署.md
ElliotChen/KafkaDemo	589e461e4301656adce5df1276cac39ed6dc3610	01Logging/docker/docker-compose.yml
zdoryk/kafka-studies	24c29ed207f9736390c9d67d39c88e9a791b22b6	material + connectors/0-start-kafka/windows/windows-wsl2-start-kafka-kraft.sh
confighubai/confighub-patterns	19c98b6f158e8d3b84f33a582aa21702cf526db1	patterns/CCVE-2025-3301.yaml
89himanshu-dwivedi/enterprise-stack-zero-to-architect	2969fb47f10f1213d8138b0b2470e91b7a726108	kafka/03-local-setup/docker-compose.yml
canhnd15/davidnguyen.blog	54e615b100195aec453e1fd7dce3351dbb906ab0	data/blog/2024-03-04-apache-kafka-quickstart.mdx
Spirzen/it-knowledge-base	c3191d18e714a681e720988e57b3f6f815ca3a76	docs/encyclopedia/2-system-network/2-09-osnovy-integratsionnogo-vzaimodeystviya/123.md
ddung1203/TIL	8abdf037eeeac6e36188710c0f3cfb8e425fbff4	kafka_terraform_v2/kafka_2.13-2.8.1/config/kraft/README.md
saulofilho/software-engineer-txt	591b3fbc14de40c5b4498ffc7fece2cc0d3abf22	architectural-patterns/queue-fila-mensageria/apache-kafka.md
christopherrons/herron-exchange	edac74d1a176ca9164fd14367a8305398caa226a	exchange-deploy/src/main/java/com/herron/exchange/exchange/deploy/scripts/startup-kafka.sh
christopherrons/herron-event-generator	2fc2c094fe01aa619b00a50570d80cfd97ce37be	event-generator-deploy/src/main/java/com/herron/event/generator/deploy/scripts/startup-kafka.sh
lolismek/open-deadlocks	a7ce38e2427281d52a153431cea2faf1d86c3184	harbor_tasks/synth001-graph/environment/kafka/docker/docker_official_images/3.7.0/jvm/jsa_launch
Emanueltyc/kafka-go-payment-system	c51d3220f817bf04eeca757d81682239863f0844	docker-compose.yml
yowko/yowko.github.io	a675099c7526a85809316a848fec00b4b8ffc9c8	ansible-kafka-cluster/index.html
xuanyuanli/blog	279b3221028bdf7126ac4085b896ec5853ef7feb	vuepress/docs/03.架构/19.中间件/06.Kafka实战.md
lolismek/open-deadlocks	a7ce38e2427281d52a153431cea2faf1d86c3184	injected_codebases/kafka-deadlock/derby5560-nograph/kafka/docker/docker_official_images/3.7.0/jvm/jsa_launch
isyuah/learningit	ec7cbb252a5d8030f92b2fff5020acd9379937bc	src/content/courses/kafka/lessons/kafka-kraft-quickstart.ts
redhat-gpte-devopsautomation/quarkus-super-heroes-rhbq213	0c9b860b694c6744a48b2376e8a6c9a0613afaa1	event-statistics/deploy/k8s/java11-minikube.yml
shifengbin/shifengbin.github.io	2a10531b806b938062df23600035684fe79eb74e	tags/kraft/index.xml
zdoryk/kafka-studies	24c29ed207f9736390c9d67d39c88e9a791b22b6	kafka_for_beginners/kafka_java_project/sh_kafka_commands/1-kafka-cli/1-kafka-console-producer.sh
rhthsa/developer-advocacy-2022	ec1a27e30e88d4e598a03d89c03893f2e769e652	code/event-statistics/deploy/k8s/java11-knative.yml
redhat-gpte-devopsautomation/quarkus-super-heroes-rhbq27	1b826fae2bd327e3937729cd20f0b66ddea2e958	event-statistics/deploy/k8s/java11-openshift.yml
pprosser-redhat/quarkus-superheroes-skupper	fc13183eeff7124dcbad41aed3d515bc4ec55892	event-statistics/deploy/k8s/native-openshift.yml
lolismek/opus4.6-task	003b46e71eefbb33f677857be5474f631c104a55	harbor_tasks_clean/derby5560-nograph/environment/kafka/docker/docker_official_images/3.7.0/jvm/Dockerfile
rhthsa/developer-advocacy-2022	ec1a27e30e88d4e598a03d89c03893f2e769e652	code/event-statistics/deploy/k8s/java11-minikube.yml
rhthsa/developer-advocacy-2022	ec1a27e30e88d4e598a03d89c03893f2e769e652	code/event-statistics/deploy/k8s/java11-kubernetes.yml
jskno/kafka	31002dfd09ad04f36b413b924cb9f2565e7dda07	kafka-streams-wong/my-udemy-kafka-streams/src/main/java/com/jskno/a_stateless_app/J1_SInkApp.java
naberss/study_notes	17e5e15e1054b07ed9bca0893c987383eb931347	Kafka/resources/kafka-for-beginners-code-20230117/code/1-kafka-cli/1-kafka-console-producer.sh
ssamparn/kafka-event-streaming	c8bcf1fbcb2d42305aaba3f08c9a61a5e61d2cb6	avro-schema-registry/workspace/kafka-cluster/docker-compose.yml
pprosser-redhat/quarkus-superheroes-skupper	fc13183eeff7124dcbad41aed3d515bc4ec55892	rest-fights/deploy/k8s/native-knative-all-downstream.yml
utopios/cloud_native_juin_25	7b7193cdd75c53a16539984155e764a2976be16e	quarkus-super-heroes/event-statistics/deploy/k8s/native-knative.yml
utopios/kubernetes-docaposte	238431384cce00543daac4bf4c89ff4ba4c20e8a	quarkus-super-heroes/deploy/k8s/java17-openshift.yml
NeelParekh17/ARIABC_MERKLE	24b35bd590bdbf85fd4ba4e0760b69e965ab0dd4	Final_Results/ONLINE_RECOVERY/runs_s1024/failed_setup/cluster4_s1024_20261001T060514ZJ_f32s1024_A_r2/cluster_runner_20261001T060514ZJ.sh
utopios/cloud_native_juin_25	7b7193cdd75c53a16539984155e764a2976be16e	quarkus-super-heroes/rest-fights/deploy/k8s/java17-kubernetes-all-downstream.yml
NeelParekh17/ARIABC_MERKLE	24b35bd590bdbf85fd4ba4e0760b69e965ab0dd4	Final_Results/ONLINE_RECOVERY/runs_s1024/launch_evidence/failed_runs/cluster4_s1024_20261001T060514ZJ_f32s1024_A_r1/cluster_runner_20261001T060514ZJ.sh
ahmedbelal22271-maker/data-engineer-career-path	a5babc168b905ddf9564fae1680aeb1b719058f4	wiki-generation-pipeline/updates/providers/ibm/etl_and_data_pipelines_with_shell_airflow_and_kafka/modules/module_4_apache_kafka_streaming_data/labs/c8_m4_lab_kafka_python_client_handson.html
oriolrius/keycloak-kafka-scram-sync	cc27ade8f65203be05f22b4f38f184fda5a2a6c3	tests/infrastructure/kafka-config/kafka-entrypoint.sh
AutoMQ/automq	e531e4c968bbe9a4345ddfba14f7cafcd7e0aa93	docs/quickstart.html
SeldonIO/MLServer	a325e523b5a580d49aeb06e19e73e4a90176b63b	docs-gb/examples/kafka/README.ipynb
LangStream/langstream	88793bcf759607a88c223f6eb69688c44da8c5a0	langstream-runtime/langstream-runtime-tester/src/main/docker/Dockerfile
openeuler-mirror/openeuler-docker-images	69743118df8a46fcb78dc01accbad6acc4966a92	Bigdata/kafka/3.8.0/22.03-lts-sp4/Dockerfile
OmkarKashyap/Yet-Another-Distributed-Task-Queue	cac9ccb8781e1c52a5c6f9118bf8a913ba815ee4	README.md
Kiltakaro/Discord_Scala	2ef3ea303c565b922283b77d48c0b1f0c732ec16	README.md
Loongson-Cloud-Community/docker-library	238f9662be106adc4ca683cbe1b1b66afc847e7b	apache/kafka/3.9.1/context/jsa_launch
cescoffier/kafka-kraft-docker-image	b898fd4dbf242ec523459837195beefa6e1a133f	kafka-setup.sh
Fedomn/flink-playground	27180f6270aedbe7e91918639199c0aef5c545a5	kafka/Makefile
elusivebot/elusivebot-deploy	bdd3333c8b8f443090f600b7e1ed196c2069d5ed	local/bin/kafka/bootstrap
s50600822/containers	ca745a5293ee7b08b90be8a3bef062ab103cc079	kafka/runner.sh
zeindevs/PZN	6d533c099cc6f336096c0105c12bf4e7be23e60c	Kafka/Apache Kafka Dasar.md
Abdo-Anwar/kafka_Vs_JMS	03f422a8fd245f14ca60303f6e48f27952654ab6	kafka/report/kafka-section.md
NathanDotTo/java_kafka_exercises	8dae78e8afbac14aa73cb299548103b4dbc9d04e	start_kafka_local.sh
theforeman/foremanctl	42182ae31b15e6f588711543b2ec1e5ee57a8c68	src/roles/iop_kafka/tasks/main.yaml
minhhungit/kafka-kraft-cluster-docker-compose	9e62d113418aa00dbc755962822643b0e7750e0c	docker-compose.yaml
cyse7125-fall2023-group03/webapp-kafka	96b98fc4642aead4349fc9138e6b620073dea98f	kafka-startup.rtf
nagcloudlab/kkc	9723c2b05df2229d90a85cb092e7858d1cdb8748	monitoring/lab.md
andywang425/telecom-bigdata	cf2148e7058456f472b3de2f3f34282ea30f2a18	ENV_SETUP.md
danielhuf/cs-3IF4030	a39e1d1b2d9516557c08ef7510d5fc0eaeeafcfb	TP5/scripts/setup-and-run.sh
pdolinin/microservicesDjangoKafka	2b3683908586cb697f3715c4143dbe2e88f6f6ef	microservices/run_kafka_server
appscode-images/kafka-connect-docker-NOT_USED	3ae1316e775349e0d01769c72d930378ba5429ab	kafka-base/docker-entrypoint.sh
fourtimes/kafka	1af6c81e88ef100ff2ffd3f5325df5efd2960c14	Setting-up-Kafka-nodes-with-Kraft-in-AWS.md
BatuToy/sb-apache-kafka-examples	907023e30ff44af5e7a0cf179705a752e672a420	kafka-server-setup/image/runner.sh
kurusaki-ichigo/jbdl-40	a247a660f502dbef17e244adaa2ef864adcaf1ae	L12_Kafka/Intro/setup/0-start-kafka/linux/linux-start-kafka-kraft.sh
Safat99/fundamental_notes	6e8102aa44332559d2f80b2588e11ae477ea1e7d	spring_microservices/kafka_notes/cli_commands.md
SYMOIZ/stock-market-kafka-pipeline	a7c7a22877a1b679c49dd2c75a1b8afc3858c741	README.md
lordofthejars-ai/event-driven-ai	1512746e30c6091ae32371d151573e8bc06243d4	compose/compose.yaml
tot123/study	75b6bc0cfaf404393e29db177c6c0dea015a8ce1	00028-Kafka-Spark-DolphinScheduler安装文档.md
hyu-splab/PSK	8823c193d08eb2b075549d1b6e2b2bca073dac50	kafka/docker/jvm/Dockerfile
jskno/kafka	31002dfd09ad04f36b413b924cb9f2565e7dda07	kafka-streams/my-word-count/READ.md
leonenkoea/kafka-course	fc9056d20eeb54bc7ccaa91aea8a2ed41ded8541	kafka-console-producer.sh
aiwithqasim/kafka101	da7155a6e8dbf22f1f57d67ca9da033d4fe50dec	03 stockmarket-kafka-project/README.md
gerhynes/kafka-notes	fc287dde06b2fca9dc33e434957d1f1f4260dd58	README.md
Telefonica/alto-tid	e969b96a8231431d3c4720e0901c526bb6bd35e1	api/kafka_ale/config/kraft/README.md
jskno/kafka	31002dfd09ad04f36b413b924cb9f2565e7dda07	kafka-streams/my-favourite-color/READ.md
aureamunoz/cook-with-quarkus	23f9e6d1f49027cfe70119a4cb06580e320b4c1a	kubernetes/kafka.yaml
raulsenapati/spring-works	42895d019159a6edcd083e6213544aac1a55ecc9	spring-kafka/dispatch/src/main/resources/static/kafka-linux.txt
madhurjyasarma/weatherAPI-Kafka-cassandra-flask-project	342a0d5dba2b819ec201fc474e203d79f5c7fff9	kafka_2.13-3.3.1/config/kraft/README.md
kafka-training/kafka-training	9386fc50e64d1f0c827ccd6c6da195445f78da9d	guides/install/apache-kafka-quickstart.md
Treon-Studio/radas	b38ab2376137cc8a66981877d6e5f14afe7596f9	templates/opensible-iac/blueprints/messaging/kafka-kraft/README.md
pintub/apache-kafka	81c5b14339d1ea0e881893ffe65664607cb239cf	udemy-part1/0-start-kafka/linux/linux-start-kafka-kraft.sh
ventris/ventris.dev	88aa600a90faa608cbb6a953bb3dde5a357b967d	content/posts/kafka-kraft/index.md
neighborpil/Kafka_ApacheKafkaSeries_LearnApachKafkaForBeginnersV3	944164fb10b12f82e6d53d0586fbbe4602bd3ac4	sources/code/0-start-kafka/linux/linux-start-kafka-kraft.sh
juny9610/kafka	791363f2ee2c525bd3d4bd8e9f25a6ea08c01a92	docs/quickstart.html
fermiyon/notebooks	474310403ec1715bc01cf6221a64d2ae0e35f07d	kafka_notebook.ipynb
friendbear/kafka-beginners	9a93888e97e7ec9d62e021d2a6a356ec363297d2	downloads-code/0-start-kafka/macosx/macosx-start-kafka-kraft.sh
sumanththota/Kafka-Open-Search-Project	b859e7334e6df33f588e63f0dac7d80968c04b18	Kafka/1-kafka-cli/1-kafka-console-producer.sh
Abdulrahmann-Omar/bigdata-realtime-recommendation	f53decc2c2c4920f744b989f3676eb02a384dd72	convert_readme_to_pdf.py
SSCT-Lab/DisBurser_Dataset	7ed1f4b2572d44b2ad252587c9efa4ad2ed6e03e	Benchmark/Kafka/v3.2.0/kafka-3.2.0-src/config/kraft/README.md
hedon954/hedon954.github.io	c6d1af566c2eb6bc1f67c3bd9b3ca8a967717fef	blog/kafka/kafka-kraft-deploy.rsc
Aqsagull99/hackathon-2-todo-app	68af1651c7f6b74625b30c7b687d9bbad031e984	.claude/skills/kafka-events/SKILL.md
Garcialejan/Data-Science	30d0e8d3f640a6eb3f25fd0f4f608f94c878b85c	03_Apache_kafka/Installation_manual/IniciarKafka.sh
cescoffier/quarkus-jug-nantes	7a0717d76b7b082854f03225e45c21b512c37469	kubernetes/kafka.yaml
SalmiFatimaZahra/Gestion-des-salaires-des-employ-s-dans-une-entreprise-	8f842f526635a999f289bae82515fdafdc4fed0a	BigData5.ipynb
Jatin-cheti/trade-replay	4933557b473d4e35f9306f55a39def2f3edc1503	deploy/cloud-init.yaml
WillCybertron/Kafka-Cybertron	e80156459aeb3551a42c4f5f8077e4286469eaef	KMentor/0-start-kafka/linux/linux-start-kafka-kraft.sh
ssamparn/kafka-event-streaming	c8bcf1fbcb2d42305aaba3f08c9a61a5e61d2cb6	kafka-streams-playground/workspace/docker-image/runner.sh
munisp/farmer-data-collection	65bd0614189a2abdccb4824c08c5cea0a44b8772	archive/docs/IMPLEMENTATION_REPORT.md
Seungu5/TIL	3297a3073bc1ac51d4fdcfc3a103ea41b4c5ecd6	kafka_terraform_v2/kafka_2.13-2.8.1/config/kraft/README.md
sebaspasker/proyecto_SD	bd3f22b9fecbe6c9213c6f1817e4df5d7fcdb106	bin/kafka_2.12-3.3.1/kafka_2.12-3.3.1/config/kraft/README.md
NeelParekh17/ARIABC_MERKLE	24b35bd590bdbf85fd4ba4e0760b69e965ab0dd4	scripts/distributed/run_4node_raft_cluster.sh
zhouhuajian-course/kafka-source-code-analysis	fd66041b99210cc92b339fbaa6eeee0d131c1be5	kafka-3.6.1-src/docs/quickstart.html
Davidelvis/Real-time-data-ingestion-to-Databricks-Delta-Lake-with-Redpanda-Kafka-Connect-	35a401e99715043001a89f40e347908da571c5eb	pandabooks_integration/kafka_2.13-3.1.0/config/kraft/README.md
redhat-gpte-devopsautomation/quarkus-super-heroes-rhbq32	6ab6dcd2291d338566080a6577b3c837f6d00aa2	deploy/docker-compose/native.yml
Kiratopat-s/cookbook	0165dc04520018f1dc87c5e775a1fa6585bb24bc	cookbook/apache-kafka-cookbook.html
vincentspereira/Algorithmic-Trading-System	75128545c101c581cb6358cfeb80e2fb05a0439d	forks/tier1/kafka/docker/docker_official_images/3.7.0/jvm/Dockerfile
dgroomes/kafka-playground	281e197c1bf81e54f898f63dc37eb25898829998	spring-barebones/scripts/server.properties
redhat-gpte-devopsautomation/quarkus-super-heroes-rhbq27	1b826fae2bd327e3937729cd20f0b66ddea2e958	deploy/docker-compose/native-java17.yml
dgroomes/kafka-playground	281e197c1bf81e54f898f63dc37eb25898829998	streams-zip-codes/scripts/server.properties
harshal1507/frameworks_libraries	844633bf85128fa4993bba47c9acc532a2631507	kafka/Kafka_conduktor/Exercise Files/1-kafka-cli/1-kafka-console-producer.sh
naubergois/SparkSteammingAulas	de46ff03ce1ccfa9666a8972cd2d6dcc7074d81d	exercicio_spark_streaming_eleicao_mongodb.ipynb
Willie-Conway/IBM-Data-Architecture-Portfolio	b21f7fcfb8ecb4f843ac12502fc0a7851538ea12	ETL and Data Pipelines with Shell, Airflow and Kafka/Labs/Kafka Python Client/kafka_python_client_demo.py
AutoMQ/automq-labs	8cf6d81f48aca1e226748ad6cd279f7277d7e9c6	opensource-examples/setup/docker-compose/docker-compose.yaml
sconde2020/order-service-hexagonal	6037a2134f140eb528088dea63deb6d6e7adea3f	k8s/infrastructure/kafka/statefulset.yaml
BytexGrid/StackInd	e760adb95d349311deaf5c57d38b4c9fe364b50b	backend new.json
osattari/udemy-kafka	d9c781bbe3da1ad71f0e20b9b2f60f0327688a25	course-materials/03-kafka-conduktor.io/209-Install KRaft Kafka on Windows  Learn Apache Kafka with Conduktor.md
MQuan2802/ChatApp	698b0871a9a46df775abb5cba97c3849ab425409	BE/MessageClient/kafka-trunk/docs/streams/quickstart.html
AldiNFitrah/ta	4c5c41b683ca4c80dc3931e7ef5e3a1ef1bd3e2c	scripts/kafka/3servers/kafka.service
redhat-gpte-devopsautomation/quarkus-super-heroes-rhbq213	0c9b860b694c6744a48b2376e8a6c9a0613afaa1	event-statistics/deploy/k8s/java17-knative.yml
kikokikok/otel-tail-sampler	db958f39a40d1bbc2a360851f466e98fd56101c0	docker-compose.yml
julianshen/julianshen.github.com	f441e447848cb6f81beab60a271eec2f8cf1021e	Zai-K8sshang-Jia-She-Mian-Zookeeperde-Kafka/index.html
redhat-gpte-devopsautomation/quarkus-super-heroes-rhbq32	6ab6dcd2291d338566080a6577b3c837f6d00aa2	rest-fights/deploy/k8s/java17-knative.yml
redhat-gpte-devopsautomation/quarkus-super-heroes-rhbq213	0c9b860b694c6744a48b2376e8a6c9a0613afaa1	deploy/k8s/java11-openshift.yml
GogulaSivannarayana/sre-ansible-playbooks	4e7a53c9bf7e83d392946bb63b322526f820411d	kafka/kraft-troubleshooting.yml
SamaySarthakSwain/sight-sound-walk	85cef02e4d2460b144834ca2c141a2a27ef369c6	backend-services/stats-stream/src/main/kubernetes/common.yml
spbcode/svn	0fc03d916963c81313a9c0b15ebaf9fa21d1620d	practise/stephane maarek/kafka-for-beginners-code-20230404/code/0-start-kafka/windows/windows-wsl2-start-kafka-kraft.sh
89himanshu-dwivedi/enterprise-stack-zero-to-architect	2969fb47f10f1213d8138b0b2470e91b7a726108	kafka/03-local-setup/assets/05-compose-why.svg
redhat-gpte-devopsautomation/quarkus-super-heroes-rhbq32	6ab6dcd2291d338566080a6577b3c837f6d00aa2	event-statistics/deploy/k8s/native-minikube.yml
redhat-gpte-devopsautomation/quarkus-super-heroes-rhbq213	0c9b860b694c6744a48b2376e8a6c9a0613afaa1	rest-fights/deploy/k8s/java11-kubernetes.yml
pprosser-redhat/quarkus-superheroes-skupper	fc13183eeff7124dcbad41aed3d515bc4ec55892	deploy/k8s/java21-openshift.yml
ZamirPineda/Enlgish-Practice-Tool	0a1823d07eea34b442d3fe71963143eece581c8b	public/study-docs/Ejecución/Guia_Ejecucion_Kafka_(con_KRaft).html
pprosser-redhat/quarkus-superheroes-skupper	fc13183eeff7124dcbad41aed3d515bc4ec55892	event-statistics/deploy/k8s/native-minikube.yml
SRVivek1/srvivek1.github.io	133478ffc48dbcca5c3bf85bb4296d4505042090	stg1/courses/kafka/02-kafka-setup-and-cli.html
DVT/ai-assessment-tool-test-quarkus	5d0ad88897c9ae21f75b49c60aeaa08e9d8f139f	rest-fights/deploy/k8s/native-openshift.yml
utopios/cloud_native_juin_25	7b7193cdd75c53a16539984155e764a2976be16e	quarkus-super-heroes/event-statistics/deploy/docker-compose/native.yml
redhat-gpte-devopsautomation/quarkus-super-heroes-rhbq27	1b826fae2bd327e3937729cd20f0b66ddea2e958	deploy/k8s/native-java11-openshift.yml
lolismek/open-deadlocks	a7ce38e2427281d52a153431cea2faf1d86c3184	harbor_tasks/derby5560-nograph/environment/kafka/docker/docker_official_images/3.7.0/jvm/Dockerfile
pprosser-redhat/quarkus-superheroes-skupper	fc13183eeff7124dcbad41aed3d515bc4ec55892	rest-fights/deploy/k8s/native-kubernetes.yml
aqzt/kjyw	2c1b738a7436dba7dd580f06fd1df472019aea2f	kafka/Kafka_zk.sh
HariSekhon/Dockerfiles	b38ac95de8be22e481385ae220ea2949fe24ba51	kafka/entrypoint.sh
feathr-ai/feathr	45e44afc1ebd3abc0fa8313aac21db7b1f05580a	feathr-sandbox/start_local.sh
mailgun/kafka-pixy	46483ae7d9d5a86d53257f4fa30dd660f5cb7886	vagrant/boot_cluster.sh
slawekj/wolf	41193c9f23fe5efe51ec102f2d952db4c8ec1aa6	data.router/bin/run.sh
elodina/scala-kafka	5e5e09d7adec1b1f9b93433721fc4ade548175ca	vagrant/zk.sh
slawekj/wolf	41193c9f23fe5efe51ec102f2d952db4c8ec1aa6	data.router/src/start-kafka.sh
netkiller/shell	0a9ac9a58ec822d8e3b6c999b926e6cefc4649b1	queue/kafka/kafka_2.12-1.0.0.sh
netkiller/shell	0a9ac9a58ec822d8e3b6c999b926e6cefc4649b1	queue/kafka/kafka_2.12-0.11.0.2.sh
uber/storagetapper	eed2574477ed96d7d063be5defa1319e8a7cbf60	scripts/start_kafka.sh
netkiller/shell	0a9ac9a58ec822d8e3b6c999b926e6cefc4649b1	queue/kafka/kafka_2.12-1.0.0.zookeeper.sh
elodina/dropwizard-kafka-http	6f5a377c0072f464d027af023235c81e29df37e5	vagrant/zk.sh
cashapp/pranadb	b0d98ad1c632b88da65ad2bf0d4ecb68be89df5e	scripts/start_kafka.sh
weibocom/wqs	2487acb3727c6f263e760cec56ef9c9597f21ee0	script/run_kafka.sh
stealthly/metrics-kafka	a4b638ef7e0190ea067dd6e9459deaa312ce0351	vagrant/zk.sh
zqhxuyuan/kafka-book	33fb723886086a390b00b75bd4634771fc7a9edb	bin/start-kafka.sh
zqhxuyuan/kafka-book	33fb723886086a390b00b75bd4634771fc7a9edb	bin/start-kafka08.sh
evolution-gaming/kafka-journal	df171f1d7f9539e4493eec5b495b3de917b7eb70	scripts/zookeeper.sh
wuchong/flink-sql-submit	ce45b210ebe4387aaa06128ab88364fe4d2f3e43	kafka-common.sh
cgrates/cgrates	5d71c8b40ede3f974b10c05cec7e92b840eaf496	data/docker/integration/docker-entrypoint.sh
WallarooLabs/pony-kafka	c767e467a514b326d47aa52575a11e9c73f80cc1	misc/kafka/start_zookeeper.sh
tuplejump/kafka-connect-cassandra	3223d881868159e54b78bfd04b007945f155325b	examples/start.sh
rodrigo-arenas/kafkaml-anomaly-detection	10c0bf1a576c93d298501e1f8a811022aee3130d	server.sh
rjurney/Agile_Data_Code_2	2402767721707866db90697d33ba191c9a137179	aws/ec2_bootstrap.sh
NaveenRudra/RTTM	34bad8c42c708a74333db5b7d932fb6422bb8308	script/initialize.sh
PacktPublishing/Python-Network-Programming-Cookbook-Second-Edition	7a2618500cd7a3a4ff527751664bd9b39bb63a7a	Chapter13/13_3_quickstart.sh
kafka-lens/kafka-lens	a9657c7f8d0813da962ce644a310e41e3d97cbf3	startLocalCluster.sh
doubaokun/dockers	06ebce335465b19c65d1bf26d16849ec90cf1a1c	kafka/zk.sh
yahoo/streaming-benchmarks	d1aaf6bb28e97acb64625e125b447f495cf0776e	cluster_setup/setup_cluster.sh
isaacmg/fb_scraper	8652ed5ab603e56e0eb673dd5d3a8df95a123682	build_kafk.sh
pinterest/memq	47409535505f9bc28ad302ed049e8a6bebb63c4d	deploy/startlocalkafka.sh
viadeo/axon-kafka-terminal	9df6bcb83fce85e533fecab9ea54dc302cb30dc7	vagrant/start_services.sh
pinterest/singer	0d0b8d9a70606ebee71098c18cbc7815eb6f451e	tutorial/tutorial_quickstart.sh
wso2/platform-scenarios	34f797b4296c6cc3cf76e0ce9009b71859cea03b	si-demos/configs/start.sh
Nike-Inc/spark-expectations	9978bee27c752098621afde3714d272200360031	containers/kafka/scripts/kafka_cluster_start.sh
memgraph/example-streaming-app	3244980d83e9a3a720ce69741cc0d2d37870d27d	kafka/run.sh
TeamHG-Memex/scrapy-kafka-export	ac134cfec375c54859c45f460592d034c2523a1d	install-kafka.sh
eucuepo/vagrant-kafka	11c3209e01d7057a1b35f5e070a2da7e35dd9ba3	scripts/zookeeper.sh
gerritjvv/kafka-fast	fd149d8744c8100b2a8f4d09f1a251812e7baf6a	kafka-clj/vagrant/scripts/zookeeper.sh
patiludayk/kafka	b81aca3a8ae44b088d0eb7818f89f4d3ed3ffe67	src/main/resources/scripts/kafka-zookeeper-server-start.sh
ntent/kafka4net	a2c96aa987ddf3aa73446b02bfc0c1635a1a09b2	vagrant/scripts/zookeeper.sh
AssetMantle/node	7d3f5d1761391f363301e98219e3388465746c3c	kafkaStartup.sh
AssetMantle/node	7d3f5d1761391f363301e98219e3388465746c3c	kafkaCleanup.sh
Yannael/kafka-sparkstreaming-cassandra	d8597280a06d5d1f28195a237166c57bdcc69659	startup_script.sh
bigdataguide/hadooptraining	f374203eefeb3d6a0f4f64c9c0b841306a197349	kafka/command/start-zookeeper.sh
apache/solr-sandbox	0d007c3589011e1fab04d6d48e7f60786b287d99	cluster.sh
wurstmeister/node-kafka-0.8-plus	e5ee8e7fca889c19f98a6e73938e55996f1015b5	vagrant/zk.sh
carbonblack/cb-event-forwarder	fb1113e90e91d89cb4d87c0b476b1ca5d466e935	regressiontest/cmd.sh
ZTO-Express/zms	d09d96a487c18bd6d6036920b3ac0a2f867a450e	distribution/bin/install.sh
khilnani/devops	5c24630c93b678583394b4f6f57e3572101492fc	scripts/kafka.sh
tcnksm-sample/sarama	cb40b813886b393ea57e3d400f7bf7c420aecc2f	dockerfile-kafka/usr/local/bin/run.sh
opensource4you/astraea	038b54239296505811ae059eb4a182e4e83cc493	docker/start_kafka.sh
gengstrand/clojure-news-feed	2f824efef7b022876abb60a6d53e14063529902f	server/aws/kafka/install.sh
PacktPublishing/Python-Network-Programming	416cea10fe56b2312cf25150ed7ba27837cddf18	Chapter22/22_3_quickstart.sh
nancyyanyu/kafka_stock	8dbe4a1cf5c367b3c210683d4027bbfaf955ed41	starter/start_all.sh
ait-aecid/logdata-anomaly-miner	093306417b0077db4124e5310dfbfb66873d040d	aecid-testsuite/runCoverageTests.sh
stealthly/hdp-accumulo	70721ca6e9a6c71b8b6081b4a5c946285b88cae4	vagrant/zk.sh
ait-aecid/logdata-anomaly-miner	093306417b0077db4124e5310dfbfb66873d040d	aecid-testsuite/runUnittests.sh
streaming-analytics/Styx	5ad129619b3f6f049dbe5345cf883664e0735d3d	config/kafka.sh
iotoasis/SO	39ad654e4cb51a3ad483fff2de5a25f6665101ff	so-doc/scripts/1-startup-zookeeper.sh
OMNILab/LiveWee	b5374ea3e223a67669b8d18795c41fda9ca9b31d	kcwee/vagrant/zk.sh
nancyyanyu/kafka_stock	8dbe4a1cf5c367b3c210683d4027bbfaf955ed41	starter/zookeeper_starter.sh
jistok/gpdb-kafka-go	8d382f6dbbb44c6541756da2d380f30c4f083fc5	extras/zk_start.sh
arafkarsh/ms-springboot-vanilla	6f798f24da9991e4bf8a2b249b86c220b437d85d	kafka-scripts/start-zk.sh
influx6/actorkit	7f53d98690e42794f0ecc8f778ddaac6c8b54de5	tools/kafka-run.sh
HernanRivasAcosta/kafkerl	f1ccd82f3e0bfa4279b5ebc75581595be0d700e5	bin/start_zk.sh
fluent/fluentd-benchmark	2d5ac5e569ec2ecf26b6020e8c3ff9f2eba02e8f	template/ansible/roles/kafka/files/run.sh
Yannael/BigDataAnalytics_INFOH515	c4f6f3def56ec50259fefed291cf696537fe453c	Docker/kafka_startup_script.sh
Yannael/BigDataAnalytics_INFOH515	c4f6f3def56ec50259fefed291cf696537fe453c	Check_Setup/0_kafka_startup.sh
cloudfoundry-community/ws-collector	eb8fcc3551e8cfd79a971eb4de4771fa17be0754	bin/init-kafka.sh
dlgroupuoft/evocrawl	ad38d27622f4be1f2a5a19035f1c75f949c32425	start_process.sh
kishlayjeet/Stock-Market-Real-Time-Data-Pipeline-with-Apache-Kafka-and-Cassandra	21c83cc8d61f85dba939881f5c1fa01e5a5798d6	command.sh
jeqo/post-kafka-opentracing	eb368ff3162ce79d6d9063df3e44af5e885be655	kafka/start-zookeeper.sh
adambaumeister/goflow	68be207c131d44150614cff2c3abe9a3e6f8b5b3	backends/setup_scripts/kafka.sh
in-the-keyhole/khs-kafka	86176f3b77819c4ef384d9557beab6f44a961971	zookeeper.sh
chandnipatelTW/twdu2b	5a2ff10f6683809ae8c23a143a31614cfe2b1594	setup.sh
pcu-consortium/poc-inAndOutSpark	43349dc8c9d1ff564cf825174668c794a53ec75f	envDevSpark.sh
albenoit/DeepLearningTools	75d0fe6abe1c2e01760a8d9379e844b81f723dd5	start_kafka_server.sh
influx6/actorkit	7f53d98690e42794f0ecc8f778ddaac6c8b54de5	tools/kafka-local-run.sh
miyurud/Acacia	49f17ea3fbde43ce874c8d179e8e088235b5c631	kafka-start.sh
pierre94/kafka-notes	6b0274b02ce148a98553a8513cf79b58dadae2d1	kafka-2.2.0-src/vagrant/zk.sh
BaritoLog/wiki	60e2f87376926afcbfe1d2683aadb3eae5a73251	kafka-cluster/bootstrap-linux.sh
sascommunities/iot-esp-ha-using-kafka	e601a03c3bf017b53efd89593eb9fe06f51869d8	KafkaScripts/run-zookeeper.sh
InsightEdge/insightedge-geo-demo-old	1246066a2d65e70c711afbac087774bdd7aba815	scripts/start-local.sh
jorgeacf/dockerfiles	8aa48badee43138046aa9deba5e01f925f5f4f61	bigdata/kafka/entrypoint.sh
spiside/kafka-cluster	b5ba4bca8bd6a72be720acecd159697c6a48818f	scripts/run.sh
nicshub/tap	8a6398bf4c9175286f21dcb155260e6bf1ed5816	kafka/kafka-manager.sh
usnistgov/DataPipelineTestArchitecture	717d429507ceb11a16cc4fbea47805162fe2b4d1	RunKafka.sh
aliyun/yitian-ecs-getting-started	3492b95f990d39302e47cae071dac7bc47209759	benchmarks/kafka/benchmark.sh
desertpy/presentations	ea58eceb8762ac0ba67e93575b8f3afcd95a692f	godber-aiokafka-2019/run_kafka.sh
engapa/kafka-k8s-openshift	904e750705073e93bdbea4ae4f169e3fb7aada0f	kafka_server.sh
angenalZZZ/doc	6f0d2f6fea74a9a491e9f9e49a139a0ce30a7e76	sh/kafka-multi-broker-cluster.sh
izzyacademy/kafka-in-a-box	f5c07541dcbb528256b58f77d8a219fd25ef4b07	scripts/connect-entrypoint.sh
ZainZhao/eat-kafka	1903edc3f9eccd2912d0210e85c185124c26dc77	kafka-2.4.0-src/vagrant/zk.sh
jim-minter/kafkanetes	670bc4aaab4d3b69ad6aeb0fa313ca61a15d0d9b	zookeeper-server-start-multiple.sh
CyFI-Lab-Public/ECHO	d326154bdc8f3133833ded73a91372960396e8e0	src/AutomationPipeline/KafkaScript/start_zookeeper.sh
tdas/spark-streaming-external-projects	9a734435719ec9d2f2d262658d32b668f24f8f44	kafka/bin/run-kafka.sh
juanmlesquivel/bigdataclass	82ae991eddda93e7f23e7376d5ac90840b26b6c1	kafka/start_zookeeper.sh
imarios/spark-steaming-with-kafka	22158b9895f75dc29267f9e8bc6ecc9a3f135f72	scripts/zk.sh
izzyacademy/kafka-in-a-box	f5c07541dcbb528256b58f77d8a219fd25ef4b07	scripts/zookeeper-entrypoint.sh
elodina/go-kafka	c4b8a4c5fe85a73d0c827b1e115f45faff6cfd5a	vagrant/zk.sh
airyhq/airy	4599f2b94457024564fab2d9ad65551e64cc7a77	infrastructure/kafka/2.7.0/image/scripts/entrypoint.sh
ODIM-Project/ODIM	81c02da794c25446817e363da87956d18b0c28dd	build/Kafka/scripts/start_zookeeper.sh
nutanix/calm-dsl	fbdc41d958179d913e11bb14af36e6b9d29eeee0	examples/Kafka/scripts/ConfigureKafka.sh
ElfatihZiad/realtime-market-data-pipeline	019eaaaa9fcc924141f4953832abb84300201f7a	starter/start_all.sh
agile-lab-dev/wasp	d4aacb291c4bc114c5dcb77a6d3ca0511997d70f	whitelabel/docker/vanilla-hadoop2/docker/runtime/entrypoint.sh
stagihotr/stagihotr	f5c9b84b45e66409b32a40a83f7b912766a5b473	Time_3/US45/scripts/startAll.sh
ElfatihZiad/realtime-market-data-pipeline	019eaaaa9fcc924141f4953832abb84300201f7a	starter/zookeeper_starter.sh
ucisharadlab/perpetual-db	acf80dec0f163cb19c66d319d11481a91dfb5596	acquisition/scripts/start-zookeeper.sh
pipelinedb/talks	80d2229648930dc1e69024f69d9be49061509824	kafka_meetup/demo.sh
bennwei/Flight_delay_prediction_web_app	85ac60fd7deaa91e2cee4041abc7c3dbb344a973	bootstrap.sh
sherlockjjj/T-Watch	9dc4903b002b8cfe6f0a0feac5be8a7bb2b7aa42	bash_scripts/start_kafka.sh
nusdbsystem/Hybrid-Blockchain-Database-Systems	948f560f36f5af215c291e46f118340fc838eac1	scripts/start_veritas_kafka.sh
ImenBenAmar/Tweets_Sentiment_Streaming	78b7c79055907117b70c53ea75f0018f5dcf1344	setup/kstart_zookeeper.sh
gridgentoo/Hadoop-Dockerfiles	778ea51b037999e08477fd1e59185bc1411dc03f	kafka/entrypoint.sh
wtcctw/dianping-swallow	5865dbd058b3fb49e8cf6725488804e5099b19f1	bin/localdebug/debug.sh
gqcn/gkafka	033a14468069f383ddc96108737f7d2b8d8d2df7	third/github.com/Shopify/sarama/vagrant/boot_cluster.sh
yk-st/data_platform_full_scratch	a55305622e665877a0fcda85e8cab79451b4f4a3	files/kafka/start_up.sh
princebhatt9588/Stock_Market_Real_Time_Data_Pipeline_Project_with-Apache-Kafka-and-Cassandra	1b22583f3506cfba95a431a5e99f798746b4dd19	command.sh
readloud/facebook-scraper	a1d3970dd04583787d2e0e6b1bd55a952a0e0455	build_kafk.sh
dsilalahi/cookbook	a0f2ad56b427a0628cf98fe71c157aae4f0241f8	kafka/common.sh
arafkarsh/ms-springboot-272-vanilla	8606bfd52a61742d6d370c1f9b5d760a45034f06	kafka-scripts/start-zk.sh
iqlusioninc/comdexCrust	91fece54335a33092c6d6c7e148777be1ce87ab3	kafkaStartup.sh
fenago/kafka-training	25cd7ecfaa770376e9243e1f9f3c3ad973080a9f	labs/lab8.3/bin/run-zookeeper.sh
braineering/crimegraph	f147cef4130d7dbe6888aafff824c2a003fb4689	ansible/roles/kafka/templates/kafka-manager.sh
Nicode32/evocrawl	016bccb87fb09463fce1e76ba1d9a014cded8631	start_process.sh
wagnerjfr/kafka-cluster-docker-compose	4f8cacd4d110c8a597a186ac9aa878c69f0cdb13	scripts/run_start_zookeeper.sh
MitchLenton/kafka-dev	ab80860ffa9884fd724cc0860d0853b8a338416a	scripts/launch.sh
ilovelili/kafka-sparkstreaming-cassandra	5dc1639b6073aeaef9f90dc4901ac9dd302c0dba	startup_script.sh
mkuliaev/HariSekhon-Dockerfiles	a8c2b3e26c92a36bb36dbf10dfb45e5734b43f98	kafka/entrypoint.sh
rehanganapathy/kafka-proj	01e074efc6303acd3d02be59097006835d82b34e	server.sh
dgawlik/kafka-lambda	f84748d4e6139f7665d0f099fd7fded6b46516ea	broker/entrypoint.sh
tejaswidabas123/Stock-Market-Real-Time-Data-Pipeline-with-Apache-Kafka	f50d90b93bb45b277c92f93e51a269112228d79c	command.sh
giopri13/SpoTwify	42e2c65af2b146a91a95d0b01b9798aca0ed210a	kafka/kafka-manager.sh
jaunty-jaswal/ApiWithFastAPI	97d18ab32fc52a7929d09b302e80b4f0a30b3d8a	Entrypoint.sh
mohidmunir/KAFKA_WORK	8b300d813e9ac20ba80c9bf5443e868b6cdb6031	bashscript.sh
anshnt/spring_server	6823b6f2bd93982beed7a49bbfe90ca87630d344	launch_app.sh
abarrantesh/bigdataclass	38f839d01e8b15bf324d7411e95a9b132442362e	kafka/start_zookeeper.sh
TheoVerhelst/Big-Data-Analytics-INFOH515-202223	2d5ecc71302bf53f5d621431f7b6da0879c0b3ce	Docker/kafka_startup_script.sh
johnseed/dapr-pubsub-demo	8b065344810d1eb04278ae8565908c44c0817468	Kafka/start.sh
silvio-estat/Estudo_KAFKA	ca526c2d3616f0dd96f590a918726d0735fa3168	start-kafka.sh
arafkarsh/ms-springboot-272-weka	407d1f897aec8b37491e7f86b8f95e037b5f5131	kafka-scripts/start-zk.sh
sharmamukesh76/devops-tu	9bbf86203ffa342d88914a394fed6ef927ce12e4	scripts/kafka.sh
sharmamukesh76/devops	70c630f7cb410290862734ad07954b2ed2831bfa	scripts/kafka.sh
githkm/shell-kjyw	694446eb37d3f7e3d10ce267cd295802cc224bab	kafka/Kafka_zk.sh
xaozhuge/common_commands	bac274029c72db08b8b83fd10b853ef3af6e463d	kafka/kafka_ops.sh
bgtestlab/udaconnect	a950ed2578921d3ec7a4095702a4e20d62b09d6c	modules/kafka/start-kafka.sh
quietgiant/VisualStocks	ec83c2573c624ec87dfb06fbbf0e9cce95d07b22	start-zookeeper.sh
Abhi-DevHub/140_Project3_BD	3a62378545e3be1936099ceb219245f05bc48cb3	cs161/scripts/start-broker.sh
404thWall/4SL01	f6db83c5ecda77adf7375565d8ad5c81f8a216d9	scripts/start_zoo.sh
bencherif-wafaa/university-fraud-detection	ae6ac137e23f39916a891016fd52e3c2ea46fa3c	start_kafka_system.sh
zhegeshijiehuiyouai/RoadToDevOps	497a15bc280170a9961b9ff3990efe2b56c35754	01-installation-scripts/16-kafka/01-install-kafka.sh
AlessiaMicieli26/SpokeLizard_TAP	01454d102a77dbfd3c02b22956426ee542a2d488	kafka/kafka-manager.sh
AlessiaMicieli26/TAP_AM	5bef7aa25fab87be82b295a99d570e1b63f71587	kafka/kafka-manager.sh
capizzigae/Spotify-Mood-Analysis	384b96fde9f3a80a33e25b8a7b95a3396a59df79	kafka/kafka-manager.sh
40LF0/kafka-test-repo	fbba1a61a95b379f22ae0edc178e6f6d82d5c23a	zookeeper/kafka-zookeeper-back.sh
JVM00/Projects	39ccbe65c3997ccc0ec4b7cba23d6f995f858027	DB0250EN/KAFKA/kafka.sh
urosjevtic/ISA-projekat	e47279607c17ed135c89887a1db5cf383e2954fc	Documentation/Kafka/start_kafka.sh
nivevj/Apache-Kafka-Docs	6a42237ce4a03eff35cac69acf18e05cd6781516	linux-start-kafka-with-zookeeper.sh
pernielsen1/ExcelCrypto	408f8debed59dcaf2df7c45f47001f2061539003	the_machine/start_kafka.sh
ppaulsantos/comandos	de8563acd4b2f1a7cd09572b55619d5abdcda21f	kafka.sh
piyushkumar13/kafka-example	6c586994391f94eb2a80a930bb409d8576da14d7	kafka/scripts/1-zookeeper.sh
fakeNetflix/pinterest-repo-singer	2eb9e14e7071fcac4c23b6fb2a6e38c4dd1eb7ef	tutorial/tutorial_quickstart.sh
giobbu/BigDataAnalytics_INFOH515_2020	a0a502b05fb9ddeb3c5c00fc4ee92f45d767d61b	Docker/kafka_startup_script.sh
giobbu/BigDataAnalytics_INFOH515_2020	a0a502b05fb9ddeb3c5c00fc4ee92f45d767d61b	Check_Setup/0_kafka_startup.sh
SSCT-Lab/DisBurser_Dataset	7ed1f4b2572d44b2ad252587c9efa4ad2ed6e03e	Benchmark/Kafka/v3.2.0/kafka-3.2.0-src/vagrant/zk.sh
KartikPalcharla/Dynamic-Kafka	c61d279da6cea5f1613033096073b55a47f5cb2a	start_vm2.sh
balanscott-healthcaredataguy/iDaaS-Connect-ThirdParty	cb4f6e64e60c9262dd7a7eb96e0c2eda9547ce2e	platform-scripts/AMQ-Scripts/start_Kafka.sh
shaoyou520/learn-notes	fbc742098afd8e7a46aa93e41e72f92fcdec6d4b	kafka/kafka-images/start-kafka.sh
Alejandro-Fdez-Gon/flight-prediction	e91da7faa0813bdab45c9e5607b72af492ed2368	scripts/local.sh
volodya-lombrozo/oop-vs-procedural	d69dd2159811ea9f6f714d9f90d72395e49aa470	cost-of-oop/src/main/profiling/kafka/kafka-profiling.sh
koundinyaatchyutuni/uber_ride_analysis	3a910ded27f9b09f69daeed688530175605bf4f1	run_pipeline.sh
ktc-hochul-woo/shell_job	01b427062e9b5c4a19cf574663071bfcb9851896	install_kafka.sh
madamaya/lpstream	0d624a44a6fd3c4bd2400a509d864c94bcd4d2b1	bin/utils/startKafkaCluster/zookeeper-start.sh
fabricio136900/B-B-B	ce6d90e228296e232e6ceaba70daa8e864f8e2c6	iniciar_kafka.sh
mheni/Kafka_TP	56394bd04054433a70b5332c3824836aa8d4416b	install_kafka.sh
Rajat-0/sandbox	543d89e8b41311a0a076d04e0b6a3da7696728bd	IoTGEs-templates/ngb/ngb-installer.sh
GigaSpaces-ProfessionalServices/Crowley	efe8a22d027f695aa4fda29ebc78f622996277d3	insightedge-geo-demo-old-master/scripts/start-local.sh
opengauss-mirror/openGauss-tools-pg2og	821b1fbc0e1adecbb797c9418f9c22f00cd1a380	migration.sh
friendbear/kafka-stream-code-v2	fb4bc774649a1508cd8a22320954c96e1c479a4c	1-course-intro/course-intro-mac-linux.sh
jmgsoares/si-assignments	5709bbcf28dc2bd64a5d471298de9291c23a9eb6	assignment3/kafka_2.12-2.3.1/zookeeper.sh
geok1999/Synopses-as-a-MicroService-SaaMS	a1df481601eb2a7cb2ea616f425d210da51dcdb8	EstablishKafkaAndZookeeper/Scripts/RunAllScripts.sh
EXID-G/STA323_zc	faf5307d2863c63ee91fcb1aee19e44967422f26	ass3/ass3_q3_kafka.sh
leand12/ua-as_concurrency-simulator	537c03b6b756f10b944dacc902d270d579faacb7	pa2/PA2_G19/UC6/run.sh
velann21/crawler	94e2f3921202353decfd1dd95a22f176326c2b9d	deployments/scripts/zookeeper.sh
paas-mate/kafka_mate_go	142aef83e8c1f56b5faffa64a7b1f79fe87e203a	docker-build/scripts/start-kafka-standalone.sh
AdnaneAs/A-Big-Data-Approach-for-Wordpress-Arabic-Comments-Sentiment-Analysis	b62cd19fdc89158a668cc8b259afd30ca77d0596	Big_Data_architecture/start-services.sh
JHLeeeMe/docker-images	82aadc0d54199d78e962116b4c8a5d21fe29ef9b	kafka-single-node/2.13-3.1.1-alpine/bootstrap.sh
WeeFin/WeeFinProject	aa96ccfe894e8ef48dbc12ee726c7329033bc2da	BashScripts/kafka-startup.sh
Sangil-Lee/Work	54208310beaec641ae69969470651efd44790521	siteApps/Phoebus_Alarm_Setup/alarm-server_setup.sh
Sabiuser/StreamSight-Final-Year-Project	1767289d15621c072e6db34d7de538a71af05be3	streamsight_complete/start.sh
sebasti4n/Spark_HDFS_Kafka	66c05e1b03f6c933df0e29b3747ee87f6159fae3	ProductorKafkaRaspberry/Bash Commands/bash_kafka.sh
roscopecoltran/sniperkit-services	77b7323c3a1bb880e7cdd3181cf36e5ebe0e6394	dockerfiles/big-data/apache-kafka/0.9/entrypoints/kafka-entrypoint-v4.sh
164386211-myseneca/raspberrypi	6cbab2756bc77b6b1e474a65f70119029f4ea6b4	tmux-shell-script/tmux-docker.sh
AliMimil/BIGDATA_ENGINEERING_LABS	2b6550acb341d84ce569ca3c62a474d11dfb7568	lab0/config/start-kafka-zookeeper.sh
MohanKumarMakesh/SCC	608d8c1287a9f37f5f611744183c907b735b3ace	kafka-server-scripts/restart-kafka.sh
emareeeb/bigdata-coursework	20ba5d3bcc90e7141f0a00dfd2e796000fa73701	kafka/kafka.sh
lilatas/Server_Ops	4067584cd6a308f1c75013a96bb748602b435559	install/Install_API_Kafka_Zookeeper_Ubuntu.sh
anjon/Kafka	25d9d11bc3601627b8b89187f4feeb29c5704c41	Kafka-Basics/code/0-start-kafka/linux/linux-start-kafka-with-zookeeper.sh
VlasovArtem/udemy-kafka	7810e392a5baef9aa1d3df02495457816c6e344e	udemy-source-code/code/0-start-kafka/linux/linux-start-kafka.sh
ShengjieLuo/DBNS	d64129a4c8373515a44a944f5285a082c50b32e3	script/kafka/Kafka.sh
yk-st/mlops_data_app	9125e43e4b3ece44000d8ba12e83ff798099ce6c	files/kafka/start_up.sh
matheusschreiber/Starbucks-stocks	acfeb7e21adc1a1201a0a7217dcf96e735c38f0b	entrypoint.sh
IKCekis/KafkaDemo	8f9a79353487255ad7fe1a727b9cfb21349ef4fb	Task1/entrypoint.sh
kenkono/dx_test	1a1e4510dce7b4a046d4f030073f3e1c67cdb240	files/kafka/start_up.sh
Crisliu/Agile-Data-Science	7af9b95b45627a76358c3b8832d9066b6ee8895c	bootstrap.sh
ParavGagneja/raspberrypi	ae033738480c05a77f62919cc447f50ad4f36a87	tmux-shell-script/tmux-docker.sh
140544214-myseneca/raspberrypi	193f3350ca0b987eddbc00def70f15fa8e1522d7	tmux-shell-script/tmux-docker.sh
12849573-myseneca/raspberrypi	1115b6336352cce9547bc9a332cc275f34961e70	tmux-shell-script/tmux-docker.sh
108170218-myseneca/raspberrypi	a27f6551f53163274adb8ac78550c6c660517f62	tmux-shell-script/tmux-docker.sh
jbprek/KafkaWorks	30967437777f0b93fb16e91c6fa20693a2451201	udemy-stream-course-v2/code/1-course-intro/course-intro-mac-linux.sh
RakeshYedlapalli/kafka-learning-udemy-cmd	d42756eda437591b66e38a1b0ab3617a07a14a97	Code/0-start-kafka/windows/windows-wsl2-start-kafka-with-zookeeper.sh
zherro/kafka	8de898ea64099d2fbe46134ad20340cd7f60acf3	kafka-cluster-in-docker/start.sh
dimasRamadhan2398/drive-master	60b2969052926ee899670266f3594f07c60f8d03	scripts/setup-dev-env.sh
michelheil/BigData	0330f82c7686a63e6979a3b93df3c64b56bc953d	spark/scala/df/Kafka2HBase_ForeachWriter_Project/scripts/set_up_environment.sh
5growth/5gr-mon	08921abf06a30265ed41e4d22f81df92132f116b	log_monitoring_pipeline/i2-kubernetes-deployment/docker_images/zookeeper/v2/files/entrypoint.sh
NZAE000/DEVS-MODELS	48f6e0177ddbcf7409a993943e026286d220db79	StreamProcessing/apacheflink/yahoo-ads/stream-bench.sh
jbprek/KafkaWorks	30967437777f0b93fb16e91c6fa20693a2451201	udemy-beginner-course-v3/code-old/0-start-kafka/linux/linux-start-kafka-with-zookeeper.sh
sureshkannan19/kafka-beginners	400b1d357d5467a39a79628939c316ac9eca3b9e	spring-kafka/src/main/resources/0-start-kafka/windows/windows-wsl2-start-kafka-with-zookeeper.sh
syurskyi/Python_Topics	be331826b490b73f0a176e6abed86ef68ff2dd2b	105_network/_examples/Python Network Programming Cookbook/Chapter13/13_3_quickstart.sh
hunglp9397/kafka_series	d74ca84421bc6c3a637483fd2db5c233e13dc216	reference-source-conducktor/code/0-start-kafka/windows/windows-wsl2-start-kafka-with-zookeeper.sh
sijoonlee/kafka_study	e8fd21ea89d0447fdfad97a9567236e9ee1b6e27	kafka-in-action-source-code/KafkaInAction_Chapter6/src/main/resources/starteverything.sh
Htaung/Notes	a0c5fc4ce534a9de2729f184076e9f92ad2379b9	Ex_Files_Learn_Apache_Kafka_for_Beginners/Exercise Files/0-start-kafka/macosx/macosx-start-kafka-with-zookeeper.sh
harshal1507/frameworks_libraries	844633bf85128fa4993bba47c9acc532a2631507	kafka/Kafka_conduktor/Exercise Files/0-start-kafka/windows/windows-wsl2-start-kafka-with-zookeeper.sh
Digsolab/kafka_2.10	de82b21716849d8ebc986df89caeef8c121af0de	system_test/producer_perf/bin/run-compression-test.sh
Digsolab/kafka	5f14a69c2e5c21be9b1257e62040e89f400ac2d9	system_test/producer_perf/bin/run-compression-test.sh
tom-pang/hafka	5de9a9f34c18c5942f89cf7094d8737e2b58c655	kafka/system_test/producer_perf/bin/run-compression-test.sh
Digsolab/kafka_2.10	de82b21716849d8ebc986df89caeef8c121af0de	system_test/broker_failure/bin/run-test.sh
Digsolab/kafka	5f14a69c2e5c21be9b1257e62040e89f400ac2d9	system_test/broker_failure/bin/run-test.sh
SoftwareHeritage/kafka	2322e4842af3bbb0a6feacc116b3f9d34b61a3a0	system_test/producer_perf/bin/run-compression-test.sh
akosiaris/kafka	aa248f0544e1328b1af555ef701936ee2a4db602	system_test/producer_perf/bin/run-compression-test.sh
lakshmi-kannan/kafka-sashafied	ac239da502c4de10f63b0b5d638c3d8b11711eae	system_test/producer_perf/bin/run-compression-test.sh
priyanshudotexe/polyglot-sms-service	cdc90974430eef3f10c2f810e56ddaeeb9e31d4a	run-tests.sh
SoftwareHeritage/kafka	2322e4842af3bbb0a6feacc116b3f9d34b61a3a0	system_test/broker_failure/bin/run-test.sh
haltona/FlinkTrainingAttemp2	c81b831d5fe08d328251d91f4f255b1508a9feb4	flink-end-to-end-tests/test-scripts/kafka-common.sh
akosiaris/kafka	aa248f0544e1328b1af555ef701936ee2a4db602	system_test/broker_failure/bin/run-test.sh
lakshmi-kannan/kafka-sashafied	ac239da502c4de10f63b0b5d638c3d8b11711eae	system_test/broker_failure/bin/run-test.sh
CloudLargeScale-UCLouvain/flink-justin	30c0adee60d3555fdd7cc5e10288977d8e765839	flink/flink-end-to-end-tests/test-scripts/kafka-common.sh
Pl4tiNuM/Kubeflink	6918109657af6ca73bb5cfb2ea2b0ed296179c80	flink/flink-end-to-end-tests/test-scripts/kafka-common.sh
paldridi/flink-justin	7de21d49794522e8850eba4a27fdc61fbe8da180	flink/flink-end-to-end-tests/test-scripts/kafka-common.sh
RedHat-SP-Security/rsyslog-tests	044750879b6d2fca487596533e9b321b399327af	Sanity/imkafka-TLS-module-test/runtest.sh
roscopecoltran/sniperkit-services	77b7323c3a1bb880e7cdd3181cf36e5ebe0e6394	external/dockerfiles/blacktop/kafka/0.11/scripts/configure-kafka.sh
Kalladin/traceExample	a80ae6ee957d7b6a180a5c6f4f146f2cf2a5051d	childServerBeta/vendor/src/github.com/Shopify/sarama/vagrant/boot_cluster.sh
CiscoCloud/edge-test	3a9fb1e3660188126f9aba5bd6ead88da45506d0	golang/Godeps/_workspace/src/github.com/Shopify/sarama/vagrant/boot_cluster.sh
Cyb3rWard0g/HELK	ad752b2a0d56110c0df49fa3e9e5e19f556039db	docker/helk-zookeeper/Dockerfile
feathr-ai/feathr	45e44afc1ebd3abc0fa8313aac21db7b1f05580a	FeathrSandbox.Dockerfile
AdamBien/docklands	6861ba6dbcf26ddfbad451c1941f863f03d0fe05	kafka/zookeeper/Dockerfile
AdamBien/docklands	6861ba6dbcf26ddfbad451c1941f863f03d0fe05	kafka/kafka-server/Dockerfile
AdamBien/docklands	6861ba6dbcf26ddfbad451c1941f863f03d0fe05	kafka/kafka-oracle-connect/Dockerfile
Apicurio/apicurio-registry	2ec70f01c3229108f7d6bab2bb742796bbc83ca3	examples/tools/kafka-all/Dockerfile
AdamBien/docklands	6861ba6dbcf26ddfbad451c1941f863f03d0fe05	kafka/kafka-postgres-connect/Dockerfile
crosbymichael/Dockerfiles	aad82c5201478ce147c1f0f2e08d40c431aae2fb	zookeeper/Dockerfile
rjurney/Agile_Data_Code_2	2402767721707866db90697d33ba191c9a137179	old.Dockerfile
pulsarIO/docker-files	4b739094bffd63ee8fb55c862517117835c43515	kafka/Dockerfile
irvin-s/docker_repair	6e3d43423b58a2631ff6850f64b11226f081bb4b	binacle_data/sources/384658827.Dockerfile
irvin-s/docker_repair	6e3d43423b58a2631ff6850f64b11226f081bb4b	binacle_data/sources/332472628.Dockerfile
MartinNowak/docker-kafka	b3c34e470fb71dc68cee1944ed5dd00782d7de3c	Dockerfile
eltitopera/TFM	9e5cc0dc273ada73f096c9bb77e8d71d69b09e97	kafka/Dockerfile
avantgardnerio/pgrepl	323304ed85b0497b588ec5f9eeea6cd2933900d9	kafka.Dockerfile
PardhuMadipalli/kafka-ssl-docker	742f1abbe3415d1b2f624f944daf5ca416eb1d4b	Dockerfile
essobi/dockerfiles	e8794a14ec86d8c03b3a00d1b9a659147f992e68	data/j/jetstream/kafka/Dockerfile
StreamingMicroservicesPlatform/docker-kafka	84d9453c14cd00149877b2671923c73d3f8c7648	native/zookeeper-server-start.Dockerfile
essobi/dockerfiles	e8794a14ec86d8c03b3a00d1b9a659147f992e68	data/m/martinnowak/kafka/Dockerfile
topcoder-archive/ifx-pg-sync-kafka	809e13a98c2108d516546b9dc3a305210b644ea5	Dockerfile-kaf
bennwei/Flight_delay_prediction_web_app	85ac60fd7deaa91e2cee4041abc7c3dbb344a973	Dockerfile
mhassan2/datafabric_splunk	b4a1ba77ad7e1ab84d22cb40da6ff12e6bf16d1e	Dockerfile
essobi/dockerfiles	e8794a14ec86d8c03b3a00d1b9a659147f992e68	data/m/mosaicoon/zookeeper/Dockerfile
essobi/dockerfiles	e8794a14ec86d8c03b3a00d1b9a659147f992e68	data/o/olegstefaniuk/kafka/Dockerfile
rpytel1/supercomputing-labs	54d011d47708959cc1b5ffc2a41c12b47a6adb14	lab3/Dockerfile
balena-io-experimental/balena-fleet-data-analytics	359f59eeda1a6b84a179c83b2c0d8a0d15672633	rspbi_elk/Dockerfile.template
patnicolas/streaming	7e13b6a2b590f3e948d9b164e06354a16364bf59	Dockerfile
l1x/shovel	4237a5127f4f5ec934597490c9afaf6df564547a	resources/docker/Dockerfile.zookeeper
hekonsek/streamshift	31dfc90eff97cf48288582d81ccf1e2b6f72e56e	zookeeper/Dockerfile
essobi/dockerfiles	e8794a14ec86d8c03b3a00d1b9a659147f992e68	data/s/starofall/spark-kafka-standalone/Dockerfile
iaroki/dockerfiles	c6d3f2e77518526e0cd2540a4932ea97ad7a3e9c	zookeeper/Dockerfile
docktermj/docker-kafka	8ed3e197edae0ed9f1fadf0be1389f4d06a69e16	Dockerfile
jeqo/docker-image-apache-kafka	a3ac095a28f7606001406597038a2e98d8a4b1cd	zookeeper/Dockerfile
mr-foxxo/bigdata-docker	db7d095b0e881499263d0eda8a03321fe71214f6	zookeeper/Dockerfile
Tekporlipos/Kafka-server	f4049509174e6e17df3cd10207fa4a5e97e20dd1	Dockerfile
jhaynie/github-webhook-kafka	d3c982e0517fd13ac1340f9bc358ef5c0f22044d	Dockerfile-dev
FIWARE-Archive/incubated.Social-data-aggregator	f68db875c2efe3b4c9037b454845eab6227fb69d	docker/Dockerfile
jleung51/docker-kafka	9410413083e427412a89358a8b05b664aa59aed7	compose/zookeeper/Dockerfile
ufcg-lsd/SCO	f64c3023693257558556e6c9fdfab77e9ca2156d	samples/kafka-sac/Dockerfile
maxant/kafka-data-consistency	239de8eb4d8b32216a085af14357a2cbbaa52853	infrastructure/DockerfileZookeeper
Ksajjadi/DS-CourseProjects	bccd74bbb31babe818c9976faa013582880e31ff	CA2/zookeeper/Dockerfile
vsoch/github-dockerfiles	6dd4bfee412d94c95675b315836f5155544c3dd9	data/x/xenron/sandbox-env-docker/Dockerfile.42
cheebinhoh/Dmn	64c6524daaa28347a754d49af86d00c54f2bb589	Dockerfile
TahaMuslu/kafka-CDC-Project	8eb172fec5d9c24868aa77ceadc459f70ee49b97	consumer/Dockerfile
K3Y-Ltd/across-message-queue-and-event-bus	f8bd97bccb6f8c03fb845e5599ba7577fae3d9ad	Dockerfile
cottrell/notebooks	7a7ebc4342b98776aaf5009627247b8b27cde187	kafka/kafka/junk/Dockerfile
Fernyeah/PFinal_BDFI	d22950d3cfb789412858f858920eefb592b20742	Dockerfile-zookeeper
yogeshraj-au/zookeeper-jmx-exporter	0a610ff03b405eb0650bc7a0fa5bd8be86be0524	Dockerfile
Montana/kafka_docker_images	8e8d7a83a110185e44a9fb4058551de12d0e4bc5	Dockerfile
takahashi-akari/PrivateMessenger	84b6155381f9087bed139bb4863893775f40d453	Dockerfile
DeusNexus/iu-model_to_production	7be63d79fa5d19fefc4bd11dbe3e56afdc576c0b	docker/zookeeper/Dockerfile
lianshufeng/docker	f2927e5638e061636692cab84bb4c4bb806cfe1d	centos_kafka/Dockerfile
dev1644/Docker-Trade-Engine	10f54e392ff8188aac714de6c0cb44b07b81ce6e	docker/kafka/Dockerfile
pkdcryptos/bitlum_viabtc_exchange_server	45e2d188d9e46a699f9a99cd94d03374a716d24d	docker/kafka/Dockerfile
pkdcryptos/testnet-exchange_viabtc_exchange_server	dea1c1ff151b2f7f6d4c1193e7c1e7c786df7a59	docker/kafka/Dockerfile
essobi/dockerfiles	e8794a14ec86d8c03b3a00d1b9a659147f992e68	data/s/sawano/kafka-dev/Dockerfile
VladCroitoru/dockerfile_smells_project	ce474fe51a5e80c9d850bce315ea6273359a6699	dino_dockerfiles/olegstefaniuk/kafka/Dockerfile
cottrell/notebooks	7a7ebc4342b98776aaf5009627247b8b27cde187	kafka/kafka/zookeeper/Dockerfile
chipmonkey/minstacks	33914ffef22f59f04b526bc0d1b92f41786d96da	kafka/Dockerfile
cokeSchlumpf/k8-spark-kafka-elastic	b6fc909227fc97f1468f2a6e766fa833abdbc35f	kafka/zookeeper/Dockerfile
ValHayot/proxysearchstream	030da3e9646edc9e48326a4582c84c523449413c	evaluation/mofka/Dockerfile
kshtsk/kafka-grefneva	f425e1bcdbe5de88a07a6a7f9f126ff596890463	docker/zookeeper/Dockerfile
EdnaldoLuiz/100-days-of-python	4683e035f81ee9b8ba8a3e4c4b5d222611dc6739	day_086/Dockerfile
selfhydro/selfhydro	a4c0897877fdc10f9b612af1bc4753857d877bfa	Selfhydro-Sensors/Selfhydro-Sensors/Dockerfile.zookeeper
cri98-dev/elk-enhanced-tap-project	eb7b1fd831e411737592c1c3ff4b71b902325874	zookeeper/Dockerfile
peihsinsu/kafka-docker	fe7bd5b89a8481c14501c34f2dc04185f0c865c9	Dockerfile.zookeeper
aadebuger/quickkafka	92b01b25e3c18398ff54821f8b84056411098e02	Dockerfile.zookeeper
chiragmathur27/pratilipi-ecommerce-task	b629fc800cbdcfa0df2074bf4bd255933d4a3e99	ecommerce/Dockerfile
chipmonkey/minstacks	33914ffef22f59f04b526bc0d1b92f41786d96da	kubernetes/Dockerfile
lizhizhou/nlp	1dffda264ed49f5b6e760d3acf089cb8338574e9	Dockerfile
aiacopini/HELK	2d51dae636c4e09d113a912983d950bbe686a7f9	docker/helk-zookeeper/Dockerfile
nathanmsc/DATA-ENGINEERING	dfb369bc2d734f14da2dc0f7fa701bdc417417c9	DOCKER/KAFKA/Dockerfile
mindsetcloudit/infra-data-engineer	d81661baa62f37de7f60cd9e190580a5d47f950d	docker/kafka/Dockerfile
seolzero/DockerCompose	840467898590fb0e8d4b7dcacc6f6989d17b8b31	DockerCompose/dockerfile
daxaurora/MIDS_W251_YetAnotherTwitterSentimentAnalyzer_YATSA	b3fafe491aceccf0ccf44632be8ae14e021a0d2d	Sandbox/Dockerfiles/Spark_Kafka/Dockerfile
i-on-project/kafka-web-gateway	80817700d94b57f4cfe96202b6d34cb4214dd925	code/gateway-hub/docker/other/Kafka/Dockerfile
nathanmsc/DATA-ENGINEERING	dfb369bc2d734f14da2dc0f7fa701bdc417417c9	DOCKER/METABASE/Dockerfile
matheusvargas481/matheus_vargas_sandbox	e688bcccbaabc23fa7f3174b3801ba5420200b45	kafka/poc-kafka/Dockerfile
DeusNexus/iu-data-engineer-stream-processing	c737ed08038d634657dbe8d432cfe1cb863e362d	docker/zookeeper/Dockerfile
DRIVER-EU/sec-kafka-chat	a60b6104919c9e262c208fd7a599c0d6a4791f71	docker/zookeeper/Dockerfile
VladCroitoru/dockerfile_smells_project	ce474fe51a5e80c9d850bce315ea6273359a6699	dino_dockerfiles/starofall/spark-kafka-standalone/Dockerfile
NaniDaChaman/Quenamics_Autoscaler	2ec89bdf09e40bfeee40ae1a4ba5933c719699cb	Cloud/Kafka_Docker/Dockerfile
Michabitton/kafka	a31fbd51a1ab717a9cc45b5a960801a70f52cb7d	Dockerfile
navsin189/kafka-aws-cluster	32b0915744053879349b22c9fb513cd16ebe0cb4	dockerfile/zookeeper/Dockerfile
bopopescu/bigdata-stacks	189a815cbb4bcd0731c18d7e8eff9323b6c972f3	refs/helk/docker/helk-zookeeper/Dockerfile
wallstft/elemental	48323192350afc88834237cfb30f8cdf1d4f3fb8	dockerfile/kafka/kafka.Dockerfile
hekonsek/kafkaless	7996f396e7818d6a963188809ebab179b6767f9f	docker/zookeeper/src/main/docker/Dockerfile
Lorenzov1999/MAPD_B	d4a11123138a2298105c2484f334970e28be1bcc	kafka/docker/zookeeper.Dockerfile
STAR-RG/shipwright	3d7a8d17ba20fedce1ce0c025947cb734d41c6ff	data/broken-dockerfiles/b4a1ba77ad7e1ab84d22cb40da6ff12e6bf16d1e.Dockerfile
RSanchoS/DockerFileAndDockerCompose	d5c164136c7575145537a1c77dc10b062bec6832	DockerFile/apache_kafka.Dockerfile
javadbayzavi/meetup_rsvp_stream	c5a8b028d180f3803645e1eb3f7cb23cd34c1e91	docker/ZookeeperDockerFile
nullcanon/docker	676e28b63fc028c6339693f02b76a19020a3fe31	kafka/Dockerfile
Zzx121/explore	538d54638dbd7047b0792a0850afcbb9a227ff6e	excel/src/main/docker/KafkaDockerfile
aurelien-vilminot/ENSIMAG_PROJET_SDTD_3A	ce92b2e130ea7422305357bb0d0c612efdbf7e4e	dev/docker/image/zookeeper.Dockerfile
ramz-021002/Cloud-HELK	f5d50b9454aa96c76b11a25c4d211f8ccd22a11b	docker/helk-zookeeper/Dockerfile
mranv/HELK	ad752b2a0d56110c0df49fa3e9e5e19f556039db	docker/helk-zookeeper/Dockerfile
Crisliu/Agile-Data-Science	7af9b95b45627a76358c3b8832d9066b6ee8895c	Dockerfile
NaniDaChaman/PA4_CC	cd03c090ffc5c4018f05081ad86b2ec229ef2129	Cloud/Kafka_Docker/Dockerfile
NaniDaChaman/SnapSorter	734c4a9058c134af686aa7dc7e6d4a0292bc4db6	Cloud/Kafka_Docker/Dockerfile
JAntonaDiaz/bdfi-practicafinal	cc365e3ad30eeeeefbf825f2a825f8491c6b9f07	dockerfile-files/zookeeper/Dockerfile
STAR-RG/shipwright	3d7a8d17ba20fedce1ce0c025947cb734d41c6ff	data/broken-dockerfiles/2314db9c39fc5c121b158dae1017ad458cb215d1.Dockerfile
gauti098/Superset	d515bd8f85ea994026f8b203bfc3ff76be78fdc6	Dockerfile
jjackson1994/MAPDB	069f0497c6fba76e178fd5e5eb92449e66a2e22c	Class_Problems/kafka/docker/zookeeper.Dockerfile
NNUTAN07/oded-and-ariadne-documents	a5e58740b1782d25858e540d82cb917e0c752c6f	zookeperdockerfile
Atisha-Shaurya/Docerfile-kafkaAssignment	497726111063769eaed16f08b6f178b6c15eb5e4	zookeeper/Dockerfile
gayatrisingh31/Assignment_docker	98ab3b26e598f061790367092b73dd01fdeeceae	zookeeper/dockerfile
DMdolgoarshinnykh/Practice	83fcdf1c71fb32182a9bd0f69538571074a87692	kafka/kafka/Dockerfile
Hyperpilotio/hyperpilot-demo	531e5e04644c6117ec5f0e2ee6bc6a0b3b974f0c	workloads/kafka/images/zookeeper/Dockerfile
wikibook/agile-data-science	7769fc2d6c810e9f1a64e45d3684e9260d99d983	Dockerfile
NaniDaChaman/PA3_CC	018fc7ebd2e825a769854210176a825810d47a3f	Kafka_Docker/Dockerfile
mbarnes-code/expert-dollop	b4e2292a7f1027bed626dd74dcf58ce7a5864c92	modules/security/helk/docker/helk-zookeeper/Dockerfile
NaniDaChaman/Quenamics_Autoscaler	2ec89bdf09e40bfeee40ae1a4ba5933c719699cb	Cloud/Kafka_Docker/other zookeeper/Dockerfile
NaniDaChaman/PA4_CC	cd03c090ffc5c4018f05081ad86b2ec229ef2129	Cloud/Kafka_Docker/other zookeeper/Dockerfile
NaniDaChaman/SnapSorter	734c4a9058c134af686aa7dc7e6d4a0292bc4db6	Cloud/Kafka_Docker/other zookeeper/Dockerfile
d2jvkpn/playground	4830bb807ee0cb6aa747b97af15dd16bfd9c4b66	containers/archive/kafka/_kafka/kafka_cluster/Dockerfile
lightbell03/study-storage	2d2d8bd604caba8f5da049d300b4cca00936652d	lecture/kafka/core/server/zookeeper/Dockerfile
mbarnes-code/modular-monolith-2	afb45e11373b0c05320bfa3962d9e25b2b12f79d	features/HELK/docker/helk-zookeeper/Dockerfile
gmagnotta/container-images	eac9dd2e0a7cde80bd95d10179b71bb3d9b9decb	amqstreams/Dockerfile.zookeeper
StasMerzlyakov/otus-kafka-hw	1b616a109be18c60b779964bb56850c15170d6b0	hw6/docker/Dockerfile.zookeeper
StasMerzlyakov/otus-kafka-hw	1b616a109be18c60b779964bb56850c15170d6b0	hw1/docker/Dockerfile.zookeeper
brennennen/sandbox	61eff48a67b13d059fbc68609c3888d8e0d8eb4e	python/kafka_testing/components/zookeeper/Dockerfile
Ishwarij032005/DIGIT-OSS	16120edced8d3d25cd1df96e82307dd0a1f79bb7	Dockerfile
JAntonaDiaz/bdfi-practicafinal	cc365e3ad30eeeeefbf825f2a825f8491c6b9f07	kubernetes/dockerfiles-kubernetes/zookeeper/Dockerfile
jgonzori3/trabajoBDFI	4b9c88bdbf89c074f766d2d8b96271f5da156dc8	practica_big_data_2019/dockerfiles/zookeeper/Dockerfile
jgonzori3/Trabajo-BDFI	6eef7c401866bdcade6060d01e09d3bcb06fecfa	practica_big_data_2019/dockerfiles/zookeeper/Dockerfile
Aditya-c-hu/cdpi	608c0d763541eb35f8cfbfafcb26d475b1002e16	Dockerfile
digit-oss/digit_oss	9e7c96e3f3ad1d231d1fae6ef85d5541ed6bb9ea	Dockerfile
malochak/kafka-playground	727f5fbd8fc4a55bf978cd6bf36a0b6d00b47852	infrastructure/docker/kafka/Dockerfile
NaniDaChaman/PA3_CC	018fc7ebd2e825a769854210176a825810d47a3f	Kafka_Docker/other zookeeper/Dockerfile
danieleninni/university-assignments	91f39cefef128be7d651a742ebb6c4139f9727e4	management-and-analysis-of-physics-dataset/module-b/kafka/docker/zookeeper.Dockerfile
loleandote/practica-hpEmpresas	1d82b3952a57ca21adf970d2537a14e35b362a9d	aplicacion/almacenardatos/miDockerfile/Dockerfile
loleandote/practica-hp	8f036404b06ff59e05062af019b009e08f8d9a1a	Aplicación/almacenardatos/miDockerfile/Dockerfile
KATEhuang920909/AttackAndDefense	1a8b413e8e84f06738cd52ab07fd246f1cf3d259	DataCollection/HELK-master/docker/helk-zookeeper/Dockerfile
tuhh-softsec/DockerCleaner	5cef7a96ef603d8494780ba57d843c5e12990812	dataset/fixed_binnacle_dockerfiles/f933de83c0bed1a8f7167f1ec8baeb7c517f89b3.dockerfile
tuhh-softsec/DockerCleaner	5cef7a96ef603d8494780ba57d843c5e12990812	dataset/smelly_dockerfiles_bianncle/f933de83c0bed1a8f7167f1ec8baeb7c517f89b3.dockerfile
tuhh-softsec/DockerCleaner	5cef7a96ef603d8494780ba57d843c5e12990812	dataset/smelly_dockerfiles_bianncle/bac308ae0a80625566cebdb1592a91bb3ea3a3cf.dockerfile
tuhh-softsec/DockerCleaner	5cef7a96ef603d8494780ba57d843c5e12990812	dataset/fixed_binnacle_dockerfiles/bac308ae0a80625566cebdb1592a91bb3ea3a3cf.dockerfile
tuhh-softsec/DockerCleaner	5cef7a96ef603d8494780ba57d843c5e12990812	dataset/fixed_binnacle_dockerfiles_parfum/f933de83c0bed1a8f7167f1ec8baeb7c517f89b3.dockerfile
tuhh-softsec/DockerCleaner	5cef7a96ef603d8494780ba57d843c5e12990812	dataset/fixed_binnacle_dockerfiles_parfum/bac308ae0a80625566cebdb1592a91bb3ea3a3cf.dockerfile
gpsaggese/gpsaggese.github.io	2b2a8f4c3ec65ca03fe01a66018b166c88b71e29	class_project/data605/Spring2025/projects/TutorTask193_Spring2025_Real_Time_Bitcoin_Data_Ingestion_and_Analysis_using_PyKafka/bitcoin_streaming_project/docker_data605_style/Dockerfile
yubobo/cudgx	a32d5e107c77f230d054baec288ff43f835f9ae3	docker/test.Dockerfile
last-lock/PSIA-Workshop	cdf2bf81db7c1b0710acc4b9d8ffe3e8b7d612d3	plugins/ldap-add-user-test/kafka/Dockerfile
apache/kafka	432141b93a474cb80ac2acf6b6e1c0f394efc99a	docs/getting-started/upgrade.md
confluentinc/examples	167326de493c4c5d14b88bcbcca256cc64ffb2a2	multiregion/scripts/jmx_metrics.sh
confluentinc/demo-scene	d54801fd6439b8260ba69b22831bfaea492d54c8	tiered-storage/scripts/jmx_metrics.sh
masesgroup/KNet	91339b550b0e53b8e5b5b4326482a85a7e7e0b72	docs/api/Org.Apache.Kafka.Tools.JmxTool.html
confluentinc/demo-scene	d54801fd6439b8260ba69b22831bfaea492d54c8	cluster-linking/scripts/3-list-links-and-lag.sh
jaceklaskowski/kafka-notebook	e799195e0f5b237401dc524961bc2488dd9964a8	kafka-tools-JmxTool.adoc
carlrannaberg/claudekit	f22a4f9030520394bf1a517b46ad7585badf5130	src/agents/kafka/kafka-expert.md
platformatic/kafka	fd0f17e96afa355d5e9ed5fa066f1d48a096617a	benchmarks/protocol-versions/guards.ts
carlrannaberg/claudekit	f22a4f9030520394bf1a517b46ad7585badf5130	reports/agent-research/kafka/expert-research.md
hifly81/kafka-examples	9ad5db9a6668f0312aa92ce7636773ff6b67d279	README.adoc
uaxe/geektime-docs	3749a77bf4779256309b1ed6013999d302e4722e	后端-架构/Kafka核心技术与实战/docs/37 - 主流的Kafka监控框架.md
aiven/inkless	0e8d3d12b6eb4173db83ccf9b6bcc8cf16c13f78	docs/getting-started/upgrade.md
bf2fc6cc711aee1a0c2a/kas-fleetshard	d2122a64dafb6db6aba90fa14002de077dc300ff	ADVANCED.md
GJXAIOU/Notes	8441a2e5262d18839da48e910dfac10624f503ff	Kafka/Kafka核心技术与实战/37主流的Kafka监控框架.md
zhwei820/learn.lianglianglee.com	a58c86640533d894c78506358a838852a85e3d6f	专栏/Kafka核心技术与实战/37  主流的Kafka监控框架.md.html
crs4/health-gateway	e18d945b593fa5efcebe7ee33f7e8991bbe1803d	docker/environments/dispatcher_performance/dump_metrics.py
nondevops/open-falcon-plugins	5fa21a69bd6080cdfc11bcbbf1ec9d5b88022182	cachecloud/kafka/60_kafka_jmx.py
3C-SCSU/Avatar	3f693d2c61c9d62b0f8e5ae0fd2d6cb050ee4930	kafka-cluster/KAFKA-CLUSTER.md
Kafka-In-Action-Book/kafka_tools_completion	62ba192e65f4494a100a98f9a37720f343b3d868	0.10.2/kafkaAdmin
erikk03/seeSea	b9e866b0763d98a67ed17093c8372f072eba354d	kafka/VTS/kafka_2.12-3.9.0/bin/kafka-jmx.sh
zqlovesports/learn-tech	4882464c372b21f19040738cb949e6594d397450	专栏/Kafka核心技术与实战/37主流的Kafka监控框架.md
confluentinc/kafka-bazel	ac532ca5ebed1e06c50d84f2d08d065093e19eaf	kafka-bazel/kafka-overlay/tools/BUILD.bazel
henneberger/kafka-meetup-producer	bf574a1add443ccb4ab427aa72195333497e268b	README.md
Dabz/kdiag	33a7ec2e2609307c3c36bcf8f26ac89645786bed	kcmd/jmx.py
Evelyn-Bayes/kafka-cheat-sheet	e3684b27721f7768c959537edbed5c313ac7064b	README.md
sysco-middleware/workshop-apache-kafka-operations	cf31ddb10c476766be5d68a72b39eb3ad590fc6e	01-kafka-fundamentals/README.md
erikk03/seeSea	b9e866b0763d98a67ed17093c8372f072eba354d	kafka/VTS/kafka_2.12-3.9.0/bin/windows/kafka-jmx.bat
data-blitz-demos/data-in-motion	f360d70e277c071a372bf5214fac4dc77c9d434e	bin/kafka-jmx
jaceklaskowski/kafka-workshop	8346fe4e3236fa07c3cc0726e9c9e4ab7c89f9b3	slides/Monitoring-Kafka-Cluster.html
jint233/jint233.github.io	c52d00c60cf63f9336762450f62963de97374885	docs/Middleware/Kafka 核心技术与实战/第37讲.md
Andresmup/Data_Engineering_Practice	8a05f2deed6909311604b24495f221f642d3a6d8	KAFKA_02/bin/kafka-jmx.sh
Yvan0329/lianglianglee	4afe4a62c4e105a59d41319a29e523eee3bd82c4	book/专栏/Kafka核心技术与实战/37 主流的Kafka监控框架.md
acceldata-io/kafka3	27cb73db09012687347cdd427912765b904f7335	bin/kafka-jmx.sh
stola01/MRC	7cd7c2e7427ee0cb4f4d3062088dba71ba52f0af	scripts/lhs-jmx-metrics.sh
AdithyaP7/QuantStream	74e1fd1755bc0b58cbcd105042ccf64a8650af22	kafka_2.13-3.9.0/bin/kafka-jmx.sh
longNguyen010203/Spark-Kafka-Self-Learning	aaf636535d8fac7d4fce5c37dd5bef41ce035273	Apache-Kafka/bin/kafka-jmx.sh
phatblat/dotfiles	472cc2b61d9cc9ae2f3231a296b4865c2589d3b7	.claude/agents-disabled/kafka/kafka-expert.md
Ed-Fi-Alliance-OSS/Data-Management-Service	afb03a9b8b49b75cecd42316cbbb6f87595d2398	reference/cdc-documentation/operations-runbook.md
masesgroup/KNet	91339b550b0e53b8e5b5b4326482a85a7e7e0b72	src/net/KNet/Generated/Org/Apache/Kafka/Tools/JmxTool.cs
pimeys/kafka-rust-bootstrap	cd9d8d0eeeb6a68e8ea3ab25dbc135b72f1f72f1	README.md
Streaming-Data-Analytics/2023-2024_Automated-Inspection-of-PCBs	729e36b12fb7e78b85c789fe65ccaefb5a59e4f9	kafka_2.13-3.7.0/bin/kafka-jmx.sh
tsuz/kafka-docker-examples	52822f7c92ce3e4ad512f05aaf1f66494e00f181	monitoring/jmx/README.md
janedeng/KsqlDB-DR-Demo	614e87cda9d6ce3894cda03cf3c4a57a0c859545	CL-bi-dir/backup/6-list-links-and-lag.sh
Andresmup/Data_Engineering_Practice	8a05f2deed6909311604b24495f221f642d3a6d8	KAFKA_02/bin/windows/kafka-jmx.bat
acceldata-io/kafka3	27cb73db09012687347cdd427912765b904f7335	bin/windows/kafka-jmx.bat
janedeng/KsqlDB-DR-Demo	614e87cda9d6ce3894cda03cf3c4a57a0c859545	CL-bi-dir/scripts/6-list-links-and-lag.sh
Naoufal-Charafat/Kafka_drone-flight	8e09cd9e1bb55fdfeb6aab06e9baba7f01ebc4c5	kafka351/bin/kafka-jmx.sh
gsjqwyl/JavaInterview	c28659908690155ad5cbc7f119346b5cbefe19c0	interviewDoc/Java/middleware/Kafka.md
janedeng/KsqlDB-DR-Demo	614e87cda9d6ce3894cda03cf3c4a57a0c859545	CL-uni-dir/scripts/6-list-links-and-lag.sh
AdithyaP7/QuantStream	74e1fd1755bc0b58cbcd105042ccf64a8650af22	kafka_2.13-3.9.0/bin/windows/kafka-jmx.bat
cica34/Distributed-Information-Release-Notifying-System	deff1c74dc4be05d99189d1fab23a513b78464d5	BrokerNode/bin/kafka-jmx.sh
longNguyen010203/Spark-Kafka-Self-Learning	aaf636535d8fac7d4fce5c37dd5bef41ce035273	Apache-Kafka/bin/windows/kafka-jmx.bat
GJXAIOU/Notes	8441a2e5262d18839da48e910dfac10624f503ff	Kafka/Kafka核心源码解读/特别放送（四）_ 20道经典的Kafka面试题详解.md
ParthSoni-CS/Kafka-streaming-analysis-1.2Billion-datapoints-perhour	287c1f95c1d6aae70aa4a4e61c25b438e88589ae	README.md
xllusion-dong/MWHcheck-drone	1c9613ab3f48c39d9f1d9fc34ffa96c8f966437e	Kafka/story/kafka1.0.sh
xllusion-dong/MWHcheck-drone	1c9613ab3f48c39d9f1d9fc34ffa96c8f966437e	Kafka/story/kafka1.1.sh
xllusion-dong/MWHcheck-drone	1c9613ab3f48c39d9f1d9fc34ffa96c8f966437e	Kafka/story/kafka1.2.sh
Gregggithub/kafka	bce6a6de1045b345dcfd0f2355c4ab7f1954f21c	bin/tips.md
tsuz/kafka-docker-examples	52822f7c92ce3e4ad512f05aaf1f66494e00f181	monitoring/prometheus/README.md
xllusion-dong/MWHcheck-drone	1c9613ab3f48c39d9f1d9fc34ffa96c8f966437e	Kafka/story/kafka1.3.sh
xllusion-dong/MWHcheck-drone	1c9613ab3f48c39d9f1d9fc34ffa96c8f966437e	Kafka/story/kafka1.5.sh
xllusion-dong/MWHcheck-drone	1c9613ab3f48c39d9f1d9fc34ffa96c8f966437e	Kafka/story/kafka1.6.sh
cica34/Distributed-Information-Release-Notifying-System	deff1c74dc4be05d99189d1fab23a513b78464d5	ControllerNode/bin/kafka-jmx.sh
Streaming-Data-Analytics/2023-2024_Automated-Inspection-of-PCBs	729e36b12fb7e78b85c789fe65ccaefb5a59e4f9	kafka_2.13-3.7.0/bin/windows/kafka-jmx.bat
rberbatovci/Pristine-AIOPS	2409b4395046e185ce1756a79bb0ad36fa8e8633	kafka/bin/kafka-jmx.sh
mikezxc136/Big-data-stock-real-time-platform	f2ccbc7c16cd88f11f6737649330a5488f09e991	Kafka/bin/kafka-jmx.sh
rizkifatra/Real-Time-Programming	3eea4b9baafb61ec3770209e8c1e1c06e1fbb108	kafka/bin/kafka-jmx.sh
sultanlodh/kafkab	8d5bf903b44940852632c7d3f91de71e2ab356ea	kafka-jmx.sh
avinzhang/kafka	bd18b40570071c3424ffcc80f5b300ba0a14676f	monitoring/jmx/start.sh
ankitpakhale/STACK	3fc07ee2e0445a8abe43203089638becde6aeb99	kafka_2.13-3.6.2/bin/kafka-jmx.sh
Team3-GwinnettBus/Gwinnett-Bus	117cc7155df2869ad3c67d3a375b28e6cd5d0565	kafka_2.13-3.8.0/bin/kafka-jmx.sh
Fuegg/Spring-Boot-Recipe-API-Project	09225ecac769f9c8b44bc7ffeffc070d922fa31a	kafka_2.13-3.9.1/bin/kafka-jmx.sh
ReneNorth/rh-kafka	e3ec51320465b2b8e117ba32a1d2cf21639976f4	kafka_2.13-4.0.0/bin/kafka-jmx.sh
diegoriverodlh/Practica-Creativa-IBDN	3f9d30d0261c4952758dc5e9ceae8208efbf71cb	kafka_2.12-3.9.0/bin/kafka-jmx.sh
mustafa-oezdemir/pehli_e_commerce	3e3e18f1de6bbc55ee92ac33638eeaaa85076991	kafka_2.13-4.2.0/bin/kafka-jmx.sh
PenHsuanWang/kafka-cluster-infra	4703982a6c680094f94afbffdd4f679933850bcf	archived-docs/JMX-ACCESS-GUIDE.md
EgorBusuioc/hessen-land	4b57367a0298b52815a93296a103e7b1f0ed9ab4	kafka/bin/kafka-jmx.bat
cheetahlou/CategoryResourceRepost	f1d1fd1d61ec50bb7c6fffca61b55791885d277c	极客时间专栏/Kafka核心技术与实战/管理与监控/37 | 主流的Kafka监控框架.md
fabianschyrer/confluent-examples	c7edb96f781699f1b4c2b49f8c7cdad30df5e87c	multiregion/scripts/jmx_metrics.sh
Naoufal-Charafat/Kafka_drone-flight	8e09cd9e1bb55fdfeb6aab06e9baba7f01ebc4c5	kafka351/bin/windows/kafka-jmx.bat
ThomasShikalepo/Distributed-Systems	df8ec72f6aae3f8f15d2e86db5614aa9ee786087	Assignment2/kafka/bin/kafka-jmx.sh
conch-stack/conch-bigdata	f9f73a71bcde1e0ed8e3b491db6d93090187010a	kafka/Kafka运维与调优.md
mykubernetes/linux-install	88289dad8d05d241b6dc42321ab3e5f8c5e97664	mq/09kafka-run-class.sh使用.md
alexandergillon/streamlet	71ab9f82529201ffaea1d41e5734606aa8bd7e8d	docker/kafka/kafka/bin/kafka-jmx.sh
masesgroup/KNet	91339b550b0e53b8e5b5b4326482a85a7e7e0b72	docs/api/Org.Apache.Kafka.Tools.html
Debo-et/debo-teamwork	9c4b8927857cbb98c31471169bac56899e70d7f1	agent/report.c
KhaledSaiidi/Inventory-Managaemnt-DEV	20067772d8045f6f5bf8f34471ca2301f3f38579	kafka-server/bin/kafka-jmx.sh
wangsansan/kafka3.7-comments	18d71d03630907dba9ce43381b74c78130bbd824	bin/kafka-jmx.sh
mayanksahu/Kafka	c4f48393a48a96a4be635f547bc2373b2c469cf6	bin/kafka-jmx.sh
sg-evals/kafka--3.6.0	a61f815dfd95d98c1a7eab7e1b11d0a2a1953a5a	bin/kafka-jmx.sh
AichiQiezi/kafka	f3bf20c9a19f7de6f98a9480e2fae48ed61326b3	bin/kafka-jmx.sh
DylanLWScott/kafka_tools_completion	85b19b4ae26df8aea7a8f45808b6eb98e8346283	0.10.2/kafkaAdmin
wangsansan/kafka3.7-comments	18d71d03630907dba9ce43381b74c78130bbd824	bin/windows/kafka-jmx.bat
mayanksahu/Kafka	c4f48393a48a96a4be635f547bc2373b2c469cf6	bin/windows/kafka-jmx.bat
sg-evals/kafka--3.6.0	a61f815dfd95d98c1a7eab7e1b11d0a2a1953a5a	bin/windows/kafka-jmx.bat
AichiQiezi/kafka	f3bf20c9a19f7de6f98a9480e2fae48ed61326b3	bin/windows/kafka-jmx.bat
qar98k2/WeatherReportingV2	0b7df3c137f9733b261f4ab33e76ef1086fabeb3	kafka/bin/kafka-jmx.sh
AminFR03/E-LearningKafka	22d43c2c93c799f2c2b3654cece7cd0bf2db6b97	kafka/bin/kafka-jmx.sh
privateer-project/PoT_PRIVATEER	75923c4c72546648bd5808043403a9ee72dd9496	kafka_2.13-3.7.0/bin/kafka-jmx.sh
Avanznow/Tellekynezix	9a1b1bfb0b6b08f07b46c736cd74ecbcee50ebca	kafka-cluster/KAFKA-CLUSTER.md
trainingrepo18/Kafka-connect-repo	273267ab23c34746726f997fb14fcf3b8c13c6d4	tiered-storage/scripts/jmx_metrics.sh
teomoraitis/MarineTracker	0f0cb4dddafabecb3a0e349b9577dc1feda5b535	Kafka/kafka_2.12-3.9.0/bin/kafka-jmx.sh
akridaus277/dealls-case-study	ae423a482f7354c7aa2bae96714fd3ad63ea41d0	kafka-service/bin/kafka-jmx.sh
privateer-project/PoT_PRIVATEER	75923c4c72546648bd5808043403a9ee72dd9496	kafka_2.13-3.7.0/bin/windows/kafka-jmx.bat
PenHsuanWang/kafka-cluster-infra	4703982a6c680094f94afbffdd4f679933850bcf	archived-docs/PERFORMANCE-TESTING-GUIDE.md
Fuegg/Spring-Boot-Recipe-API-Project	09225ecac769f9c8b44bc7ffeffc070d922fa31a	kafka_2.13-3.9.1/bin/windows/kafka-jmx.bat
Kiltakaro/Discord_Scala	2ef3ea303c565b922283b77d48c0b1f0c732ec16	kafka_2.13-3.9.0/bin/kafka-jmx.sh
hyemin55/work	4737ed132abac50147ee96b757594ff30547a2f2	kafka_2.13-3.8.0/bin/kafka-jmx.sh
SkyNetix-Systems/Java	c224e9435231a94cb02db8802e81457ebfe608e7	kafka_2.13-4.1.0/bin/kafka-jmx.sh
come-collab/Kafka-Sentiment-Analysis	50fa14a0dff5b4a1c300bd412fa67f2948989628	kafka_2.12-3.8.0/bin/kafka-jmx.sh
Kekuolis/seb	09e25a57cb618eb8785a34635c56b5b20e299c04	kafka_2.13-3.9.0/bin/kafka-jmx.sh
hassansajid8/poll-api	fd79d8efcd6e24098a5e276ee5e6d26990a1147f	kafka_2.13-3.9.0/bin/kafka-jmx.sh
phucnguyen140502/Real-Time-Data-Synchronization-Pipeline	4813c8a5488dd6708b1b7c47d175163f55354df2	config/kafka 147/bin/kafka-jmx.sh
julianfransen/real-time-data-lake	e94f6637ce48f697e32c89115f94eef86e3f4e90	kafka_2.13-3.8.0/bin/kafka-jmx.sh
arjvn/kafka	0ade875b64169c30403335c92a566397c39428c0	kafka_2.13-3.8.0/bin/kafka-jmx.sh
Kouyate01/velib	f421b616565e861a15496f20ec5ed5c7d0e3de9d	kafka_2.13-3.9.1/bin/kafka-jmx.sh
cardgis/kafka	0c6b3a9cdda9ea0b8a38aaf3263733a695f96d38	kafka_2.13-3.9.1/bin/kafka-jmx.sh
maryem37/kafkaProject	4cb46714905cc6820231ef07be085f234130d4aa	kafka_2.13-3.9.1/bin/kafka-jmx.sh
Omprakash143om/apache_kafka_practise	5076564b80e86958d8b0cdad58d14b70d448a71f	kafka_2.13-3.9.1/bin/kafka-jmx.sh
Wh0mM1/car-booking	4018984f90a767a8b50c9a3623584117722f4244	kafka_2.13-3.7.0/bin/kafka-jmx.sh
sofiiacherepennikova/kafka_lab	a1227f05cc1e20ff13928722d86982e733eddd4e	kafka_2.13-3.7.0/bin/kafka-jmx.sh
PavanKalyanSaladi/Kafka	9a287b979e0034647b1d376f9077c3a792c1b91f	kafka_2.12-3.6.1-pk/bin/windows/kafka-jmx.bat
trainingrepo18/Kafka-connect-repo	273267ab23c34746726f997fb14fcf3b8c13c6d4	cluster-linking/scripts/3-list-links-and-lag.sh
uucz/Geek_log	ec6671ead78ad6b412489cff27fa081f3a85fb73	Kafka核心技术与实战/37-37-主流的Kafka监控框架.html
minhng1305/MatchingEngine	7369c5148e9622d14d81d4cade00c32c09fdc9b0	backend/kafka_2.13-3.9.1/bin/kafka-jmx.sh
Kiltakaro/Discord_Scala	2ef3ea303c565b922283b77d48c0b1f0c732ec16	kafka_2.13-3.9.0/bin/windows/kafka-jmx.bat
ShehabCoder/IoT-Irrigation-System	7da534f801d4444164e907cb5b99650bdc2ddf6d	setup-util/kafka/bin/windows/kafka-jmx.bat
AshutoshGanguly123/MultiModelSentimentEval	f37ec0c46c6b7986c205e34f17c3529cbe85cd4c	kafka_2.12-3.5.1/bin/windows/kafka-jmx.bat
Kekuolis/seb	09e25a57cb618eb8785a34635c56b5b20e299c04	kafka_2.13-3.9.0/bin/windows/kafka-jmx.bat
hassansajid8/poll-api	fd79d8efcd6e24098a5e276ee5e6d26990a1147f	kafka_2.13-3.9.0/bin/windows/kafka-jmx.bat
Wh0mM1/car-booking	4018984f90a767a8b50c9a3623584117722f4244	kafka_2.13-3.7.0/bin/windows/kafka-jmx.bat
sofiiacherepennikova/kafka_lab	a1227f05cc1e20ff13928722d86982e733eddd4e	kafka_2.13-3.7.0/bin/windows/kafka-jmx.bat
rhythm2211/aadhar-analytics	2e677c80323ea93e0b533c63811279b1698346f8	kafka/bin/kafka-jmx.sh
sohamhaldar/2024GR17CS462-5g-network-monitoring	63add4cf028f9e3170dbe6af17f5e528df36510b	kafka/bin/kafka-jmx.sh
vaggeliskg/seeSea-main	216579cade9caec3af49c73973d48800f7170943	kafka/VTS/kafka_2.12-3.9.0/bin/kafka-jmx.sh
xuwei-k/xuwei-k.github.com	6fb99e5f7a9d4fdac9d6b3a89228916b03c6ac6d	kafka-sxr/kafka-2.11-0.8.2.1/kafka/kafka/tools/JmxTool.scala.html
khimabaja/Avatar-Merina	ce529c165b3c0736a62f22c8abf69c1d510ba4c3	kafka-cluster/KAFKA-CLUSTER.md
Spyro3277/Avatar	357e80149488675b5b079ff12c8d0858cbe76aad	kafka-cluster/KAFKA-CLUSTER.md
NucleusBeast/PTS	fa2776803d5cafb6d1640fe0d536fc8151106f49	kafka2/CDC_SETUP.md
nagcloudlab/kafka-batch3	2ffd5b715da25e8d29eecb0c087fc1474b5a0c7d	confluent-7.7.0/bin/windows/kafka-jmx.bat
jerinsam/kafka-learn-hands-on	f437b632f806f12df6ab3dd9fc7709b731edf061	install_and_config/3-install-kafka-on-windows/kafka/bin/kafka-jmx.sh
vaggeliskg/seeSea-main	216579cade9caec3af49c73973d48800f7170943	kafka/VTS/kafka_2.12-3.9.0/bin/windows/kafka-jmx.bat
minhhieu1808/test	bf4a3afe64c8cab9e966a33b4d495cef280f6355	kafka_2.13-3.7.0/bin/kafka-jmx.sh
changwskr/S-2024-08-26-spring-kafka-runtime	b1fea435ff72512919a51b7ceafd2d6a1eccb07d	kafka_2.12-3.7.1/bin/kafka-jmx.sh
airusong/kafka	28d68a845c6c3cdfa150f47df0af1462c220464f	kafka_2.13-3.9.0/bin/kafka-jmx.sh
AvAkanksh/testing_stremlit_1	11bce9281c6ec38670a76556812e6b7bc8ec1116	kafka_2.13-3.8.0/bin/kafka-jmx.sh
DomUva/FintechProject	71a2c3bab1185844573ee3e44ea4873fb301d458	kafka_2.13-4.0.0/bin/kafka-jmx.sh
gabxdev1/apache-kafka-with-java	0f05b46dafadaa11f2c8ff27d819f17b5ba9739b	kafka_2.12-3.9.0/bin/kafka-jmx.sh
balubejagam-bb/kafka-sentiment-analysis	db832f6d8074ba2fb134aeb2434a3f7286521a14	kafka_2.13-3.6.2/bin/kafka-jmx.sh
rupeshtiwari/pluralsight-operate-and-monitor-kafka-clusters	59c61ecf45faa435042c37b184bc29ee6c35f694	module-2/demo-1-read-metrics-jmx-cli/scripts/06-jmx-throughput.sh
poplary/pages	90c7cf69a42ce72d9a9fcb9cb699d6a04578e421	Kafka/06-安全监控与调优.md
Nocnava/FYP	344b764f4783bf1875f0c50ef64bea162c970973	Rohans-Research/kafka_2.13-3.6.0/bin/windows/kafka-jmx.bat
lolismek/opus4.6-task	003b46e71eefbb33f677857be5474f631c104a55	tasks/kafka-deadlock/synth001-graph/kafka/bin/kafka-jmx.sh
codacy-open-source-projects-scans/kafka	94a5d5a07f1e54c827c9ca75026da39d1744775c	docs/getting-started/upgrade.md
rupeshtiwari/pluralsight-operate-and-monitor-kafka-clusters	59c61ecf45faa435042c37b184bc29ee6c35f694	module-2/demo-1-read-metrics-jmx-cli/scripts/07-jmx-request-latency.sh
jerinsam/kafka-learn-hands-on	f437b632f806f12df6ab3dd9fc7709b731edf061	install_and_config/3-install-kafka-on-windows/kafka/bin/windows/kafka-jmx.bat
guatom999/gokafka	a94d7bdeb3da77a49d6a9ef5ebfac16c17fb0c16	server/kafka_2.13-3.5.0/bin/kafka-jmx.sh
rupeshtiwari/pluralsight-operate-and-monitor-kafka-clusters	59c61ecf45faa435042c37b184bc29ee6c35f694	module-2/demo-2-grafana-dashboards-alerts/scripts/05-jmx-broker-stats.sh
minhhieu1808/test	bf4a3afe64c8cab9e966a33b4d495cef280f6355	kafka_2.13-3.7.0/bin/windows/kafka-jmx.bat
airusong/kafka	28d68a845c6c3cdfa150f47df0af1462c220464f	kafka_2.13-3.9.0/bin/windows/kafka-jmx.bat
JenishDuvani/local-ai-based-assistant	f1ac5ca18f0aa7d54c4c9fefb78f992676d8ecc2	smart-meal-planner/ollama-llm/kafka_2.13-3.9.0/bin/kafka-jmx.sh
DavidNavalho/poc-kafka-snapshot-adr	096205f6dac5e59961207a509551150791cc5bf5	docs/legacy/PHASE7-RECOVERY-PLAYBOOK.md
kubesmarts/logic-apps	aa71c7ddc5b13bfe81e2df310f4c924d78c6f77c	data-index/docs/deployment/MODE3_KAFKA_INGESTION.md
chjcmy/study	6930aa586641283dd72804e4efd398dbb31fb8f1	kafka/part2/README.md
ryu-hyesu/kraft_kafka	3c69cec8af55a5d0454f00eca73cb89bd47f5128	docs/upgrade.html
Rogue-Jaeger/System-Design	6059e15a102ae6b1806ea39878cc1135a09e31df	Kafka/System Design/04-Production-Issues.md
maknihamdi/kafka-training	0efab62bc84efeb54fce425b9fc58c73516bb7e7	jour1/exercice2-topics-segments/README.md
lolismek/opus4.6-task	003b46e71eefbb33f677857be5474f631c104a55	harbor_tasks_clean/derby5560-graph/environment/kafka/bin/windows/kafka-jmx.bat
lolismek/open-deadlocks	a7ce38e2427281d52a153431cea2faf1d86c3184	injected_codebases/kafka-deadlock/dbcp270-nograph/kafka/bin/windows/kafka-jmx.bat
liu-tokyo/MY-TEC	25afd61a4d102920787e9dae432f37d318a93712	Kafka/Kafka快速入门（七）- Kafka集群监控.md
Project163/ExplainedRealBugs	414463f942d060d0d600b87c77703c31d4522708	bug-mining/Kafka/reports/2249.xml
dongjangoon/dongjangoon.github.io	c96b9b8dc9fff0c584b13ed7924fb8090dedbfd1	_posts/2025-09-07-kafka-topic-management-logging-architecture.md
catface996/GenDev-Benchmark	8fcc694e3ba74c3c0cbae6c61067d00b5fd8bd19	operations/monitoring/easy/kafka/docs/archive/ENHANCED-MONITORING-GUIDE.md
nagcloudlab/kafka-administration	1e6e02bf37ecb4b50b77132bf38ebbfa31cc403d	Labs/Lab-10-Tiered-Storage/Scenario-10.1-Tiered-Storage-Setup.md
nagcloudlab/kafka-administration	1e6e02bf37ecb4b50b77132bf38ebbfa31cc403d	Labs/Lab-04-Replication-Durability/Scenario-4.2-Unclean-Election.md
myasirnovals/Databases	8718f408e8e238f55fc11d5794afed0036c2e8dd	kafka/udemy/ApacheKafkaPemulaSampaiMahir/belajar-kafka-dasar/latihan2/kafka_2.13-3.6.1/bin/kafka-jmx.sh
sderosiaux/codeguard-ai	024d84c1534857fab2be9a463740679bccb8d2cf	packages/backend/src/prompts/knowledge/kafka/cluster-dr-antipatterns.md
lolismek/opus4.6-task	003b46e71eefbb33f677857be5474f631c104a55	harbor_tasks_clean/dbcp270-graph/environment/kafka/docs/getting-started/upgrade.md
liuxinhua5/us-x	bebb18d41f891811d7dc5638388e563882d2eea9	专栏/Kafka核心技术与实战/37  主流的Kafka监控框架.md.html
shayne007/shayne007.github.io	553f31aaea9d9fc7c327a8662852414ee3d153e1	2025/06/09/Kafka-ISR-High-Watermark-Leader-Epoch-Deep-Dive-Guide/index.html
Free-Rat/topotestix	04c4448fc6ed426163201b5367af165017b79583	experiments/kafka-rack-links/principal-12-09-2026/runs/20260912-204211-kafka-rack-links-seed-94-kafka-rack-links-seed-94-rep-2/samples-rackc2.jsonl
Free-Rat/topotestix	04c4448fc6ed426163201b5367af165017b79583	experiments/kafka-rack-links/principal-12-09-2026/runs/20260912-202715-kafka-rack-links-seed-84-kafka-rack-links-seed-84-rep-2/samples-rackc1.jsonl
wtyler2505/ProtoPulse	5a7ad382d37c727e3a2d513eea380a077438225e	.claude/agents/kafka/kafka-expert.md
nbargovic/kafka-debug-container	ebff9a811dada6324b1d73842b1e511b11750242	kafka_2.13-3.8.1/bin/kafka-jmx.sh
anisaaqothrunnada24/SebarHarapan.id	f421f717ec58f1b991aabe2eac904ca46235ad51	kafka_2.12-3.9.1/bin/kafka-jmx.sh
phucnguyen140502/Real-Time-Data-Synchronization-Pipeline	4813c8a5488dd6708b1b7c47d175163f55354df2	config/kafka 207/bin/kafka-jmx.sh
iliga-ill/ApacheKafka	22febbde1fbefb6eee56495bedba5e84ede633ef	kafkaServer/bin/windows/kafka-jmx.bat
santoshmallah/docker_setup	f55e8078b71f5eb41caac75cac368761084708fa	kafka/kafka_2.12-3.9.0/bin/kafka-jmx.sh
dwdas9/learnkafka	c9766a36c023655fef784f4515193bdb44492d20	docs/resources/cheat-sheets.md
hyu-splab/PSK	8823c193d08eb2b075549d1b6e2b2bca073dac50	kafka/core/src/main/scala/kafka/tools/JmxTool.scala
yatinbindra/notejam	bed382c18a3187081727edb9ae53702eda852516	Desktop/kafka_2.13-3.5.0/bin/kafka-jmx.sh
Kouyate01/velib	f421b616565e861a15496f20ec5ed5c7d0e3de9d	kafka_2.13-3.9.1/bin/windows/kafka-jmx.bat
cardgis/kafka	0c6b3a9cdda9ea0b8a38aaf3263733a695f96d38	kafka_2.13-3.9.1/bin/windows/kafka-jmx.bat
maryem37/kafkaProject	4cb46714905cc6820231ef07be085f234130d4aa	kafka_2.13-3.9.1/bin/windows/kafka-jmx.bat
Omprakash143om/apache_kafka_practise	5076564b80e86958d8b0cdad58d14b70d448a71f	kafka_2.13-3.9.1/bin/windows/kafka-jmx.bat
kamir/OpenTSx	d58224e2a964da36b47bb75319e39c9ea757fb82	opentsx-clusters/cp-multiregion/scripts/jmx_metrics.sh
abhay3690/Spring-Boot	f2184e2ddf841aa9e1e4d6a29a8afd09baa9dace	other files/kafka_2.13-3.7.0/bin/kafka-jmx.sh
osodevops/kafka-streams-using-topic-naming	1d8232fd7eb3e43b785a2afa64377969d67c41dd	doc/topic-retention-and-deletion.md
minhng1305/MatchingEngine	7369c5148e9622d14d81d4cade00c32c09fdc9b0	backend/kafka_2.13-3.9.1/bin/windows/kafka-jmx.bat
flipflopster/ABD_github	e388cd6e3b4f3d7c66fbf83f2030bcfc9d53bc09	pyspark/kafka_2.13-4.0.0/bin/windows/kafka-jmx.bat
Rafavermar/Scala-Spark-Insights	1c5f5af6124e210ef1882674293d275b15ffa6f6	src/main/scala/week3/kafka/oss/kafka_2.13-3.7.0/bin/kafka-jmx.sh
HemangTheHuman/bookish-octo-barnacle	1858f59304a8c252d7e54b6495925956fe308154	KafkaProject/kafka_2.13-3.9.0/bin/windows/kafka-jmx.bat
jgc141-ua/easycab_sd	67886012dec4a5dc0519767c2e0328c026ed3572	Kafka Control/Kafka/bin/kafka-jmx.sh
deepaucksharma-nr/kafka-setup	b65e2c3835faf7ec0cf59994d086606ad9688025	kafka-monitoring/README.md
rupeshtiwari/pluralsight-operate-and-monitor-kafka-clusters	59c61ecf45faa435042c37b184bc29ee6c35f694	module-2/demo-2-grafana-dashboards-alerts/scripts/06-jmx-throughput.sh
schnoor22/naia3	acb7e37ca3ad24962b4947be99686178c9b22612	QUESTDB_QUICK_DEBUG_COMMANDS.md
VELANDHANANJAYAN/digital-nurture-dot-net	1a0d74c125787aa90b490a7af48ee5df3f867692	WEEK 5/kafka_2.13-3.6.2/bin/kafka-jmx.sh
cheetahlou/CategoryResourceRepost	f1d1fd1d61ec50bb7c6fffca61b55791885d277c	极客时间专栏/Kafka核心源码解读/特别放送/特别放送（四）| 20道经典的Kafka面试题详解.md
Iam-AyAn18/ShowCaseProjects	8cfc507d26b13287905b92fc597aca883e092a75	kafka_2.12-3.5.1/bin/windows/kafka-jmx.bat
bleartdemaku/trafiks	36638a6c907d0ef42dc13a7fdcbcb5d2dc04185f	docs/docs/simulator/index.md
jgc141-ua/easycab_sd	67886012dec4a5dc0519767c2e0328c026ed3572	Kafka Control/Kafka/bin/windows/kafka-jmx.bat
mintlify-atlas/docs-atlas-57a8240e	b84f6082958dc73dd1a1f612b6a7d13b70c228ec	operations/monitoring.mdx
guatom999/gokafka	a94d7bdeb3da77a49d6a9ef5ebfac16c17fb0c16	server/kafka_2.13-3.5.0/bin/windows/kafka-jmx.bat
jwkidd3/kafka_class	5ca246cdfac148083bf54b841d430d31f7352145	slides/Monitoring-Kafka-Cluster.html
Utkarsh769/Cognizant-Deepskilling-DotNetFSE-Solution	a108b9d14aff913605ebe79edaa0891891b852cb	Week_3_WebApi/Web_Api/6_WebApi_Handson/kafka_2.13-3.5.2/bin/kafka-jmx.sh
samueljackson-collab/Portfolio-Project	f828587ebe45a91db27079a4049c3552d0ce2e45	projects/5-real-time-data-streaming/RUNBOOK.md
Gogidix-Technologies/gogidix-shared-infrastructure	d8e9c1b7da5ac3caee7225082fe289af57ef93c5	message-broker/docs/operations/README.md
Shashikamal-RC/Scaler-Capstone-Project	a05f6709871f12fb09ba563605b8259a5618516b	ecommerce-backend/docs/guides/README_DOCKER.md
nagcloudlab/hyd-batch2	8706869ff2741fa78eaffa9be9f59e0c75acf09d	ftgo/phase-1-notification/kafka-lab/kafka-101/bin/kafka-jmx.sh
Groze2001/MCD	c36a5f2f08c7b5fb1558fa5b3e2f1f1434e356d1	2ºsemestre/ProcessamentoBigData/kafka_2.13-4.0.0/bin/kafka-jmx.sh
NikhilKumarKorrapati/Air-Quality	194bdfb2b44a2d83963bdbf7c5836c4dc7e09855	Big Data systems/docker/monitor.sh
alyssonmontovanelli/formacao_dataScience_DSA	ed6271425a0e5a6479f58d72684405111ca817b2	01_bigData_RealTime_Python_Spark/cap15_Apache_Streaming_RealTime_1/kafka_2.13-3.5.1/bin/kafka-jmx.sh
nagcloudlab/kafka-administration	1e6e02bf37ecb4b50b77132bf38ebbfa31cc403d	Labs/Lab-05-Data-Lifecycle/Scenario-5.2-Partition-Reassignment.md
deepaucksharma-nr/kafka-setup	b65e2c3835faf7ec0cf59994d086606ad9688025	kafka-monitoring/KAFKA_SHAREGROUP_MONITORING_COMPLETE.md
aaronKolins/data-pipeline-migration	6938012e564d1c397028c74b6d6f08caae15cded	network_data_broker_function/kafka_broker_instance/kafka_2.13-3.9.0/bin/kafka-jmx.sh
hyh19/books-deprecated-3	a031400bd09a75255bdfa008d27fd35e45f996d3	jhnii3/jhnii3_files/text/part0006_split_010.html
sderosiaux/codeguard-ai	024d84c1534857fab2be9a463740679bccb8d2cf	packages/backend/src/prompts/knowledge/kafka/producer-antipatterns.md
myasirnovals/Databases	8718f408e8e238f55fc11d5794afed0036c2e8dd	kafka/udemy/ApacheKafkaPemulaSampaiMahir/belajar-kafka-dasar/latihan2/kafka_2.13-3.6.1/bin/windows/kafka-jmx.bat
LDZ6/go-dev-notes	d49dade15475a4ab41ef9a82957511a357f7de5a	技术资料/专栏/Kafka核心技术与实战/37  主流的Kafka监控框架.md.html
dllen/learn_lianglianglee_com_crawler	9839eebb88ba73387e96e2ca1d5606b51cd9905f	output/专栏/Kafka核心源码解读/特别放送（四）20道经典的Kafka面试题详解.md
Free-Rat/topotestix	04c4448fc6ed426163201b5367af165017b79583	experiments/kafka-rack-links/dev-frozen-12-09-2026/runs/20260912-164743-kafka-rack-links-seed-2-kafka-rack-links-seed-2-rep-1/samples-rackc2.jsonl
Free-Rat/topotestix	04c4448fc6ed426163201b5367af165017b79583	experiments/kafka-rack-links/dev-frozen-12-09-2026/runs/20260912-164743-kafka-rack-links-seed-2-kafka-rack-links-seed-2-rep-1/samples-rackc1.jsonl
Free-Rat/topotestix	04c4448fc6ed426163201b5367af165017b79583	experiments/kafka-rack-links/principal-12-09-2026/runs/20260912-173749-kafka-rack-links-seed-46-kafka-rack-links-seed-46-rep-1/samples-rackc1.jsonl
Free-Rat/topotestix	04c4448fc6ed426163201b5367af165017b79583	experiments/kafka-rack-links/principal-12-09-2026/runs/20260912-192734-kafka-rack-links-seed-41-kafka-rack-links-seed-41-rep-2/samples-rackc2.jsonl
pierre94/kafka-notes	6b0274b02ce148a98553a8513cf79b58dadae2d1	kafka-2.2.0-src/tests/kafkatest/services/monitor/jmx.py
AshishRudrawar/kafka-zookeeper-demo	6b3c33c415cd2cdd00dfd52373e10b4e6a975c3f	test_scenarios.sh
OrderLab/Anduril	5133b17c2f3be7caa5818ae06218eb5624af41de	systems/kafka-8755/tests/kafkatest/services/monitor/jmx.py
conduktor/kafka-fork-experiments-2026	c84e708e3c3e02c430faa97df5607f21589d1835	tests/kafkatest/services/monitor/jmx.py
analysisdatalab/kafka-0.10.1.0-src_with_chinese_description	52f7800ddb5b212cf0c66bde003648388276b9a0	tests/kafkatest/services/monitor/jmx.py
wesleee1/E-commerce	15d3a2ad19b8ffc1b62e58aabd057d96ddfaa7d8	TEST_ORDER_FLOW.md
newrain-zh/kafka	ae82855e611ea4fdd5c77e7d492766cda14235e7	tests/kafkatest/services/monitor/jmx.py
daeunohh/KAFKA-18635	349496746be2e9499ccc24efa9d1ca9e8838864c	tests/kafkatest/services/monitor/jmx.py
ryu-hyesu/kraft_kafka	3c69cec8af55a5d0454f00eca73cb89bd47f5128	tests/kafkatest/services/monitor/jmx.py
comute/kafkapmd	3a9777a667620c5f926176452744c751df4dac17	tests/kafkatest/services/monitor/jmx.py
acceldata-io/kafka3	27cb73db09012687347cdd427912765b904f7335	tests/kafkatest/services/monitor/jmx.py
wangsansan/kafka3.7-comments	18d71d03630907dba9ce43381b74c78130bbd824	tests/kafkatest/services/monitor/jmx.py
sg-evals/kafka--3.6.0	a61f815dfd95d98c1a7eab7e1b11d0a2a1953a5a	tests/kafkatest/services/monitor/jmx.py
AichiQiezi/kafka	f3bf20c9a19f7de6f98a9480e2fae48ed61326b3	tests/kafkatest/services/monitor/jmx.py
a0x8o/druid	865372401245a2204d75954a12d0d2bc177037c3	tests/kafkatest/services/monitor/jmx.py
dingguotao/kafka-src-0.10.1.0	9b7fe2aaf9409dacc4c18e6516c3315ff2e0d4a1	tests/kafkatest/services/monitor/jmx.py
janchilling/Kafka-Thulawa	c21f56c0f9dbec72cd6040cf33ceb1e3b1933152	tests/kafkatest/services/monitor/jmx.py
TheGreatAbyss/kafka	f793fbf778ac08c08e20242d454bb4d89f7eeaee	tests/kafkatest/services/monitor/jmx.py
whyDK37/kafka_source	2eb0ccfa46d1cca248c3b5e1c653d097b2c4a58d	tests/kafkatest/services/monitor/jmx.py
ep-infosec/23_generalmotors_kafka	cf0c9f78089401369da0782c5b4017621e9b2a61	tests/kafkatest/services/monitor/jmx.py
deepin-community/netdata	bf1c322b24f7ed7dc3fa0d754140cd0d22485b47	fluent-bit/lib/librdkafka-2.1.0/tests/0016-client_swname.c
aditum-stack/Aditum-Collector	53c474a929796e3734903b2dcac87d684cd1d8b6	kafka/kafka-2.1.0-src/tests/kafkatest/services/monitor/jmx.py
SSCT-Lab/DisBurser_Dataset	7ed1f4b2572d44b2ad252587c9efa4ad2ed6e03e	Benchmark/Kafka/v2.0.0/kafka-2.0.0-src/tests/kafkatest/services/monitor/jmx.py
yfs666/routine	cce56303575707055ca91c601db13dafe798c08d	kafka-0.10.1.0-src/tests/kafkatest/services/monitor/jmx.py
sexyseunghwan/study	37a1616d32da388f61c9af396c0c0244c22e1b02	work/rust_dev/index_scheduler/target/debug/build/rdkafka-sys-97b34a1fed92f371/out/tests/0016-client_swname.c
DinandVanvelzen/GUCEF	592723f19f7a041e316d00fa7d4e198838fe78ef	dependencies/librdkafka/tests/0016-client_swname.c
apache/kafka	432141b93a474cb80ac2acf6b6e1c0f394efc99a	config/producer.properties
masesgroup/KNet	91339b550b0e53b8e5b5b4326482a85a7e7e0b72	src/config/producer.properties
jcenteno-ucm/kafka_v2	395ef26bdcf332baf787704fa75424783e13bae9	4.java/src/main/resources/simple-client.properties
DRO98/practica-kafka-etsit	a941e35eb4e386920dfca6b9abd9a1f024700f3e	producer.properties
ArandanoUS/proyecto-final-base-de-datos-II	abc36e87d3a9de2de59849cffd65b8f172499451	kafka/config/producer.properties
mustafa-oezdemir/pehli_e_commerce	3e3e18f1de6bbc55ee92ac33638eeaaa85076991	kafka_2.13-4.2.0/config/producer.properties
michelou/kafka-examples	8e966e59742f0769950219e0b71d66edf0126028	examples/config/producer.properties
framiere/kafka-linter-maven-plugin	1b224d0557221b8c469006300121411ae3851c86	src/it/spring-kafka-bad/src/main/resources/application-bulk.properties
santannaf/demo-producer	471846155c65976cc490f0624387483301ea3f9d	src/main/resources/application.properties
vincentspereira/Algorithmic-Trading-System	75128545c101c581cb6358cfeb80e2fb05a0439d	forks/tier1/kafka/config/producer.properties
framiere/kafka-linter-maven-plugin	1b224d0557221b8c469006300121411ae3851c86	src/it/quarkus-kafka-bad/src/main/resources/application.properties
HORKimhab/spring-boot-microservices-project1	0eeee5f2f6f700d77b6f52b6bf720c4eeb89c701	config/producer.properties
aiven/inkless	0e8d3d12b6eb4173db83ccf9b6bcc8cf16c13f78	config/producer.properties
codacy-open-source-projects-scans/kafka	94a5d5a07f1e54c827c9ca75026da39d1744775c	config/producer.properties
segun-s/kafka-internals-extracted	d0e0a99ea56befabb9a61393fe45291ac3e7b20a	config/producer.properties
daeunohh/KAFKA-19357	d9ae7cb97e2b94613fa34e1e5c7cc5e961b84c90	config/producer.properties
trthanhdo41/kafka-development	987f8dd5cf7232b2ff5891afdce918f072cc138a	config/producer.properties
daeunohh/KAFKA-19775	f060656c9ddf05042399de4dfa745b89c03143d3	config/producer.properties
daeunohh/KAFKA-19221	8209af2a23701c920e0eb9fe7933f6054d90edf0	config/producer.properties
daeunohh/KAFKA-18274	b3d77f9891f5d656197663f067dd2e61f6edcb58	config/producer.properties
ngthanhs1/UDPT_Kafka	4da3b284e690f43b421f647e152f572f1a80c060	config/producer.properties
thallesasv/kafka-code-review-test	b522b38dc2cbee9699882bf03a1cb0892ff55ede	config/producer.properties
npramodh/Kafka-mm2-repo	c01df82579419fd6f6ca87f8b96d16eebc880bf2	config/producer.properties
lbradstreet/kafka-sim	c130b7382c223096bba34484138c0ae761dbd1dd	config/producer.properties
humbertoms99/BDDE_06_Kafka	24c84bcd5395a876775dfc33fd927e8904c16be4	4.java/src/main/resources/simple-client.properties
iamywl/CNCF	2270239c990618c7f40f114e4ff55a4a992bd1a1	kafka/config/producer.properties
ArandanoUS/Charla-2-Base-De-Datos-II	1cb923e9a58009f4dbd37bd7f2e407b56aac9a62	kafka/config/producer.properties
Terry-Mao/goim	1800484a45334ace0bfa63a56ab9cbbbb4b22dca	scripts/kafka.sh
dpkp/kafka-python	cd3f7938e1c119fa1e78c333778767606c2a802f	servers/0.8.1/resources/kafka.properties
qmcloud/WebRTC_IM	0d2742a6d86f3f9b453c275a5830c851fc7ca1a5	goim-server/scripts/kafka.sh
netkiller/netkiller.github.io	159afade602d70fc7592fd821a3690e65c50cd77	linux/mqueue/kafka.html
adithyakhamithkar/ansible-playbooks	79fdd6c02d04a235c9ca601abc6d39b036839dc7	roles/kafka/templates/kafka.j2
dpkp/kafka-python	cd3f7938e1c119fa1e78c333778767606c2a802f	servers/0.8.2.2/resources/kafka.properties
dpkp/kafka-python	cd3f7938e1c119fa1e78c333778767606c2a802f	servers/0.8.2.1/resources/kafka.properties
dpkp/kafka-python	cd3f7938e1c119fa1e78c333778767606c2a802f	servers/0.8.1.1/resources/kafka.properties
dpkp/kafka-python	cd3f7938e1c119fa1e78c333778767606c2a802f	servers/0.8.2.0/resources/kafka.properties
CodeRayZhang/Movie_Recommend	ec1b3ca029ce8d52f0903615773abfc18ec970b1	Spark_Movie/conf/kafka/server.properties
yongxinz/tech-blog	9a60187f27ddba26490a92715e9ba41c9ce7404c	kafka/Kafka server.properties 详细配置总结.md
Dataman-Cloud/OpenDockerFile	e7c8d338e8d8aa0b84442a5e9f3491120010da33	kafka/docker/dataman.properties.template
kingreatwill/open	11eb4d07e1f802851d779ccd4ce43565cf864c3d	articles/Kafka.md
bbotte/bbotte.github.io	05300bf399a1751c61519fa82f5cb38bfad00be4	reprint/Kafka深度解析.md
juspay/hyperswitch-suite	b03b46346c5d2f8cc2a5e6759c9e32109559c0cd	terraform/aws/modules/composition/kafka/locals.tf
lyonyang/blogs	8431374cb652480df40b74b5dc31f2bb3015d396	docs/linux/centos-deploy-kafka.md
telefonicaid/fiware-cygnus	8e7dec5f4e6bd03dd0d6f4593128cb886616667b	doc/cygnus-ngsi/integration/orion_cygnus_kafka.md
wouterd/docker-zookeeper	426b3cadde85810398d86be85a422f984d2a9b3c	kafka/server.properties.initial
kroxylicious/kroxylicious	21f5cf97a594ea7cd423350f7417533620eef0af	kroxylicious-kms-providers/kroxylicious-kms-provider-azure-key-vault-kms/DEV_GUIDE.md
ODIM-Project/ODIM	81c02da794c25446817e363da87956d18b0c28dd	lib-messagebus/platforms/kafka/server.properties.ref
CM-Well/CM-Well	c8f5a4eea33d0e1b7281aa741eb0535b30c02590	server/cmwell-cons/app/scripts/templates/kafka.server.properties
zzyongx/tail2kafka	bc733ec0b59d2a91aab7fbce22fcff77e4d0787e	mix/kafka.config.template
objectrocket/ansible-kafka	192b74485682f525b98a8006564c4e4bdba5fcfb	playbooks/roles/kafka/templates/server.properties.j2
Juniper/contrail-provisioning	dda84a5ed7e17b5cc7148c2505e66ed3e8a86120	contrail_provisioning/database/setup.py
dobachi/ansible-bigdata	328a68692804eb55914f34f889aa6a68997eb08b	roles/kafka/templates/server.properties.j2
blogways/blogways.github.io	b397e5ff4c8837c356253abd68a9a35404724d9c	_posts/2017-05-02-kafka-1.md
hpcloud-mon/ansible-kafka	a7fa10eac5108f4e4aff68f1bfcf50ceb217828a	templates/server.properties.j2
ahuigo/ahuigo.github.io	7ca2939c8010a1db1f859afb9d634d8dd122ff72	post/db/had-kafka.md
khipu-io/khipu	dcc4ff36db393bda76fef498a8dd6d9524392ba6	khipu-eth/src/main/resources/kafka.server.properties
lloydmeta/ansible-kafka-cluster	48a0dc5c9c8c38de832c422c30c54a078b244e5f	roles/kafka/templates/kafka-properties.j2
dimagi/commcare-cloud	e484ed946667c2fd4659c9725ed2e01748e26a55	src/commcare_cloud/ansible/roles/kafka/templates/server.properties.j2
project-sunbird/sunbird-devops	b5797a4039a45c8f2c813ef343529b8a4212a009	ansible/roles/provision-kafka/templates/server.properties.j2
VeritoneAlpha/kafka-docker	c6bc04f035f164575fffeba3bed6f16c45ad1d44	conf/run.sh
xmlking/nifi-examples	3a12b86d7a288285af39142cb3f56c0cba0ee312	oltp-cdc-olap/kafka/server.properties
VeritoneAlpha/kafka	ef7a0cca178747189a091c638b401a06e69a9987	conf/startup.sh
ciena/afkak	4853c52f4da3586851dd580585277e79f1babc4d	servers/0.8.1/resources/kafka.properties
getspine/spinesible	0828c7f23c7c02ad7ff886e04d2441b7b8020d94	roles/kafka/templates/server.properties.j2
VeritoneAlpha/kafka	ef7a0cca178747189a091c638b401a06e69a9987	conf/startup.sh~
hpe-helion-os/helion-ansible	3aacf46a552f0980c4cbd13402fcf985d74e347f	hp_monasca_ansible/roles/kafka/templates/server.properties.j2
junior-5058/StreamBench	a598a6637f6efc3c4a953d18375d3f34d311aa97	script/kafka/config/server.properties.templete
CM-Well/CM-Well	c8f5a4eea33d0e1b7281aa741eb0535b30c02590	server/cmwell-bg/src/main/resources/kafka.server.properties
aminglinux/linux2019	c0f5a638c2912a47144f55bbce709cdda4b77edc	5.101-部署kafka集群.md
pivotal-cf-experimental/kafka-example-service-release	95077445f47db640d400ea37444369751bad38b1	jobs/kafka_server/templates/config/server.properties.erb
arganzheng/arganzheng.github.com	8037e2668a713974dfb0a5f4256ab3dfa4a7b541	_posts/2016-04-11-kafka-in-action.md
LIU2016/emulate	979403d728348c7a14553c8df8a32b21f57ff126	distributed system/kafka/README.md
BZCareer/hadoop-ansible	a08e3b54bfaddf7245d19f5562087e5267d75056	roles/kafka/templates/server.properties.j2
unknowntpo/oss-knowledge-base	37f100fec9a3def2bf953dd48b9ef2e712a529f3	vault/KIPs/KIP-1148.md
crowbar/crowbar-openstack	26948f746e32eb7ea83f8d2c8d99b68e403cc5fa	chef/cookbooks/monasca/templates/default/kafka-server.properties.erb
zhanghaichang/DevOps	ce43fa843c4692f732e3efff5e809eeec10140b3	kafka/README.md
funkygao/gafka	077b43fb2687eb43715b32c59896cb40bc68a4e3	cmd/gk/command/template/config/server.properties
DemandCube/Scribengin	f309e8da7c1075bbe7a13aee50aa32a1b9c9ab3e	V1/servers/0.8.1/resources/kafka.properties
gosuda/fluxmq	7252636a38bbb7dd4f4e994c9c1dc45e6deba1b4	benchmark-suite/setup/configure_kafka.sh
feuyeux/hello-samza	62bb304214060818a75360c94be8b01fb417420d	docker/content/ka.server.properties.initial
KqSMea8/program_world	02a259c7b3008f275f10588be7becd2c1dc9b255	install/kafka.conf
CM-Well/CM-Well	c8f5a4eea33d0e1b7281aa741eb0535b30c02590	server/project/sbt-kafka-plugin/src/main/resources/kafka.server.properties
concord/getting-started	0f7d4f6b79b470be7f3e833814836e435e73b3a3	ansible/roles/kafka/templates/server.properties.j2
jint233/jint233.github.io	c52d00c60cf63f9336762450f62963de97374885	docs/Systems/分布式中间件实践之路/第12讲.md
WeAreChampion/notes	6c0f726d1003e5083d9cf1b75ac6905dc1c19c07	bigdata/kafka/kafka-conf.txt
smo921/docker	e3b48eaaf2e10803377469fef9fb801c1dc1df1c	images/kafka/kafka.config
jint233/jint233.github.io	c52d00c60cf63f9336762450f62963de97374885	docs/Systems/分布式中间件实践之路/第13讲.md
spartan782/ELK-stack-deployment-py	de546d529056f2d49a20c181788afe479d6c5b41	Menu_driven_sensor.py
lsds/StreamBench	2718e0df02d6e4dcfdea2f96351978b91cc26208	yahoo-streaming-benchmark/src/main/scala/uk/ac/ic/imperial/benchmark/utils/LocalKafka.scala
zhwei820/learn.lianglianglee.com	a58c86640533d894c78506358a838852a85e3d6f	专栏/分布式中间件实践之路（完）/12 搭建基于 Kafka 和 ZooKeeper 的分布式消息队列.md.html
rwalk/straw	1940d521538635d5eab394d0ed4c87caf366b0c7	aws_config/configure/templates/kafka.server.properties
robjcaskey/zcutils	04269e441c6cb8068d102f168219d66bcf5fe07a	scripts/zcnblk-kafka-bench.sh
DemandCube/KafkaSpinner	0be77657a981c54de2c2ff0a29587d78e9b7f722	configs/server.sample
tarak-mpc/cppentry.github.io	4ef0953ae37dcbe7f1a99263d65ef0477b0599d9	_posts/2018-11-22-kafka安装.markdown
tarak-mpc/cppentry.github.io	4ef0953ae37dcbe7f1a99263d65ef0477b0599d9	_posts/2018-11-21-kafka安装.markdown
tarak-mpc/cppentry.github.io	4ef0953ae37dcbe7f1a99263d65ef0477b0599d9	_posts/2018-11-21-kafka集群部署.markdown
tarak-mpc/cppentry.github.io	4ef0953ae37dcbe7f1a99263d65ef0477b0599d9	_posts/2018-11-22-kafka集群部署.markdown
opencomputeproject/HWMgmt-DeviceMgr-DeviceManager	c12a24db27ecd4f1fe7d16bf0aed8408799e5c83	lib-messagebus/platforms/kafka/server.properties.ref
qidaoyigeren/GoToIM	1575dbb26a874bc2b483ad94820e0c7d5b3e5017	scripts/kafka.sh
feixiao/goim	9db357ef70d8fce7712336d6ddf018e25f2a061f	scripts/kafka.sh
youminxue/euler	f958a50010d7b8835dc507aa896a4fe421e845f6	scripts/kafka.sh
tarak-mpc/cppentry.github.io	4ef0953ae37dcbe7f1a99263d65ef0477b0599d9	_posts/2018-11-21-kafka.markdown
JasonWiki/docs	61859021b80741ff14c1e918d5f20cd658592e57	basis_components/mq/kafka/conf/conf.md
Tycale/cloud_2	70a05ff4e6a19e40c1cea135668bee793ccae4f9	VM/manifests/base.pp
MrVWY/Learn-Note	d50fd5082c3afafae590150c2b0de9e7da8705af	消息队列/kafka/main.md
robgmills/zero-downtime-soa	f34096a28da3a9a46000c711f51968389049eaf6	config/kafka/server-1.properties
dante7qx/superlog	d0406cc25660192861835b3f35e0cf3a1c3875b7	集群验证/集群验证.md
nallagondu/ansible-playbooks	79fdd6c02d04a235c9ca601abc6d39b036839dc7	roles/kafka/templates/kafka.j2
wtcctw/dianping-swallow	5865dbd058b3fb49e8cf6725488804e5099b19f1	bin/kafka/kafka_2.9.1-0.8.2.2/config/server.properties.qa
bahaaldine/scalable-big-data-architecture	ad2271183f7398818a99d98b287d5ee00b93363a	chapter4/kafka/server-1.properties
JGailor/vagrant-ansible-kafka	416eb9dea6274fec07754ae2448a4cf409102a24	roles/kafka/templates/usr/local/lib/kafka/config/server.properties.j2
graphaelli/vm	76183adb609701cee43f4a70975af00935ce5d79	kafka/provision.sh
koreyshi/SparkMovie	ec1b3ca029ce8d52f0903615773abfc18ec970b1	Spark_Movie/conf/kafka/server.properties
disqus/kafka-python	165b897139ae69e5935c2618759773572781ef17	servers/0.8.1/resources/kafka.properties
UPHRH-platform/sb-devops	4e6ba8c373a5c666d143b3ff3f4f1e593aa1fb67	ansible/roles/provision-kafka/templates/server.properties.j2
Unity-Billal-mesloub/kafka-python.	8aa15513e13203f26d410023b4260c5d95fbe5a5	servers/0.8.1/resources/kafka.properties
DataToKnowledge/dockerfile	965e7d9952f3ed99df81722b6fd476749930a6e5	kafka08/config/server.properties
tbartelmess/kafka-nio	02abe225ff9f6a19d37fe9753fb84534ee8025bc	servers/2.1.1/resources/kafka.properties
tbartelmess/kafka-nio	02abe225ff9f6a19d37fe9753fb84534ee8025bc	servers/2.3.0/resources/kafka.properties
Jerrydreamaker/Jerrydremaker.github.io	339ebd02c109f2d3656c04dc489e40dd686af468	server.properties
DemandCube/Scribengin	f309e8da7c1075bbe7a13aee50aa32a1b9c9ab3e	V2/docker/scribengin/bootstrap/post-install/kafka/config/performance.properties
tbartelmess/kafka-nio	02abe225ff9f6a19d37fe9753fb84534ee8025bc	servers/0.10.2.2/resources/kafka.properties
dpapworth/vagrant-kafka-example	809f148d99eac7beeb32ded8d7d320a091dc6e83	modules/kafka/templates/server.properties.erb
functionalops/systemz	2a0977c843804736297f697e50857d526e5d1102	examples/src/main/resources/kafka/03.properties
functionalops/systemz	2a0977c843804736297f697e50857d526e5d1102	examples/src/main/resources/kafka/04.properties
lxl0928/timi_kafka	dc6cfa0c4c378699c9aaebea6b9370b768b38750	servers/0.8.1/resources/kafka.properties
miroku0000/AI-Security-Benchmark	c21cd8b601c85f8a5a32dd77dceb1533a2227104	variation_study/gemini-2.5-flash_temp1.0/run2/queue_kafka_003.txt
Guangyang-Sunlight/kafka-python	985fa3fbe19751d6cfd4919d290f8adee68c6c36	servers/0.8.1/resources/kafka.properties
kingjcy/kingjcy.github.io	46d6d09f7eebd9f46140ed131d8d482ecf7d560f	post/middleware/mq/kafka/index.html
ekstep-sp/sunbird-devops	e424fe5ca0c3bb7c374b95bfe36e4cf66287e6ff	ansible/roles/provision-kafka/templates/server.properties.j2
Haritest/sunb-test	9919f70b17d75d35e8261aac6f714928bc2bef6d	ansible/roles/provision-kafka/templates/server.properties.j2
dikshasunbird/sunbird-devops	ece00821d262b11bf7f88595051bb895cabbd367	ansible/roles/provision-kafka/templates/server.properties.j2
ethirajsrinivasan/binaryscripts.github.io	0834de62efb45665be6a91941a4ef79724d0cc27	_posts/kafka/2025-02-20-kafka-performance-tuning-improving-throughput-and-latency.md
gridgentoo/uReplicatorUber	0e2c7559e88cd1c4ce623c079e0e14ef6246acd1	bin/server2.properties
zhouzach/dev-ops	b7961ac2614c9d3a338b4d5f59fb42555cb359ab	kafka/配置/Kafka主要配置参数详解.md
liferight/docker	33e0ce3c1a2a87a6f2f59a896a5f39f068738ed6	k8s/manifests/kafka/server.properties
matheusjorge/udacity_data_streaming_sf_crimes	228345617c5ad35c3dc1dfb9143b770fc071ae2b	config/server.properties
disqus/kafka-python	165b897139ae69e5935c2618759773572781ef17	servers/0.8.2.2/resources/kafka.properties
disqus/kafka-python	165b897139ae69e5935c2618759773572781ef17	servers/0.8.2.1/resources/kafka.properties
disqus/kafka-python	165b897139ae69e5935c2618759773572781ef17	servers/0.8.1.1/resources/kafka.properties
disqus/kafka-python	165b897139ae69e5935c2618759773572781ef17	servers/0.8.2.0/resources/kafka.properties
Chrysofin/SF-Crime-Statistics-with-Spark-Streaming	ab63d677c5613134703d2987c866d4cd9e9bb506	server.properties
suryakolachana/SF-Crime-Spark-Kafka-Integration	78353e2252cbc5e72b6e4adc23cfee6058124442	server.properties
ggbong734/udacity-data-streaming	c6ae581431444583f0c765c41dfc9e552985f63c	Project - SF Crime Statistics/config/server.properties
disqus/kafka-python	165b897139ae69e5935c2618759773572781ef17	servers/0.10.1.1/resources/kafka.properties
buildwithdemis/tdh	31c0d39c73e62bc36af8b7cf11a66ea7c22d0e61	src/commcare_cloud/ansible/roles/kafka/templates/server.properties.j2
kabass/commcatre-cloud-cloned	decaa7e4f700ce16d5e3f0f12594ed2e2ede9194	src/commcare_cloud/ansible/roles/kafka/templates/server.properties.j2
swlfigo/geektime_article_mirror	d5f5ac11f6bb42928fc1762ee5b1f6bf620d2d28	Article/专栏/分布式中间件实践之路（完）/12 搭建基于 Kafka 和 ZooKeeper 的分布式消息队列.md
Unity-Billal-mesloub/kafka-python.	8aa15513e13203f26d410023b4260c5d95fbe5a5	servers/0.8.2.2/resources/kafka.properties
Unity-Billal-mesloub/kafka-python.	8aa15513e13203f26d410023b4260c5d95fbe5a5	servers/0.8.2.1/resources/kafka.properties
Unity-Billal-mesloub/kafka-python.	8aa15513e13203f26d410023b4260c5d95fbe5a5	servers/0.8.1.1/resources/kafka.properties
Unity-Billal-mesloub/kafka-python.	8aa15513e13203f26d410023b4260c5d95fbe5a5	servers/0.8.2.0/resources/kafka.properties
jazracherif/udacity-data-streaming-crime-stats	3e3f21e360d6e676d95e7165552386d310133a40	config/server.properties
yhuang/sandboxes	c3fb7b6524e86189b6f48ff6383ef4e74dcc0792	files/server0.properties
yohannesHL/spark-sf-crime-statistics	e759b86a8d2b465ae06990980aa1826801a2a53b	config/server.properties
Unity-Billal-mesloub/kafka-python.	8aa15513e13203f26d410023b4260c5d95fbe5a5	servers/2.0.0/resources/kafka.properties
hisplan/vagrant-apache-kafka	3a2a8c590617ccb01c695a3200f5716aff40cc80	resources/server.properties
flepeng/flepeng.github.io	c1d9a9bccdb7cb68726ca720345acc0ed4439371	043-Kafka-Kafka-安装/index.html
lxl0928/timi_kafka	dc6cfa0c4c378699c9aaebea6b9370b768b38750	servers/1.0.1/resources/kafka.properties
lxl0928/timi_kafka	dc6cfa0c4c378699c9aaebea6b9370b768b38750	servers/1.1.0/resources/kafka.properties
lxl0928/timi_kafka	dc6cfa0c4c378699c9aaebea6b9370b768b38750	servers/0.8.2.2/resources/kafka.properties
lxl0928/timi_kafka	dc6cfa0c4c378699c9aaebea6b9370b768b38750	servers/0.8.2.1/resources/kafka.properties
lxl0928/timi_kafka	dc6cfa0c4c378699c9aaebea6b9370b768b38750	servers/0.8.1.1/resources/kafka.properties
Guangyang-Sunlight/kafka-python	985fa3fbe19751d6cfd4919d290f8adee68c6c36	servers/0.8.2.2/resources/kafka.properties
Guangyang-Sunlight/kafka-python	985fa3fbe19751d6cfd4919d290f8adee68c6c36	servers/0.8.2.1/resources/kafka.properties
Guangyang-Sunlight/kafka-python	985fa3fbe19751d6cfd4919d290f8adee68c6c36	servers/0.8.1.1/resources/kafka.properties
Guangyang-Sunlight/kafka-python	985fa3fbe19751d6cfd4919d290f8adee68c6c36	servers/0.8.2.0/resources/kafka.properties
Guangyang-Sunlight/kafka-python	985fa3fbe19751d6cfd4919d290f8adee68c6c36	servers/0.11.0.1/resources/kafka.properties
GalacticExchange/framework_templates	96cccfeca06de3cca417cc4f253ebc87312439a5	hadoop/slave/templates/etc/kafka/kafka.server.properties.erb
miroku0000/AI-Security-Benchmark	c21cd8b601c85f8a5a32dd77dceb1533a2227104	output/gemini-2.5-flash_temp0.7/queue_kafka_003.yaml
afshimono/data_streaming_nd	be5b591adfbd19608e88deb70369521c413b63ec	sf_crime/config/server.properties
rammandadapu/273Project	67cd9a34abffa1a286086924e31f31a31cbf9d9a	OffersAndUserAPI/kafka_2.9.2-0.8.1.1ForWindowsAndLinux/config/server-2.properties
ashmckenzie/percheron-kafka	e83f0582ae2e0950e98d99b258ed3c353f160fb6	kafka/config/kafka/server.properties
Kyfaiyya/apachekafka	47c52ea3cf302b9528166676dc2d7033ac60c14a	kafka-python-2.2.7/servers/0.8.2.1/resources/kafka.properties
Kyfaiyya/apachekafka	47c52ea3cf302b9528166676dc2d7033ac60c14a	kafka-python-2.2.7/servers/0.8.1.1/resources/kafka.properties
AII-EmergingTechnologiesPlayground/Urban-Data-Platform	11ac2cc97a6ac0e2dae244039c6d0982ddae1daa	Fiware Components/fiware-cygnus-master/fiware-cygnus-master/doc/cygnus-ngsi/integration/orion_cygnus_kafka.md
liuxinhua5/us-x	bebb18d41f891811d7dc5638388e563882d2eea9	专栏/分布式中间件实践之路（完）/12 搭建基于 Kafka 和 ZooKeeper 的分布式消息队列.md.html
gzymomo/gitbook	46345f3b08500c7c2ad0e370f8e4e7e3499cac02	docs/3.1 大数据/Kafka/kafka集群解耦高吞吐量.md
ARGOeu/argo-ansible	67536b4b1a06a44ec061f9cd7facf8930eeb4b12	roles/kafka/templates/server.properties.j2
securitycloud/kafka	6dae65f1178c58eab60c785199e1d494e324e2be	deploy/config/server.properties.bak
kopeio/images	d8fa34cac3ecdc33ac05dc81ed7e6b0b422f1336	kafka/templates/server.properties.template
harshach/kafka-vagrant	e59ba6cfb69e668efac4870975a70b74a5cde38a	configs/server1.properties
harshach/kafka-vagrant	e59ba6cfb69e668efac4870975a70b74a5cde38a	configs/server3.properties
somashekar10/mesos-cluster-terraform	0da37254e7e450eef66747f2ed2908dcc8aa252a	main.tf
fakeyanss/StudyNotes	58db1135f2161ff497e8d68b8bf0266f3b7b4b1b	BigData/Kafka.md
ThomasRobertFr/big-data-streaming	2e592debdeffd552ca52f03851f4f2d3cbc95007	Kafka/Config_Server/server-2.properties
ArdanaCLM/monasca-ansible	30bdf85e588eb8187b66bd83f0460d74a4b688a5	roles/kafka/templates/server.properties.j2
yrong/notes	3e101ff9b4d1d3a0d4418741bde3c5446c3e6d8f	content/post/2017-04-20-kafka.md
CampusLabs/docker-kafka	7077ecd9f4ee107aa26ec7a5c1ac617b6d098b15	server.properties
gotchef/kafka	41febbb488e837417fe2442b992881597e31f91e	templates/default/server.properties.erb
Yvan0329/lianglianglee	4afe4a62c4e105a59d41319a29e523eee3bd82c4	book/专栏/分布式中间件实践之路（完）/13 深入解读基于 Kafka 和 ZooKeeper 的分布式消息队列原理.md
MulticsYin/MulticsKubernetes	8ba6515041fb4f187bbed4d30b1e60db9526e956	examples/kafka/server.properties
netoearth/markdown	ae1d6468fd5d59dad3cea9be92afdfcaff23dc31	linux/kafka入门介绍「详细教程」 - SegmentFault 思否.md
breauxaj/puppet-modules	60848583b9664b9ad278ee00f88deb14e9f97f63	kafka/templates/server.erb
minyk/nifi-sandbox	2fefd968cc9498e9d734f5018b3fb95f449503be	resources/kafka/server.properties
viniciusccarvalho/kafka-boshrelease	72f06ad8df5db1f25b1c924645a46ccf520fe923	jobs/broker/templates/server.properties.erb
xuwei-k/kafka-sample	142793e162121d49a540efbab177d45638cfa449	server4.properties
xuwei-k/kafka-sample	142793e162121d49a540efbab177d45638cfa449	server2.properties
bdWhistmore/NSM-Engineering	b63c6a61ce44a7a2567b9ff7d0e6e5bcdce78a96	markdown.md
netoearth/markdown	ae1d6468fd5d59dad3cea9be92afdfcaff23dc31	java/企业级Apache Kafka部署实战篇 - 尹正杰 - 博客园.md
rawkintrevo/bluemix-extra-services	6d3fcdd7f6014384eb0e5d67eaeb301672dc4990	data/resources/kafka/server.properties.template
luyuan-go/xuanming-server	2d3cc52f2247b2b6ee81abed135ca81bccf7338f	tools/scripts/lib/kafka_liveness.ps1
keiraqz/RaspPiDemo	e2bcf7bfd2f1b9c1a0242c192158b85c4a6b355e	kafka_config/config_example/server.properties
robjcaskey/zcutils	04269e441c6cb8068d102f168219d66bcf5fe07a	bench-results/kafka-local-smoke-20260808T152133Z/server.properties
EkStep-DevCon-2020/devcon-data-pipeline	4b6760e475b215b76814b35583e5ed8b257ecba8	ansible/roles/ansible-kafka-upgrade/templates/server.properties.j2
gridgentoo/rust-rdkafka	fcb0bab41894e96208fd745e79ce7f73e4bcebbe	docker/kafka_0.10.1.1/config.properties
DemandCube/Scribengin	f309e8da7c1075bbe7a13aee50aa32a1b9c9ab3e	V2/docker/scribengin/bootstrap/post-install/kafka/config/default.properties
Esquive/queryable-kafka	810f36ae5afb5d53aebc3d519a7a9f312e03007a	config/server.properties
reymont/ReadAndLearn	aab57ca7921562443323dd7c7b43d0e99128f212	devops/07.elasticsearch/fluentd/kafka/EFKKsetup/config_files/kafka/server.properties
Esquive/queryable-kafka	810f36ae5afb5d53aebc3d519a7a9f312e03007a	config/server1.properties
mtabebe/Adaptive-Storage-Tiresias-and-Proteus	ce256371f4fbe0c6b199b2d14d7a372e77192db2	deployment/configs/kafka_server.properties
bahaaldine/elasticsearch-clickstream-demo	4292c741364dff4a01fa8506eda75ae58cfeb654	conf/kafka/server2/server.properties
tbartelmess/kafka-nio	02abe225ff9f6a19d37fe9753fb84534ee8025bc	servers/2.1.0/resources/kafka.properties
goodhamgupta/aesop	7d475668fcfa59157acba986c56e55f3ebd28fbe	deployment/roles/kafka/templates/kafka-properties.j2
sam-johnson/k8s_handbook	62f0eb7d251b82d03e3959b1c7c9b16a04711f5b	manifests/kafka/server.properties
jettyaway/jettyaway.github.io	1ee663d62089d3d84d26638ddca50146df0f4b8a	14502784682846.html
liyuqi/kafka_exp	e61e0b4d2270e54667fb51c8fa80470cd7ee3e95	kafka-properties/server-z3-b7-p3.properties
gridgentoo/chaperone	86aed0710de6c32067e18fdd10180f21704e4323	bin/server2.properties
fakeNetflix/uber-repo-chaperone	f739e8b652c51eeaea5d4fe1c662b92903f11ca0	bin/server2.properties
fakeNetflix/uber-repo-uReplicator	ba0d817adbed13a284e871b2150efcdde83d3444	bin/server2.properties
gridgentoo/ChaperoneUber	dafcf64890dbb38d72220d847d7bf363ac2281f4	bin/server2.properties
hongj77/kafka-pipeline-broker	6449066c18ea2923027bd01a5442c9c7b8f194be	config/server.properties
nagcloudlab/kafka-administration	1e6e02bf37ecb4b50b77132bf38ebbfa31cc403d	Labs/Lab-05-Data-Lifecycle/Scenario-5.1-Retention-vs-Compaction.md
ramkbala/kafka-learning	f26161310f3db98d99b48fe8e80da782bb387a1f	cheatsheet/01-kafka-fundamentals-readme.md
oliversalmon/imcs-demo	66f746b2fdb6e98451308ac8ad852a6f834e545f	bddtestutilityservices/src/main/resources/kafka-server.properties
gunjan5/kafka	9b926579848529b87485f642d989d835266f1326	server-1.properties
imfht/djangoapps	039a42aa9d1537e7beb4071d86bea7a42253d8b3	tech-blog-master/kafka/Kafka server.properties 详细配置总结.md
RobertBemmann/sf_crime_data_project_spark_kafka	153312bdf5091e39bd55b8d7db68fec557f31ef5	config/server.properties
talevy/elastic-stack-tests	c2b14a20e51dc14f8a6830adc8618db9865bb279	config/kafka.properties
gauravshelangia/SF-Crime-Statistics-with-Spark-Streaming	499958e93e806f59455fdeef5a008d0119e4bd94	config/server.properties
yhuang/sandboxes	c3fb7b6524e86189b6f48ff6383ef4e74dcc0792	files/server2.properties
iandr413/vagrant-spark	99a54eee0581ce3e97fff64212044d73b7c5d482	spark/modules/kafka_server/templates/server.properties.erb
wtcctw/dianping-swallow	5865dbd058b3fb49e8cf6725488804e5099b19f1	bin/kafka/kafka_2.9.1-0.8.2.2/config/server.properties
rawkintrevo/bluemix-extra-services	6d3fcdd7f6014384eb0e5d67eaeb301672dc4990	data/resources/kafka/server.properties
neoword/conf2015-demo	31372dab3a4f58ccd50914208ac67914fd0896f8	complexdemo/kafka/config/server-1.properties
Kyfaiyya/apachekafka	47c52ea3cf302b9528166676dc2d7033ac60c14a	kafka-python-2.2.7/servers/2.4.0/resources/kafka.properties
Kyfaiyya/apachekafka	47c52ea3cf302b9528166676dc2d7033ac60c14a	kafka-python-2.2.7/servers/1.0.2/resources/kafka.properties
Kyfaiyya/apachekafka	47c52ea3cf302b9528166676dc2d7033ac60c14a	kafka-python-2.2.7/servers/1.1.1/resources/kafka.properties
Yiran-wu/eagle_self	48be76e1c3aa7904e91d109b067177ae535d1378	eagle-external/hadoop_jmx_collector/lib/kafka-python/servers/0.8.2.0/resources/kafka.properties
rsyslog/rsyslog	8046ee10ef67b8fc4b36861dc405376a0a6ddc53	tests/testsuites/kafka-server.dep_wrk2.properties
didi/KnowAgent	872da94b2f70bce1e25996bca6c74219e1ffa4aa	agent/agent-integration-test/src/main/resources/kafka-server.properties
ExpediaDotCom/haystack-service-graph	4a6a36f92f7671f9272b914ea73f3b1d3c0fb36b	node-finder/src/test/resources/integration/kafka-server.properties
qihao123/lxdatacleaner	70611ff074da8a50b4f97548a0bfa76ac2898a09	venv/Lib/site-packages/pykafka/test/kafka_instance.py
danos/rsyslog	089eaa0fcc06af7cb6d7d2838f9b2bba6ea29d45	tests/testsuites/kafka-server.dep_wrk2.properties
tianwei08222/fuchuang	f630710144a87423fbe5443b5b5d4d1b7a41ffd4	venv/Lib/site-packages/pykafka/test/kafka_instance.py
Pardus-Kurumsal/rsyslog	533feb8bb721500aced2811bd5fc6ca1e9c501e4	tests/testsuites/kafka-server.dep_wrk2.properties
deepin-community/rsyslog	720389cdf1fd1ee1c17a20be9dca44152fb198c3	tests/testsuites/kafka-server.dep_wrk2.properties
n2yen/rsyslog-backup	c24310c0debc7793f904ff42642aa9636ed912b7	tests/testsuites/kafka-server.dep_wrk2.properties
shaun92168/ACIT3855-AuditLog	e8d79203fb8d9b04947a94f89a7b15e75d74e587	venv/Lib/site-packages/pykafka/test/kafka_instance.py
Codeferi/kafka2	bb663d04febcadd4f120e0ff5c5919ca8bf7e971	tests/kafkatest/services/kafka/templates/kafka.properties
Codeferi/kafka	bb663d04febcadd4f120e0ff5c5919ca8bf7e971	tests/kafkatest/services/kafka/templates/kafka.properties
wangrenlei/localization_nifi	6f8f74186b8b52af35b0e8d229c918db715f2c87	nifi-nar-bundles/nifi-kafka-bundle/nifi-kafka-0-10-processors/src/test/resources/server.properties
ElvesLab/DART	e67b59116d3643eded36f4fe8e62a1d131f7e9a7	streamprocessing/flume/flume-ng-sinks/flume-ng-kafka-sink/src/test/resources/kafka-server.properties
vinayak-bhat-sclera/syslog-docker	1527b88b2d81a9da795837e9b45300bd37aa98ab	rsyslog/tests/testsuites/kafka-server.dep_wrk3.properties
kiranjilla/nifi-xom	9c2d11b0057ea6b8d2062dfd5ae91ed1be396f40	nifi-nar-bundles/nifi-kafka-bundle/nifi-kafka-0-10-processors/src/test/resources/server.properties
xijianlv/nifi	4ccd485a2f6f96af03545c5900f2b4d9b0ac5e1f	nifi-nar-bundles/nifi-kafka-bundle/nifi-kafka-0-10-processors/src/test/resources/server.properties
coco11563/nifi-1.4.0	0b5a160fd1eb56a591021866d20c72fb031a48c7	nifi-nar-bundles/nifi-kafka-bundle/nifi-kafka-0-10-processors/src/test/resources/server.properties
cttestid41/Apache_nifi	67819e5019893fc02022a5d361759b3504276753	nifi-nar-bundles/nifi-kafka-bundle/nifi-kafka-0-10-processors/src/test/resources/server.properties
frosenberg/go-cloud-stream-modules	297454e0f2fb3f7573ac1427ad7920199a545bd5	go-bridge-processor/Godeps/_workspace/src/github.com/Shopify/sarama/vagrant/server.properties
frosenberg/go-cloud-stream-modules	297454e0f2fb3f7573ac1427ad7920199a545bd5	go-httpclient-processor/Godeps/_workspace/src/github.com/Shopify/sarama/vagrant/server.properties
AutoMQ/automq	e531e4c968bbe9a4345ddfba14f7cafcd7e0aa93	devkit/config/role/server.properties
AutoMQ/automq	e531e4c968bbe9a4345ddfba14f7cafcd7e0aa93	devkit/config/role/broker.properties
AutoMQ/automq	e531e4c968bbe9a4345ddfba14f7cafcd7e0aa93	config/kraft/broker.properties
AutoMQ/automq	e531e4c968bbe9a4345ddfba14f7cafcd7e0aa93	config/kraft/server.properties
gravitee-io/gravitee-api-management	b2a7226d096edd70b235e9a1f25a36211f16eb81	docker/quick-setup/native-kafka/.config/server.properties
aeron-io/benchmarks	1b11bfc293691c883c8b43e0ca914fe04644a966	scripts/kafka/server.properties
SuanCaiYv/prim	cb9721d3d8efbf89d8358c7eef43ee05e06de864	server/kafka-cluster/server-3.properties
SuanCaiYv/prim	cb9721d3d8efbf89d8358c7eef43ee05e06de864	server/kafka-cluster/server-1.properties
SuanCaiYv/prim	cb9721d3d8efbf89d8358c7eef43ee05e06de864	server/kafka-cluster/server-2.properties
aiven/inkless	0e8d3d12b6eb4173db83ccf9b6bcc8cf16c13f78	config/inkless/single-broker-0.properties
sascommunities/kafka-training	7b099c79d22b11ed55868dfbb1fbd9e228547a67	labs/Lab02_Tools/config/server.properties
sascommunities/kafka-training	7b099c79d22b11ed55868dfbb1fbd9e228547a67	labs/Lab01_Setup/config/server.properties
sascommunities/kafka-training	7b099c79d22b11ed55868dfbb1fbd9e228547a67	labs/Lab04_Topics/config/server.properties
sascommunities/kafka-training	7b099c79d22b11ed55868dfbb1fbd9e228547a67	labs/Lab03_Messages/config/server.properties
aiven/inkless	0e8d3d12b6eb4173db83ccf9b6bcc8cf16c13f78	config/inkless/single-broker-pg-0.properties
SuanCaiYv/prim	cb9721d3d8efbf89d8358c7eef43ee05e06de864	server/kafka-cluster/server-single.properties
sascommunities/kafka-training	7b099c79d22b11ed55868dfbb1fbd9e228547a67	labs/Lab05_Performance/config/server.properties
aiven/inkless	0e8d3d12b6eb4173db83ccf9b6bcc8cf16c13f78	config/inkless/single-broker-pg-0-gcs.properties
sascommunities/kafka-training	7b099c79d22b11ed55868dfbb1fbd9e228547a67	labs/Lab08_LDAP/config/server.properties
masesgroup/KNet	91339b550b0e53b8e5b5b4326482a85a7e7e0b72	src/config/controller.properties
vinclv/data-engineering-minds-kafka	952f92184099fc4f65e2e1018c1a7b3d6c4adeaa	config/kraft/ssl/server-1.properties
vinclv/data-engineering-minds-kafka	952f92184099fc4f65e2e1018c1a7b3d6c4adeaa	config/kraft/ssl/server-2.properties
vinclv/data-engineering-minds-kafka	952f92184099fc4f65e2e1018c1a7b3d6c4adeaa	config/kraft/ssl/server-4.properties
a0x8o/kafka	54eff6af115ee647f60129f2ce6a044cb17215d0	config/raft-broker.properties
a0x8o/kafka	54eff6af115ee647f60129f2ce6a044cb17215d0	config/nozk-broker.properties
inovex/blog-kafka-connect	0d7f9a8ded48eed64d9211e05c60541a8b9837d3	server.properties
a0x8o/kafka	54eff6af115ee647f60129f2ce6a044cb17215d0	config/raft-combined.properties
a0x8o/kafka	54eff6af115ee647f60129f2ce6a044cb17215d0	config/nozk-combined.properties
masesgroup/KNet	91339b550b0e53b8e5b5b4326482a85a7e7e0b72	src/config/broker.properties
metersphere/installer	a107db91852aaf8b29515b06cbf1d5496c8d8b3b	metersphere/conf/kafka/config/server.properties
exploitintel/eip-pocs-and-cves	7d27b55b2930e05f29536a74eff0d57d966c3d15	CVE-2025-27818/kraft-server.properties
mortysean/Xiaoquant	ab59314a3681e6adee7b4f5ae8d52666f99f0eb5	docker_composed/server.properties
rdsea/bigdataplatforms	1bac43f7142ce116ec971187ac513610a80a72da	tutorials/kafka-bigdata-gcp/server.properties
sgc109/mockstagram	bcba3d2f3aa9778bc0e9ac1814ebf6baef6cb25b	init/kafka/file-input/server.properties
rdsea/bigdataplatforms	1bac43f7142ce116ec971187ac513610a80a72da	tutorials/basickafka/terraform/server.properties
exploitintel/eip-pocs-and-cves	7d27b55b2930e05f29536a74eff0d57d966c3d15	CVE-2025-27818/kraft-server-patched.properties
appsignal/kafka-talk-demo	18ec187ebe54a475129af8226022fb0bc89dd1ec	config/server.properties
vinsguru/reactive-kafka-course	6e03bbbe52cf58ea3c023f2c20cc0ba41b25a3ba	01-workspace/03-kafka-cluster/props/s2.properties
vinsguru/reactive-kafka-course	6e03bbbe52cf58ea3c023f2c20cc0ba41b25a3ba	01-workspace/03-kafka-cluster/props/s3.properties
moeenz/docker-kafka-kraft	e4754bf51888cfaa1bea99030857484a631637b4	configs/server.properties
Mahmoud-nfz/football-big-data	aef1bbb5ef7c62e17a348c8e24d1c42d7efc6702	kafka/config/server.properties
intersystems-ib/workshop-healthcare-interop	9600ce1c56e7e020acfe808d34f86c989bbc494a	kafka/server.properties
jackysolanki007/Dockerized-kafka-with-TLS-SSL	65b905609958afabeb227cc836f2bfef24315a06	server.properties
dinosn/kafka-security-audit	3bae39c27c3cf8e5ba6d96ab075655ffa6b52eb3	poc/lab/lv5-jwks.properties
dinosn/kafka-security-audit	3bae39c27c3cf8e5ba6d96ab075655ffa6b52eb3	poc/lab/lv5-vuln.properties
prgrms-be-adv-devcourse/beadv2_2_dogs_BE	78eaa98760e56e3f56bcf2c055c1235882e4cdc3	kafka.properties
IntegratedAlarmSystem-Group/ias	2e5eaf8e67e3f1b0e11bc0399500ac313ed1c8b7	Tools/config/kafka_kraft_server.properties
IntegratedAlarmSystem-Group/ias	2e5eaf8e67e3f1b0e11bc0399500ac313ed1c8b7	install/rpms/kafka/SOURCES/server.properties
dinosn/kafka-security-audit	3bae39c27c3cf8e5ba6d96ab075655ffa6b52eb3	poc/lab/lv1-server.properties
dinosn/kafka-security-audit	3bae39c27c3cf8e5ba6d96ab075655ffa6b52eb3	poc/lab/lv5-control.properties
vinsguru/reactive-event-driven-microservices	028b2f9c330d6c0ef3177c13b4260a305b1cef7c	kafka-setup/compose/props/server.properties
inomera/kafka-3-cluster	8ff29f054ce32a48a127d4a89ba65638364bc449	node-1/server1.properties
inomera/kafka-3-cluster	8ff29f054ce32a48a127d4a89ba65638364bc449	node-3/server1.properties
inomera/kafka-3-cluster	8ff29f054ce32a48a127d4a89ba65638364bc449	node-2/server1.properties
izzyacademy/kafka-in-a-box	f5c07541dcbb528256b58f77d8a219fd25ef4b07	scripts/kraft.default.properties
pgsty/infra-pkg	1f4377abaa6489ff8c47ddf3c29ee272d6d5827a	kafka/src/server.properties
aminehsan/Utils-Docker	332c4c4b2c4823e2e158b6f55fbdd3c78bafd97a	kafka/config/server.properties
kamalyes/idev	01d05f18507c92fdaa5451822d3130c8c7d2ced4	kafka/conf/server.properties
tapunict/tap2023	3bd20ac0de22fe5f5010bbf59a679136b244b294	kafka/conf/kraft/broker.properties
anders-wartoft/air-gap	4696d08a85641398a86331511a0b4a169fcb1ff8	certs/kafka/kraft/controller.properties
tapunict/tap2023	3bd20ac0de22fe5f5010bbf59a679136b244b294	kafka/conf/kraft/server.properties
emillamm/mika	ff312bbcfd4b535de544ec5f8e098b2048f60404	kafka.properties
minhhungit/kafka-kraft-cluster-docker-compose	9e62d113418aa00dbc755962822643b0e7750e0c	config/kafka02/server.properties
minhhungit/kafka-kraft-cluster-docker-compose	9e62d113418aa00dbc755962822643b0e7750e0c	config/kafka03/server.properties
minhhungit/kafka-kraft-cluster-docker-compose	9e62d113418aa00dbc755962822643b0e7750e0c	config/kafka01/server.properties
tapunict/tap2023	3bd20ac0de22fe5f5010bbf59a679136b244b294	kafka/conf/kraft/controller.properties
santiroldan/kafka-microservices	e06333a5cad55c64225946044bf42f21429addcb	server.properties
metersphere/metersphere-standalone	88f361ddfcd609654d535923fe6fe1ed6d234c46	mount/conf/kafka/config/server.properties
ska-telescope/ska-pss-supplementary-code	c2418f36b0bd954ac7eab9f93ebaab7a93a6218f	kafka/infra/kraft.properties
4thel00z/slurp	c2b65c5d1ce039c9b6d4021d7c3f61d25314c782	infra/kraft-single.properties
BIT-Mavericks/Kubernetes_cluster_anomaly_remediation	0f46c5b3cfb034efdbd9818a99822ae8f538ccc1	src/server.properties
corda/corda-dev-prereqs	f9d1b9c36a1465cec9040274093e506bd39515e8	charts/corda-dev-prereqs/kafka-config/server.properties
caiotheodoro/reconforge	a6928bda90c090ca84258f5922879a2da5c65cb2	system/kafka/server.properties
FabienTremblay/jeu-cabinet	d2525c6258f54af216e35b807fdf910acc4e53e6	docker/kafka/server.properties
blackshieldpt/hardened-images	fdcdc3656f18ea5e4b86a6a630d1e00a9047dc79	images/kafka/server.properties
grafbase/extensions	ab190f67fcdba7d4acd4490a2b773c989fee4265	docker/kafka/kraft-configs/kafka-unified.properties
openeuler-mirror/openeuler-docker-images	69743118df8a46fcb78dc01accbad6acc4966a92	Bigdata/kafka/4.0.0/24.03-lts-sp1/server.properties
openeuler-mirror/openeuler-docker-images	69743118df8a46fcb78dc01accbad6acc4966a92	Bigdata/kafka/4.1.0/24.03-lts-sp4/server.properties
aditya-sridhar/kafka-kraft-demo	9480d33b2fba8811fa366022dee29bf5ad07c00e	server2.properties
aditya-sridhar/kafka-kraft-demo	9480d33b2fba8811fa366022dee29bf5ad07c00e	server3.properties
aditya-sridhar/kafka-kraft-demo	9480d33b2fba8811fa366022dee29bf5ad07c00e	server1.properties
AutoMQ/kafka-provider-comparison	b9604538477b6066a513701d3c46662a65c35f7c	driver-kafka/deploy/aws-cn/templates/broker.properties
travisdesell/ngafid2.0	4607a5f0c3a3d95ab006aaca092ee25fd7aed4da	resources/reconfig-server.properties
pimeys/kafka-rust-bootstrap	cd9d8d0eeeb6a68e8ea3ab25dbc135b72f1f72f1	kraft-configs/kafka-unified.properties
MohdAsif-AIML25/smart_drug_interactions	024fcab28b8323bfe5d215565d99638800eccecd	kafka/kafka.properties
confluentinc/confluent-kafka-go	f3e08ba29cccd8aeab26a593b70de41f1ce6847e	kafka/integration/testresources/kraft/server.properties
IndustryFusion/DigitalTwin	d1af7417624179a8b2ede883088bf1a44aa6f6b9	semantic-model/shacl2flink/bug-reports/flink-2.1-topn-lost-retraction/server.properties
tapunict/tap2024	edc4e08cc85462cde3d2c868511805bac03c4d36	kafka/conf/kraft/broker.properties
tapunict/tap2024	edc4e08cc85462cde3d2c868511805bac03c4d36	kafka/conf/kraft/server.properties
tapunict/tap2024	edc4e08cc85462cde3d2c868511805bac03c4d36	kafka/conf/kraft/controller.properties
AlekseiRiabinin/azure_etl	e19919416bd4af08a40cf115298b48f1529873ff	server-1.properties
AutoMQ/openmessaging-benchmark	3548dda5f9238ce1971b8d7ed3d0d00a3df9673b	driver-kafka/deploy/ssd-kraft-deployment/templates/broker.properties
CN-annotation-team/kafka3.3-chinese-annotated	e3f89542471919fbe80b1f4109eea0059f766fda	config/kraft/broker.properties
merdassi-yassine/tp2_fastapi_kafka	a6077adae72761dbf2a0a26be515a778a00dccac	kafka_local/server-tp2.properties
pinfixalesha/yaBank	548b2d4227d2edb7218baf84926e64c62cc4960c	kafka/server.properties
AdithyaP7/QuantStream	74e1fd1755bc0b58cbcd105042ccf64a8650af22	kafka_2.13-3.9.0/config/kraft/controller.properties
Woun-dex/Real-Time_Ride_Sharing	813bd049f81758a7decff64f065d70218f1203a2	config/broker3.properties
diofthecr3ed/EdgeDevices-Realtime-DataPipeline-Security-Orchestration-analytics-Processing	13ffafdee74cf83b0a96a7bd31f232872735d1ce	config/kraft/ssl/server-1.properties
SSCT-Lab/Redit-Benchmark	b1bfe9d9ab00bf6a0cba207fa8451add97768314	Redit-Kafka-13996/conf/server1/server.properties
jays-codes/event-driven-microservices-kafka	67f751af45b182fd5446bc224e525a96e040c2cc	kafka-setup/compose/props/server.properties
Appointat/AgentSched	7e14173ae6ddce895772a54a99f33021a6c8029c	agentsched/kafka_server/set_up/config/kraft/controller.properties
EimySenrioth/learning_kafka	9393810fbf33293821c45627edb308cac17510fb	server.properties
xhfabn/seekFlux	86593baaa274719b4ac8d670489d82f8c6fa89ce	deploy/local/config/kafka.generated.properties
d-iii-s/teaching-middleware	22cba3c943093e8e98f4ee30355bf9f8d10f85b6	src/kafka-configuration/server-1.properties
AbdelhamidSaidi/IoT-sensors-streaming-pipeline	1c8fdf433581fca4916f522159cbad9e529c9e01	docker/kafka-config/server.properties
khaiphan29/LogPulse	0635f5ca4eea41de8771b9b90b0f340f40c9747b	configs/kafka/broker1.properties
Dansarasix-DML/Proyecto-final-Big-Data	b4e6e40f1a3eee7d9dd2940968eef7b3369d4df9	files/broker2.properties
vincentspereira/Algorithmic-Trading-System	75128545c101c581cb6358cfeb80e2fb05a0439d	forks/tier1/kafka/config/controller.properties
vakaheydev/gravitee-vulnerability-fix	c50c4c85462938597c510ad107c8ee621d11adcc	docker/quick-setup/native-kafka/.config/server.properties
Klossek02/Big-Data-Analytics	252bd722e62b8ef8c01e0a391e61e86d29993eb2	configs/kafka/broker.properties
shahramBarai/SPINE	98ec78b4a9ad153e302d2f235978ccb8455392ec	modules/messaging/kafka/configs/dev/server.properties
Platformatory/cp-sandbox	becbf5aba31b41fc01794f3c3164d4d0c31b2323	kafka1/kraft/server.properties
cica34/Distributed-Information-Release-Notifying-System	deff1c74dc4be05d99189d1fab23a513b78464d5	BrokerNode/config/kraft/server.properties
Vinoth-Cursos/reactive-redis	29c3d21ca3be53d9e8f5672adb18178ac0b4c605	01-workspace/03-kafka-cluster/props/s2.properties
Vinoth-Cursos/reactive-redis	29c3d21ca3be53d9e8f5672adb18178ac0b4c605	01-workspace/03-kafka-cluster/props/s3.properties
amit96java/kafka-java	eb57fbcc810cc5cc7f1b2177d5ea3065911b6f3d	01-workspace/03-kafka-cluster/props/s2.properties
amit96java/kafka-java	eb57fbcc810cc5cc7f1b2177d5ea3065911b6f3d	01-workspace/03-kafka-cluster/props/s3.properties
Klossek02/Big-Data-Analytics	252bd722e62b8ef8c01e0a391e61e86d29993eb2	configs/kafka/server.properties
Datata1/eCommerce-sample-project	bb9d117a1da5c0bffafd1787caef44573e7ffc82	kafka-config/server.properties
ljqjam/kafka-read	cfac2db5c9e8b19942190c733f5979abe67606b8	config/self-managed/broker.properties
ljqjam/kafka-read	cfac2db5c9e8b19942190c733f5979abe67606b8	config/self-managed/server.properties
nickcacci/hypermeme	36e1ce0ff59af3a776fabb202a698aaadae329a4	kafka/conf/kraft/broker.properties
Dacker15/italian-covid-stats	437a27b11fe5f473909bfb9c0466a2dd85cd2cd4	kafka/conf/kraft/broker.properties
giuseppe-coco/ECOS	ea46a21dfd1dce9759a1b069a5ae7f040fee1bd1	kafka/conf/kraft/broker.properties
anisaaqothrunnada24/SebarHarapan.id	f421f717ec58f1b991aabe2eac904ca46235ad51	kafka_2.12-3.9.1/config/kraft/controller.properties
Platformatory/cp-sandbox	becbf5aba31b41fc01794f3c3164d4d0c31b2323	kafka1/kraft/controller.properties
TIBCOSoftware/ftl-fsk-tools	355a4b3392e1ada4d39affcb61395cd03345a08c	tibfsk/importconfig/examples/13-3broker-dr/server-2.properties
nickcacci/hypermeme	36e1ce0ff59af3a776fabb202a698aaadae329a4	kafka/conf/kraft/server.properties
Platformatory/cp-sandbox	becbf5aba31b41fc01794f3c3164d4d0c31b2323	zookeeper2/kraft/broker.properties
giuseppe-coco/ECOS	ea46a21dfd1dce9759a1b069a5ae7f040fee1bd1	kafka/conf/kraft/server.properties
gseneviratne/AmazonReviews	9f93a3e839f7a7dbbbe877c00f66c4161c0457d8	kafka/conf/kraft/server.properties
cploutarchou/kafka-stack	2e04a72bec6c9d742431c11dc0c076bbcb360c01	config/kafka02/server.properties
siddharth-nandagopal/kafka-kraft-cluster	036dda3f1b3af2b664d85134f25b68869579254e	config/kafka02/server.properties
duyhenryer/kafka-kraft-cluster	28e8ddad6b0d28e90b9cdc8f2000c62d96db6b9e	config/kafka02/server.properties
cploutarchou/kafka-stack	2e04a72bec6c9d742431c11dc0c076bbcb360c01	config/kafka03/server.properties
siddharth-nandagopal/kafka-kraft-cluster	036dda3f1b3af2b664d85134f25b68869579254e	config/kafka03/server.properties
duyhenryer/kafka-kraft-cluster	28e8ddad6b0d28e90b9cdc8f2000c62d96db6b9e	config/kafka03/server.properties
cploutarchou/kafka-stack	2e04a72bec6c9d742431c11dc0c076bbcb360c01	config/kafka01/server.properties
siddharth-nandagopal/kafka-kraft-cluster	036dda3f1b3af2b664d85134f25b68869579254e	config/kafka01/server.properties
duyhenryer/kafka-kraft-cluster	28e8ddad6b0d28e90b9cdc8f2000c62d96db6b9e	config/kafka01/server.properties
orbisfelis/kafka.kraft.3node	af2df5710d76869ec8b83395ed65c2746ee3361e	config/kafka01/server.properties
nickcacci/hypermeme	36e1ce0ff59af3a776fabb202a698aaadae329a4	kafka/conf/kraft/controller.properties
Dacker15/italian-covid-stats	437a27b11fe5f473909bfb9c0466a2dd85cd2cd4	kafka/conf/kraft/controller.properties
giuseppe-coco/ECOS	ea46a21dfd1dce9759a1b069a5ae7f040fee1bd1	kafka/conf/kraft/controller.properties
vibhuagwl/vibhu-tech-blog	78d5f685484c43c50d0efd11dac499a8bf9044a6	secure-kafka/docker/kafka/server.properties
queen-mq/queen	44070e73bf6279d27484fea9b804b993473dd07e	benchmark-queen/2026-09-30-kafka-pulsar/runs/kafka/1x200-600k/brokers/n1/server.properties
ljqjam/kafka-read	cfac2db5c9e8b19942190c733f5979abe67606b8	config/self-managed/controller.properties
queen-mq/queen	44070e73bf6279d27484fea9b804b993473dd07e	benchmark-queen/2026-09-30-kafka-pulsar/runs/kafka/1x200-4000k/brokers/n3/server.properties
TIBCOSoftware/ftl-fsk-tools	355a4b3392e1ada4d39affcb61395cd03345a08c	tibfsk/importconfig/examples/11-9broker-scale/server-2.properties
vedant115/realtime-tb-detection-cep	ca4e748cb46846de60af43318db743223a15ac4c	kafka/config/kraft/server.properties
queen-mq/queen	44070e73bf6279d27484fea9b804b993473dd07e	benchmark-queen/2026-09-30-kafka-pulsar/runs/kafka/10x10000-1000k/brokers/n2/server.properties
willsc/kafka-poc	20a01350f7dbb2323184992632862c4dc5f4d48d	Cluster-and-Monitoring/kafka-prod/config/kafka-1.properties
glepetic/rp-course-kafka	89f2efcf828b35fa81fcb48a1d5ee0d0f82c064b	01-workspace/03-kafka-cluster/props/s2.properties
glepetic/rp-course-kafka	89f2efcf828b35fa81fcb48a1d5ee0d0f82c064b	01-workspace/03-kafka-cluster/props/s3.properties
nagcloudlab/kkc	9723c2b05df2229d90a85cb092e7858d1cdb8748	kraft-kafka/kafka-server-203.properties
tanvo-0574/weather-forecast-site	964344bb125945e9a5b0be662a77ee4a041029c7	kafka/kafExd/config/kraft/broker.properties
naimkatiman/FullstackBootcamp	e154bc360a0ceb75c4fa031190940d004390ac25	Apache Kafka/kafka_2.13-3.7.0/config/kraft/server.properties
queen-mq/queen	44070e73bf6279d27484fea9b804b993473dd07e	benchmark-queen/2026-09-30-kafka-pulsar/runs/queen-kafka/c3-1x200-600k/brokers/n3/server.properties
akridaus277/dealls-case-study	ae423a482f7354c7aa2bae96714fd3ad63ea41d0	kafka-service/config/kraft/server.properties
queen-mq/queen	44070e73bf6279d27484fea9b804b993473dd07e	benchmark-queen/2026-09-30-kafka-pulsar/runs/queen-kafka/c3-1x200-2000k/brokers/n1/server.properties
BOURGUI07/advanced-kafka	3c8bb51cfecb302890cdfd3a49c7d675d0913f8f	kafka-setup/compose/props/server.properties
ism-at/Kafka-Microservices	696ef9b523673ad7031a2d42ba03e5d849016ecc	kafka_2.13-3.2.1/config/kraft/server.properties
queen-mq/queen	44070e73bf6279d27484fea9b804b993473dd07e	benchmark-queen/2026-09-30-kafka-pulsar/runs/kafka-v1-fetchers4/1x10000-1000k/brokers/n2/server.properties
MauroMottet/tp-monitores-red	a7c1b77950c48531afc9a1061cca2072ce43fa6b	KafkaBack/kafka_2.13-4.1.0/config/broker.properties
nagcloudlab/confluent-kafka	d2f606a659a042e1fa2d2bfa5ca646521321dbd8	kafka_2.13-3.7.0/config/kraft/server2.properties
lhfei/cloud-doc	0ee622f5a0498c4bd605d0598576b0961dffac27	Confluent/Manual/confluent-7.1.2/etc/kafka/kraft/server.properties
Omprakash143om/apache_kafka_practise	5076564b80e86958d8b0cdad58d14b70d448a71f	kafka_2.13-3.9.1_Copy/config/kraft/server.properties
bastianxux/DCS	929d0185a749ee3a332d2e6d7123daedecd1fe63	Kafkapro/kafka_2.12-3.9.0/config/kraft/broker.properties
cojuny/apt-pdf	98cf70742573d81186eaf6ed2800e7731993fd21	src/main/resources/kafka/config/kraft/server.properties
cojuny/apt-pdf	98cf70742573d81186eaf6ed2800e7731993fd21	src/main/resources/kafka/config/kraft/controller.properties
erosons/my_sandbox_new	e56f0916af21dfc659b24a099d9253bfbaa954c9	Kafka-Stream/kafka_2.13-3.3.1/config/kraft/broker.properties
kriesnawanh98/data_engineering	a6f33f3c3e38f9979ef6fb71b20e73ec9e7348e5	apache_kafka/kafka_2.13-3.3.1/config/kraft/broker.properties
tandat8896/standard-medallion-apache-ecosystem-on-nix	9b671f3dd6b4b7e2d73e2d37142ce4e6e720eec5	ETL/infrastructure/.config/server-2.properties
dthibau/springkafka-solutions	34a38baa7b143898f2600cb3ba1194fc48d1e707	kafka-cluster/broker-1/server.properties
antonputra/tutorials	ba681efc76424e15eb143e8b81f70603331f548b	lessons/218/kafka.properties
gravitee-io/gravitee-api-management	b2a7226d096edd70b235e9a1f25a36211f16eb81	docker/quick-setup/kafka-console/.config/server.properties
tenstorrent/tt-inference-server	68f1aa795f28d29b70761765d40b27b92c619d62	tt-media-server/cpp_server/scripts/kafka-server.properties
apache/kafka-merge-queue-sandbox	27183691c299612a6f3d50a858def019fad3cbbe	config/server.properties
dimaliv/kafka-docker-image	0ed06fbb512b075d1feb9b5b84cab13fa9c8f443	src/config/server.properties
Mikysama/hmdp-plus	5bb4de7b8b424e21d76360b2796dfbac0dfafb81	deploy/kafka-server.properties
babo99con/kafka-basic-setup	46403fec7fad5b59f76c6708c7e34c980e32bf97	config/server.properties
AutoMQ/kafka-provider-comparison	b9604538477b6066a513701d3c46662a65c35f7c	driver-kafka/deploy/ssd-kraft-deployment/templates/broker.properties
dubter/rooms	f2840008f7821e6af200e290a017b554a7262480	config/kafka/kafka-1/server.properties
rgu-labs/term5-distributed-systems	4270ef32f953cd8fbe51a02a24ad77769d4cc6ff	lab-3/kafka/server.properties
brunomourasoares/Send-Email	1a8f8e33bd7fd72b7d4b45c3e37653f4bee64c73	docker/kafka/server.properties
ndashijanvier/fraud-pulse	5e4cc913e4667c666b58e61b5a00538e17e5729c	kafka-local/broker-2.properties
sahilparekh08/Kafka-Streams-App	742b4662792cb6e95abf11b59fd03da47fe1dfbe	config/kraft/broker.3.properties
SSCT-Lab/Redit-Benchmark	b1bfe9d9ab00bf6a0cba207fa8451add97768314	Redit-Kafka-13909/conf/server3/server.properties
ESeokhwan/kafka-boost-backup	1bba87cc12f7aeeb90807cfaa1561e39c5fdaf4c	config/kraft/broker.properties
juny9610/kafka	791363f2ee2c525bd3d4bd8e9f25a6ea08c01a92	config/kraft/broker.properties
rutvijmehta-harness/kafka-gep	caf9b1b56b5c28610c967ab61fdbd3b384589825	config/kraft/broker.properties
rutvijmehta-harness/kafka-build-cache	5dc24ed88f697056d022cfb096bed86c6986eb63	config/kraft/broker.properties
ep-infosec/33_apache_kafka	62be197a071e5f53774f9487d9786e9df608057a	config/kraft/broker.properties
Loi-ND/kafka-setup	f6c46c469d3d7be9a34d45d868fcb7701a9f64f6	config/server-1/controller.properties
TIBCOSoftware/ftl-fsk-tools	355a4b3392e1ada4d39affcb61395cd03345a08c	tibfsk/importdata/demo/kraft/server-3.properties
martaalopez/ProyectoFinalBDA	1b894f1343a51186265014370149624e227e359e	Proyecto/config/controller1.properties
Jagjot9800/intelligent-industry-os	5e5a01c76d1b93dc64b75adf04f5b39baa58644d	config/kafka/acceptance-server.properties
darioMacchi/automatic-vehicle-monitoring	617ab659c8e398f29e0c79fac7c5aceffc97db97	config/server-2.properties
darioMacchi/automatic-vehicle-monitoring	617ab659c8e398f29e0c79fac7c5aceffc97db97	config/server-3.properties
KScaesar/container	34854a905cfa0fbe95784c70637e43b1b7978559	kafka/config/server0.properties
Kiltakaro/Discord_Scala	2ef3ea303c565b922283b77d48c0b1f0c732ec16	kafka_2.13-3.9.0/config/kraft/controller.properties
Kekuolis/seb	09e25a57cb618eb8785a34635c56b5b20e299c04	kafka_2.13-3.9.0/config/kraft/controller.properties
hassansajid8/poll-api	fd79d8efcd6e24098a5e276ee5e6d26990a1147f	kafka_2.13-3.9.0/config/kraft/controller.properties
waitspring/evening-tavern	d3f24270e826a0032de7a7f739b5a70eb101dbc1	Kafka/Template/configure/kraft/server.properties
alvin-qh/study-devops	0277c087707f01b8a10ea5e7095fe6e4fd178d6e	kafka/docker/standalone/conf/server.properties
cica34/Distributed-Information-Release-Notifying-System	deff1c74dc4be05d99189d1fab23a513b78464d5	ControllerNode/config/kraft/server3.properties
TIBCOSoftware/ftl-fsk-tools	355a4b3392e1ada4d39affcb61395cd03345a08c	tibfsk/importconfig/examples/11-9broker-scale/server-8.properties
TIBCOSoftware/ftl-fsk-tools	355a4b3392e1ada4d39affcb61395cd03345a08c	tibfsk/importconfig/examples/11-9broker-scale/server-5.properties
leyle/database-docker-compose	bde9625ecbeb8796af240bd022e2395af87008b0	kafka/local-bin-cluster/s3.properties
alexandergillon/streamlet	71ab9f82529201ffaea1d41e5734606aa8bd7e8d	docker/kafka/kafka/config/kraft/server.properties
aurelien-vilminot/ENSIMAG_PROJET_SDTD_3A	ce92b2e130ea7422305357bb0d0c612efdbf7e4e	dev/kafka/config/kraft/broker.properties
nagcloudlab/kafka-administration	1e6e02bf37ecb4b50b77132bf38ebbfa31cc403d	kafka-admin/workshop9/config/kraft/controller3.properties
alexandergillon/streamlet	71ab9f82529201ffaea1d41e5734606aa8bd7e8d	docker/kafka/kafka/config/kraft/controller.properties
HoangNhu01/Kafka	66dffac38c0b0dbb20b2c7845b420d4ea35662f1	native/apache-kafka-native-systemd/config/server.properties
gseneviratne/AmazonReviews	9f93a3e839f7a7dbbbe877c00f66c4161c0457d8	kubernetes/kafka/conf/kraft/server.properties
zhouhuajian-course/kafka-source-code-analysis	fd66041b99210cc92b339fbaa6eeee0d131c1be5	kafka-3.6.1-src/config/kraft/server.properties
kazimovzaman2/kafka-implementation	c8c6a627b1078eae13e0e0076b70f63f340d76dc	kafka-cluster/config/kafka2/server.properties
ops-dshiv/task_no3	a07a1b27604f9931b0106d07ae4e7d84875e6e9c	kafka1/kraft/server.properties
nagcloudlab/kafka-batch4	41e27d9af7346743e772d7d7ed86904eeb5a94ed	kafka-redis-demo/kafka-config/kraft/server-103.properties
ops-dshiv/task_no3	a07a1b27604f9931b0106d07ae4e7d84875e6e9c	kafka1/kraft/controller.properties
ops-dshiv/task_no3	a07a1b27604f9931b0106d07ae4e7d84875e6e9c	zookeeper2/kraft/broker.properties
Douglas0207/Digital_Nurture_4.0_DotNetFSE	8caf0cabf1ea9e818b5c43f05e2def39a6981018	kafka-Handson/config/kraft/controller.properties
PINetDalhousie/amnis-data-sync	f5dd339ccba451958aecd181fa1abea8760dc946	kafka-3.2.0/config/kraft/controller.properties
PacktPublishing/Data-Engineering-Vol2-AWS-Data-Processing---Spark-Kafka	5068120ffa90cc85b8e9efb91db2da652e3135ac	kafka_2.12-2.8.1/config/kraft/broker.properties
airusong/kafka	28d68a845c6c3cdfa150f47df0af1462c220464f	kafka_2.13-3.9.0/config/kraft/controller.properties
nagcloudlab/devops-with-kck	f66dd549a9ecc0b3cf8ac81a25f358605518ac36	5-play-with-kafka/kraft/kraft-broker-203.properties
Omprakash143om/apache_kafka_practise	5076564b80e86958d8b0cdad58d14b70d448a71f	kafka_2.13-3.9.1_Copy/config/kraft/reconfig-server.properties
zscoders/kafka-spring-app	6d2d93e7313cfe6016e105fdcd2667c37e52c212	kafkaBroker/config/kraft/broker.properties
Nocnava/FYP	344b764f4783bf1875f0c50ef64bea162c970973	Rohans-Research/kafka_2.13-3.6.0/config/kraft/broker.properties
minho00123/sw-professional-training	58984bffa6e7453d5f1fe496e68450265ca26758	data/kafka/config/kraft/server.properties
g33kdpr1nc3/g33kd-m4c-l0c4l	1d0a61b71387f09a676f87962be24152004551c6	Kafka_v3.0.2/config/kraft/controller.properties
StefanPitur/experiments-kafka	292eddebf5248fe91ed3a9331946ec658f93964c	experiments/low_latency_pipeline/p1/exp-2a/broker1.properties
StefanPitur/experiments-kafka	292eddebf5248fe91ed3a9331946ec658f93964c	experiments/low_latency_pipeline/p1/exp-2a/broker3.properties
Nocnava/FYP	344b764f4783bf1875f0c50ef64bea162c970973	Rohans-Research/kafka_2.13-3.6.0/config/kraft/server.properties
nagcloudlab/sapient-blr-batch	b5918fc5b3040e0118307425e6d74d6c4b8b9b47	06-Microservices/ftgo/kafka_2.13-3.9.2/config/kraft/controller.properties
StefanPitur/experiments-kafka	292eddebf5248fe91ed3a9331946ec658f93964c	experiments/low_latency_pipeline/p1/exp-2b/broker1.properties
jerinsam/kafka-learn-hands-on	f437b632f806f12df6ab3dd9fc7709b731edf061	install_and_config/3-install-kafka-on-windows/kafka/config/kraft/controller.properties
Rafavermar/Scala-Spark-Insights	1c5f5af6124e210ef1882674293d275b15ffa6f6	src/main/scala/week3/kafka/oss/kafka_2.13-3.7.0/config/kraft/broker.properties
ssamparn/kafka-event-streaming	c8bcf1fbcb2d42305aaba3f08c9a61a5e61d2cb6	kafka-streams-playground/workspace/kafka-cluster/props/s2.properties
nvthong2303/self-encyclopedia	f02a323178f85c19a96c75847614cbb9cc5d550f	Docker/Kafka/research-outdated/SASL/server.properties
KritAsawaniramol/gokafka	2c38759db1577a11910c6f6e108701a4bea7e34d	server/kafka_2.13-3.8.0/config/kraft/server.properties
VELANDHANANJAYAN/digital-nurture-dot-net	1a0d74c125787aa90b490a7af48ee5df3f867692	WEEK 5/kafka_2.13-3.6.2/config/kraft/controller.properties
Monyjenni/AquaGreen	6174c9dd7d92dbd19524b77ff4d6b8e3e92ab453	Data-Warehouse/Zookeeper/Kafka/kafka_2.13-3.9.0/config/kraft/broker.properties
abxda/kafka-spark-vagrant	f87fb5aa05b46c0a5c99785d6ee6bf17ce4c7347	kafka/kafka_2.12-2.8.1/config/kraft/server.properties
ahajiyev628/data-engineering-bootcamp	323dea0fcc66777fe588ff359ceb54cd26d99b18	week7/00_spark_kafka_postgres_minio_docker_compose/kafka/config/server.properties
BongHoLee/cdc-training	09de1b93ba4a152d9011044012cf8d1cb2bcf97c	docker-resources/kafka-cluster/kafka-mount/kafka02/config/kraft/controller.properties
VikasSingh789/Technical-Documents	46f9b972e07f2183d0bd05383134cfa0ab962ae1	Projects/Kafka_Setup-Config/kafka_2.13-3.9.0/config/kraft/reconfig-server.properties
svilkata/SoftUni-works	d97d3d7e0ca8d331384601add8bd4cb800ecd443	01-JAVA/Threads aware/kafka-streams-javaland-main/docker-kafka-kraft/configs/server.properties
aaronKolins/data-pipeline-migration	6938012e564d1c397028c74b6d6f08caae15cded	network_data_broker_function/kafka_broker_instance/kafka_2.13-3.9.0/config/kraft/server.properties
brunomourasoares/Send-Email	1a8f8e33bd7fd72b7d4b45c3e37653f4bee64c73	docker/kafka/server.test.properties
yudady/dockerfiles	fd0983d88d277042d10c2679e9cf75ff63f900e7	docker-test/neo-docker/kafka/conf/kraft/server.properties
jogrodnik/kafka	3e3600c5430bbde4ee3b71b9d49a3df74205283f	kafka-notes/dr_streach_confluent_ee/Final_TEST_Kafka_DR/linking_cluster/kafka-dr-poc/dc2/controller-2.properties
OrderLab/Anduril	5133b17c2f3be7caa5818ae06218eb5624af41de	systems/kafka-10340/bin/kafka-features.sh
OrderLab/Anduril	5133b17c2f3be7caa5818ae06218eb5624af41de	systems/kafka-12508/bin/kafka-features.sh
BKBASE-Plugin/kafka	56d9482462c2aa941b151015499fc59485fe7426	bin/kafka-features.sh
karamolegkos/EverAnalyzer	6afca20ccdd140fda0db7f30f7fec60592d3f14f	kafka_2.13-2.7.0/bin/kafka-features.sh
Tamizhanban11/ESTABLISHING-KAFKA-CONNECTION-USING-ZOOKEEPER	6c93ba8d9043d9bfe4b082cf1c4073c75496301a	kafka-features.sh
xiaozhiliaoo/mq-practice	8377d80cd97bc0acf9c468f838f253b90453b7da	kafka/src/main/resources/kafka-features.sh
Naoufal-Charafat/Kafka_drone-flight	8e09cd9e1bb55fdfeb6aab06e9baba7f01ebc4c5	kafka351/bin/kafka-features.sh
PINetDalhousie/amnis-data-sync	f5dd339ccba451958aecd181fa1abea8760dc946	kafka-3.2.0/bin/kafka-features.sh
thisara/myfleet-distributed-kafka	64513281062ba119302800fc5a3fa08612c0766d	kafka-mars/kafka_2.12-2.8.0/bin/kafka-features.sh
isc-krakshith/iris-kafka-docker	864594eb1bb6592b7f56a8e505d7e49d6e4ea893	kafka/kafka_2.13-3.0.1/bin/kafka-features.sh
Telefonica/alto-tid	e969b96a8231431d3c4720e0901c526bb6bd35e1	api/kafka_ale/bin/kafka-features.sh
JungwooSim/Inflearn-Spring-Cloud-MSA	a3049759b2f68aae78263840f937c048122a2adb	kafka_utils/kafka_2.13-3.0.0/bin/kafka-features.sh
murugesan-code/Kafka	bff20f42e7be766afbf3b93d9ee10454b2ed9207	kafka/bin/kafka-features.sh
Abdokacimi/Twitter_Streaming_Kafka_Spark	c2d96656aa865843f2a973d0a5544ae565b1e578	kafka_2.12-3.0.0/bin/kafka-features.sh
Coartix/INDE_Project	75c82cd3e8de86b7bbdb27efeef152f03bc55012	kafka_2.13-3.4.0/bin/kafka-features.sh
madhurjyasarma/weatherAPI-Kafka-cassandra-flask-project	342a0d5dba2b819ec201fc474e203d79f5c7fff9	kafka_2.13-3.3.1/bin/kafka-features.sh
PacktPublishing/Data-Engineering-Vol2-AWS-Data-Processing---Spark-Kafka	5068120ffa90cc85b8e9efb91db2da652e3135ac	kafka_2.12-2.8.1/bin/kafka-features.sh
alexandergillon/streamlet	71ab9f82529201ffaea1d41e5734606aa8bd7e8d	docker/kafka/kafka/bin/kafka-features.sh
aurelien-vilminot/ENSIMAG_PROJET_SDTD_3A	ce92b2e130ea7422305357bb0d0c612efdbf7e4e	dev/kafka/bin/kafka-features.sh
ifloor/KafkaRebalancingHelper	72d9740ab5ffd90b7530542f7b5e94e3dc4dec26	kafka-bin/bin/kafka-features.sh
NickEm/kafka-otel-propagator	796ac508352de4afef18431aaf81cf54d0756ca7	bin/kafka/bin/kafka-features.sh
pedromig/IS-Project	5ad0592182d8b3ffcaa240b5fccbd97f40865a00	src/Assignment-3/kafka-connect/bin/kafka-features.sh
lonen8188/Microservices-patterns	1d9372f1f9b5ed150fb61447ac16ac0e10c131df	etc/kafka_2.13-2.7.0/bin/kafka-features.sh
kavanLi/msb	28742ebe4dd710ccd81aab6c121fe59bbb63e146	middleware/MQ/kafka/kafka-3.3.1-src/bin/kafka-features.sh
g33kdpr1nc3/g33kd-m4c-l0c4l	1d0a61b71387f09a676f87962be24152004551c6	Kafka_v2.8.2/bin/kafka-features.sh
g33kdpr1nc3/g33kd-m4c-l0c4l	1d0a61b71387f09a676f87962be24152004551c6	Kafka_v3.0.2/bin/kafka-features.sh
rupeshtiwari/aws-cdk-poc	294f2ac410e38bd15791782249f85258cdd18511	assets/kafka2/bin/kafka-features.sh
pratkpranav/COL-733-Group-Project	aea25472f61e7a56685d533652c4814b4125b074	kafka-3.1.0-src/bin/kafka-features.sh
NikolinaTomic/Apache-Kafka	3a6ca40670992c92886f3c8cdfe48e8ac6df9670	kafka-3.4.0-src/bin/kafka-features.sh
blaze-b/kafka-tool	2937f6c4b67a24b091fd83dde74c917df5593b94	kafka_2.12-3.2.0/bin/kafka-features.sh
MORO-66t/BigData-RealTime-Streaming-Amazon-Product-Rating-Pipeline	a636c79890e77b620ebc7d2980abdc9a95d5a0ed	kafka_2.12-2.8.0/bin/kafka-features.sh
sanjaypatni/dist	c30ebd46a5304182c4963f41126b8982a6219bd7	kafka_2.13-3.1.0/bin/kafka-features.sh
justdoanything/PaymentApprovalServer	a43d6a3ddc43f9e45b9011e906a67a0823b0cb79	kafka_2.12-3.3.1/bin/kafka-features.sh
edulucca/study-kafka-spring-boot	6e81b6de341c78d8dddf74c1dfa12b0a5f5435df	kafka_2.13-3.5.1/bin/kafka-features.sh
locolin1204/Learning-Kafka	b69978751daa0fe79ff9ce2f4e7999122104d6e0	kafka_2.12-3.1.0/bin/kafka-features.sh
AshutoshGanguly123/MultiModelSentimentEval	f37ec0c46c6b7986c205e34f17c3529cbe85cd4c	kafka_2.12-3.5.1/bin/kafka-features.sh
ism-at/Kafka-Microservices	696ef9b523673ad7031a2d42ba03e5d849016ecc	kafka_2.13-3.2.1/bin/kafka-features.sh
syed-asif-mn/housing-price-prediction	2ebc01056b13c1a746824956cc9058f1af2b378f	kafka_2.13-2.8.2/bin/kafka-features.sh
afoone/kafka21feb22	aee4bb6e5b4b9aa0ede8213713eec65ca5609143	kafka_2.13-2.8.0/bin/kafka-features.sh
icarus8050/kafka_playground	5b8ea4bf2816ebbecef1f0957ab11cda033c0927	kafka_2.12-3.2.1/bin/kafka-features.sh
CarolFernandes7/Kafka-Data-Processing	b8e078d54c21f79e10a8426080dc526d1e54bb03	kafka_2.13-3.0.0/bin/kafka-features.sh
neresdev/nrs-notifier-api	3a924904686f1622927f90f8393e0bf763c94e9a	local-setup/kafka/bin/kafka-features.sh
SSCT-Lab/DisBurser_Dataset	7ed1f4b2572d44b2ad252587c9efa4ad2ed6e03e	Benchmark/Kafka/v2.8.0/kafka-2.8.0-src/bin/kafka-features.sh
SSCT-Lab/DisBurser_Dataset	7ed1f4b2572d44b2ad252587c9efa4ad2ed6e03e	Benchmark/Kafka/v3.2.0/kafka-3.2.0-src/bin/kafka-features.sh
SSCT-Lab/DisBurser_Dataset	7ed1f4b2572d44b2ad252587c9efa4ad2ed6e03e	Benchmark/Kafka/v3.0.0/kafka-3.0.0-src/bin/kafka-features.sh
pdev-gd/kafkaEdu	79a297792eb452eb08ebdd8db95ec3915524a8d7	kafka_client_2.8.2/bin/kafka-features.sh
Suvres/kafka_ask_app	8cb2e77444838b2df0428803a2db9f3710ff3dd1	client_docker/kafka/bin/kafka-features.sh
Suvres/kafka_ask_app	8cb2e77444838b2df0428803a2db9f3710ff3dd1	server_docker/kafka/bin/kafka-features.sh
sebaspasker/proyecto_SD	bd3f22b9fecbe6c9213c6f1817e4df5d7fcdb106	bin/kafka_2.12-3.3.1/bin/kafka-features.sh
gintatkinson/tfs-v7-golden	b40f297f03743b839b7c5257684f910ec9b46303	hackfest/kafka/kafka_2.13-2.8.0/bin/kafka-features.sh
DataCEVA-fall2024/data-ingestion	70d1dd10a269032254cc322136b267a3255418ed	data/kafka_2.13-3.5.0/bin/kafka-features.sh
locnd-172/IBM-Data-Engineer-Specialization-Coursera-Personal-Note-Public	5bddb1ef98ef1d40cc5f916069d12cd7182f2398	Course 08 - ETL and Data Pipelines with Shell, Airflow and Kafka/kafka-project/kafka_2.12-2.8.0/bin/kafka-features.sh
AlexanderKYu/Digital_Twin_Tag	840a613b2946462bce2ccf8bd665b8ed083385d2	deprecated-code/kafka/kafka_2.13-3.4.0/bin/kafka-features.sh
shashankp28/MyLocal	eab292192db276f925cb1cfdc45faac59307b86a	Kafka/kafka_2.13-3.1.0/bin/kafka-features.sh
ursuvladandrei/SoftwareProgramming	49f4be261a1904696b963e7a6f008390e8d7e5ab	Kafka/kafka_2.13-3.0.0/bin/kafka-features.sh
hkashyap0809/IAS-IOT-AVISHKAR-23	5dea20a301abadc2b5f89108beef4964e16d4009	kafka/kafka_2.13-3.4.0/bin/kafka-features.sh
notKamui/M2	eb67c2801b651a8c221afe6cc45fdcc0922f4bba	StreamProcessing/kafka/bin/kafka-features.sh
steanleo/fbid_practica_2021	0890e1506cc2783f052920825c0c54e8ce3d1473	kafka/kafka_2.12-3.0.0/bin/kafka-features.sh
ttus612/Project-Data-Pipeline-Streaming-Processing	6695b6757c770f9d4b2c020bd1b39d0879d6f5d9	Kafka/kafka_2.13-3.3.1/bin/kafka-features.sh
hauct/data_recruitment_pipelines	9729872be77f16d087532acd595360da46a84381	kafka/kafka_2.13-3.5.0/bin/kafka-features.sh
PacktPublishing/Data-Engineering-Vol2-AWS-Data-Processing---Spark-Kafka	5068120ffa90cc85b8e9efb91db2da652e3135ac	kafka_2.12-2.8.1/kafka_2.12-2.8.1/bin/kafka-features.sh
jinziniu/upisas-FAS	83f918f352b461ccd54def922523df3970f9215e	experiment-runner/kafka_2.13-3.2.0/bin/kafka-features.sh
cojuny/apt-pdf	98cf70742573d81186eaf6ed2800e7731993fd21	src/main/resources/kafka/bin/kafka-features.sh
yatinbindra/notejam	bed382c18a3187081727edb9ae53702eda852516	Desktop/kafka_2.13-3.5.0/bin/kafka-features.sh
lsa50-ua/AgainstAll_SD	a60c5f2a93c58bbfe85c47201647f2ac81b0d09f	Kafka/bin/kafka-features.sh
bryan-ilman-on-github/kafka-part-exp	745abde33a25cbf6be93eb87990f6d26efa1e97c	kafka-hdd/kafka_2.13-3.4.1/bin/kafka-features.sh
pasha-ran/kafka-and-rust-tutorials	a82dd3ab6522da66bd0cc60ede1f516b8b925311	kafka-demo/kafka-3.4.0-src/bin/kafka-features.sh
Michellehlcn/running-kafka-kubectl	2e902ea48c985bf263feea61468103c422bb6cd5	kafka_/bin/kafka-features.sh
sarthakmittal92/cs387	afb80d6dc5765274a15f04e569365776892f5931	labs/lab07/kafka_2.13-3.4.0/bin/kafka-features.sh
erosons/my_sandbox_new	e56f0916af21dfc659b24a099d9253bfbaa954c9	Kafka-Stream/kafka_2.13-3.1.0/bin/kafka-features.sh
erosons/my_sandbox_new	e56f0916af21dfc659b24a099d9253bfbaa954c9	Kafka-Stream/kafka_2.13-3.3.1/bin/kafka-features.sh
kriesnawanh98/data_engineering	a6f33f3c3e38f9979ef6fb71b20e73ec9e7348e5	apache_kafka/kafka_2.13-3.3.1/bin/kafka-features.sh
ElenaKutanov/Udacity_DataEngineerForAIApplications	3557dec99b3ad64ceb2ef24ed97e78d57bac2fee	UdaConnect/modules/kafka_broker/bin/kafka-features.sh
Alexander671/filter_message	f9612e6d45f4ea66c12e743bb3818bd53f7f97fe	filter_message/kafka_2.13-3.1.1/bin/kafka-features.sh
zscoders/kafka-spring-app	6d2d93e7313cfe6016e105fdcd2667c37e52c212	kafkaBroker/bin/kafka-features.sh
ddung1203/TIL	8abdf037eeeac6e36188710c0f3cfb8e425fbff4	kafka_terraform/kafka_2.13-2.8.1/bin/kafka-features.sh
Jaehwany/Infra	fbf929d81a137c652ad8bbb0f60ea0a343ab943d	kafka/kafka-cli/kafka_2.12-3.3.1/bin/kafka-features.sh
abxda/kafka-spark-vagrant	f87fb5aa05b46c0a5c99785d6ee6bf17ce4c7347	kafka/kafka_2.12-2.8.1/bin/kafka-features.sh
ddung1203/TIL	8abdf037eeeac6e36188710c0f3cfb8e425fbff4	kafka_terraform_v2/kafka_2.13-2.8.1/bin/kafka-features.sh
devsoft1999/practice-java	3da9dc67d4d1094fafb70aea77502a582ac42317	apache-kafka/tools/kafka_2.12-2.8.0/bin/kafka-features.sh
mnmpk/change-stream	1da2bf947e55b9fef9cefccfd4493fa33dc6580d	kafka_2.13-3.2.3/bin/kafka-features.sh
VaraPrasadGudapati/Kafkarepo	0b731f67731ebfa1e90ff25f450755884dfe693c	kafka_2.13-3.2.0/bin/kafka-features.sh
TalkingFoxMid/kursovaya_kafka	27e8992fe92e44c4b3c60c102f22461d61f57382	kafkaScala/kafka/bin/kafka-features.sh
BenjaminRayner/Kafka-Test	31b823968a661ac26f5e2e9ec6b647d289420faa	kafka_2.12-2.8.2/bin/kafka-features.sh
guatom999/gokafka	a94d7bdeb3da77a49d6a9ef5ebfac16c17fb0c16	kafka_2.13-3.5.0/bin/kafka-features.sh
tanishkadhole/Reactive-Order-Tracker	155dc2806a56ce6b4b1cbfc38ee4819e1bf14239	kafka_2.13-3.4.1/bin/kafka-features.sh
sebaspasker/proyecto_SD	bd3f22b9fecbe6c9213c6f1817e4df5d7fcdb106	bin/kafka_2.12-3.3.1/kafka_2.12-3.3.1/bin/kafka-features.sh
alonsoir/alonsoir.github.io	0df076fca630823f12078e82eb83be1ae5659a53	kafka course Stephane/kafka_2.13-3.0.0/bin/kafka-features.sh
yatinbindra/notejam	bed382c18a3187081727edb9ae53702eda852516	Desktop/task1_Dataops/kafka_2.13-3.5.0/bin/kafka-features.sh
bori7/Kafka_consumer	b81c0b88ce02d5a2770161a188c86f94a37a1e0a	library-events-producer/kafka-3.2.0-src/bin/kafka-features.sh
Davidelvis/Real-time-data-ingestion-to-Databricks-Delta-Lake-with-Redpanda-Kafka-Connect-	35a401e99715043001a89f40e347908da571c5eb	pandabooks_integration/kafka_2.13-3.1.0/bin/kafka-features.sh
shaunryan/deng-101	907dcc19e3776c0968c713741049ec666591a28c	kafka/kafka_2.12-3.2.0/bin/kafka-features.sh
guatom999/gokafka	a94d7bdeb3da77a49d6a9ef5ebfac16c17fb0c16	server/kafka_2.13-3.5.0/bin/kafka-features.sh
YEASEUL-JANG/PracticeProject	6852208d86d57c88276bae5709070f9e4e81b49a	MSA-practice/kafka-demo/zookeeper_kafkaserver/bin/kafka-features.sh
kirobo77/cloudnative	ab3790818ca8c0730b5a286811b0d343fef92af8	old/infra/kafka_2.13-3.2.1/bin/kafka-features.sh
GNCIPL-PROJECT-2025/global_bene	36196837ef25b276c7ada5962f0cceccd1954e19	Data Analytics/Kafka/kafka/bin/kafka-features.sh
JValpuesta/FormacionBosonit	e821126bd30b99069713173ccc897ee14cb58e0a	block15-kafka/kafka_2.13-3.5.0/bin/kafka-features.sh
Artemproyd/unix	b1e606a924e508b7a57a13e246c840038183aba3	lab4/kafka_temp/kafka_2.13-2.8.1/bin/kafka-features.sh
soumitrav/kafka-session-all	b42609eabb6008845b05a474e114f52eb0cd51e3	kafka-3.0-kraft/kafka_2.13-3.0.0/bin/kafka-features.sh
NaniDaChaman/PA3_CC	018fc7ebd2e825a769854210176a825810d47a3f	kafka_2.13-2.8.0/kafka_2.13-2.8.0/bin/kafka-features.sh
ljqjam/kafka-read	cfac2db5c9e8b19942190c733f5979abe67606b8	bin/kafka-features.sh
AlwaysWillWJYY/kafka-2.7	154c2e07c54f58277dee2451b1165a60d647edc0	bin/kafka-features.sh
lukoou3/kafka-2.7-source	02f888f50578fa54615b5cb72f894aa596281cfc	bin/kafka-features.sh
Hongten/kafka-2.7.2_code_study	8018e3c6753acb5c60549b45d6fde7614fc62ff9	bin/kafka-features.sh
tiagopala/apache-kafka	0a9d3cbb802bc014bdb97bd4c5cd7d30cd27f5e6	kafka/bin/kafka-features.sh
efesefe/crypto_currency_predictor	4372e6daad80defeb5b965b7e4a5da9a04d28a19	kafka/bin/kafka-features.sh
ggoulartm/Mensageria	e022f21df4b567745b6a3c8eeb04fb532ce7dc1d	kafka/bin/kafka-features.sh
dimolinas/Visualizing-Live-Streaming-Data-with-Elixir-Kafka-and-Chart.js	9a7f9bab16c93ef0a554145321d93d8c63c5748f	kafka/bin/kafka-features.sh
6mini/sixat	42510b6daa3548d6a43de4cd953d8e4882354086	kafka_2.13-3.1.0/bin/kafka-features.sh
matheusschreiber/Starbucks-stocks	acfeb7e21adc1a1201a0a7217dcf96e735c38f0b	kafka_2.13-3.4.0/bin/kafka-features.sh
ratneshh0/Toll_Data_ETL_Pipeline	7629babab29492bd61a76aa7c0882aec31e2aa87	kafka_2.12-2.8.0/bin/kafka-features.sh
Piboonsak/AIA-Kafka-connect-cluster	ffd679c4fb5dc8188ed449c10f687699aec143fe	kafka_2.12-2.8.0/bin/kafka-features.sh
harsh0701Xd/Toll-Data-ETL-Pipeline-with-Apache-Airflow-and-Kafka	2c5bf7414af9b64334ea8a7b1603cf519966e5bc	kafka_2.12-2.8.0/bin/kafka-features.sh
briiidgehong/main-apache-kafka	503049d706209a2404e2236ab19529c609958e57	kafka_2.13-3.3.1/bin/kafka-features.sh
g-korkmaz/bigdata-project-chamson-korkmaz	bd779462c51cd39420fbb72f2d7bc5308880e010	kafka_2.13-3.3.1/bin/kafka-features.sh
simonmengong/traffic_sensor	76379515d79fb1dd1a3cc03020557537c23b56b6	kafka_2.13-3.3.1/bin/kafka-features.sh
rob2universe/camunda-demo-starter	da5263b1d3024c553d770b927e683ea8da5e8043	kafka_2.12-3.0.0/bin/kafka-features.sh
afoone/kafka21feb22	aee4bb6e5b4b9aa0ede8213713eec65ca5609143	kafka_2.13-3.1.0/bin/kafka-features.sh
aescobar-icc/base-apache-kafka	6b3fa025bc7aba26eca9dfeed5e02333cea2e2e2	kafka_2.13-3.1.0/bin/kafka-features.sh
tigerofmurder/apache_kafka	ba2323961caad9b80f10ee46257426ff99472ef4	kafka_2.13-2.8.0/bin/kafka-features.sh
KU-Taverse/kafka	66ad31e351a1c5b35e6386a50f0f3451332cf1aa	kafka_2.13-2.7.0/bin/kafka-features.sh
pravesh-77/kafka-app	cdcff7916cc50999ae0b922be42be126a03aff62	kafka_2.13-3.5.1/bin/kafka-features.sh
fiorotticaio/Starbucks-stocks	acfeb7e21adc1a1201a0a7217dcf96e735c38f0b	kafka_2.13-3.4.0/bin/kafka-features.sh
gintatkinson/xgai-cogctrl	bbd7c0fef88d0bd07250e071cc77e2a798a55b4b	hackfest/kafka/kafka_2.13-2.8.0/bin/kafka-features.sh
Udrasht/Distributed-IOT-Based-App-Deployment-Platform	3e6b599dc599d46f818ff9289694f12ac2f046c8	kafka/kafka_2.13-3.4.0/bin/kafka-features.sh
Seungu5/TIL	3297a3073bc1ac51d4fdcfc3a103ea41b4c5ecd6	kafka_terraform/kafka_2.13-2.8.1/bin/kafka-features.sh
Seungu5/TIL	3297a3073bc1ac51d4fdcfc3a103ea41b4c5ecd6	kafka_terraform_v2/kafka_2.13-2.8.1/bin/kafka-features.sh
Abhijeet2901/Library-KAFKA-SpringBoot-Project	f4df8be341602e3153e08448f23f40f39e0da41b	kafka_2.13-3.2.0/bin/kafka-features.sh
steveneal/cs-2022-us-3	6826302367ae7318531b94124af3faf70c93f91a	kafka_2.13-3.2.0/bin/kafka-features.sh
ShaikAdilAhamed/Ashokit	11d19c13de94fb69d81041f690f9a33417c35bf2	kafka_2.13-3.2.0/bin/kafka-features.sh
rChappidi10836/springdemos_p3	6320dd20153eef926e6cf4c0ddfef26ad74eaa3d	kafka_2.13-3.4.0/bin/kafka-features.sh
kimkimwonwon/STOSPY	2bf9e8652aa119bb1d1077c27cff24eb4e6f88d7	kafka_2.13-3.4.0/bin/kafka-features.sh
Iam-AyAn18/ShowCaseProjects	8cfc507d26b13287905b92fc597aca883e092a75	kafka_2.12-3.5.1/bin/kafka-features.sh
chammem/microservice_back	956a2231db642bea105b1c34d21d6fe7c2c6c096	kafka_2.13-2.8.0/bin/kafka-features.sh
lourencoguilherme/kafka-events-producer-consumer	7817595d1726018cc37deda47ce01451f0fc71e2	kafka_2.13-2.7.0/bin/kafka-features.sh
MuhammadAgungMahardhika/Web-mini-market	3f3aee8ae64a5754173baeb8fc99fc2e81bac8c7	kafka_2.13-3.5.1/bin/kafka-features.sh
renanrgarcia/kafka-dotnet	989a8591a7f9095203e722f337b39badd87a06dc	kafka_2.13-3.0.0/bin/kafka-features.sh
aymenebahous/GDM-KAFKA	db18477bae74dfbf96b8f3fc19fe5890705e1a8a	kafka_2.13-3.0.0/bin/kafka-features.sh
AnuchitO/kafka-commands	a68931a95380103f827515d9805b3fc5187e665b	kafka_2.13-3.0.0/bin/kafka-features.sh
Utkarsh769/Cognizant-Deepskilling-DotNetFSE-Solution	a108b9d14aff913605ebe79edaa0891891b852cb	Week_3_WebApi/Web_Api/6_WebApi_Handson/kafka_2.13-3.5.2/bin/kafka-features.sh
DanielVelarde/briefcase	a97fb6257a0b61c8d2cb60a22ac476db6d5d90de	IBM_Data_Eng/Apache_Airflow/apache_kafka/kafka_2.12-2.8.0/bin/kafka-features.sh
zainab-rahimi/IBM_Data_Eng	978e0fa37c8e28fecac51dc0c8d388352f19b324	Course_08_ETL_DataPipelines/apache_kafka/kafka_2.12-2.8.0/bin/kafka-features.sh
myhency/cloud-infra	1bdf0797458d3b498399a3f4c0e579dec39ae318	kafka_1/kafka-docker/kafka_2.13-2.7.0/bin/kafka-features.sh
jorgealmansa/TFM-Jorge	6a9e51659055173d8c93a3161ed0e71c83405643	FINAL/Cluster TFS/controller/hackfest/kafka/kafka_2.13-2.8.0/bin/kafka-features.sh
xiaotonz/cloud-computing-projects	90a6abc70899b8e8157f2d7b9fc6183aff493f4e	stream-processing-with-kafka-and-samza-project/P5 Task 1/kafka/bin/kafka-features.sh
amorim-dev/DSA_Data-Science-Course	d32c3b11839a280d49c051c1946b9f83de5be369	2.BigDataRealTime_Python_Spark/Ch15_Spark-Streaming_Part1/kafka_2.13-3.3.1/bin/kafka-features.sh
soumitrav/kafka-session-all	b42609eabb6008845b05a474e114f52eb0cd51e3	kafka-3.0-kraft/kraft-demo-kafka-binary/kafka_2.13-3.0.0/bin/kafka-features.sh
alyssonmontovanelli/formacao_dataScience_DSA	ed6271425a0e5a6479f58d72684405111ca817b2	01_bigData_RealTime_Python_Spark/cap15_Apache_Streaming_RealTime_1/kafka_2.13-3.5.1/bin/kafka-features.sh
youssefAshraf99/IBM-Data-Engineering	5f53b23be9c0b718ccfb1fdae4d0357c6a081395	Course 08 - ETL and Data Pipelines with Shell, Airflow and Kafka/kafka-project/kafka_2.12-2.8.0/bin/kafka-features.sh
bmscomp/kates	f8d5aa395b521defb9e046c29df6b191cf1c90f0	docs/book/23-legacy-source-migration.md
apache/kafka-merge-queue-sandbox	27183691c299612a6f3d50a858def019fad3cbbe	docs/upgrade.html
comute/kafkapmd	3a9777a667620c5f926176452744c751df4dac17	docs/upgrade.html
ESeokhwan/kafka-boost-backup	1bba87cc12f7aeeb90807cfaa1561e39c5fdaf4c	docs/upgrade.html
daeunohh/KAFKA-18635	349496746be2e9499ccc24efa9d1ca9e8838864c	docs/upgrade.html
SPLWare/esProc	a52b0c06fa65f35d0a914b4c4ff927f5ecced8cf	importlibs/kafkacli/kafka.properties
ucarGroup/DataLink	dd8d26aad4b74db2fdea874dab3b2d3b241070ea	dl-worker/dl-worker-core/src/main/filters/release.properties
apache/atlas	0f8dca5223486e796df2811f219658fff61bc4fd	dev-support/atlas-docker/config/atlas/hbase/atlas-application.properties
ucarGroup/DataLink	dd8d26aad4b74db2fdea874dab3b2d3b241070ea	dl-worker/dl-worker-core/src/main/resources/worker.properties
apache/atlas	0f8dca5223486e796df2811f219658fff61bc4fd	dev-support/atlas-docker/config/atlas/postgres/atlas-application.properties
apache/atlas	0f8dca5223486e796df2811f219658fff61bc4fd	distro/src/conf/atlas-application.properties
pinterest/secor	c276e7a874b167973f659b7ba1efe389be167bde	src/main/config/secor.common.properties
treasure-data/kafka-fluentd-consumer	e6b1520d100348ce1171ca9c490167a9c1c7971b	config/fluentd-consumer.properties
pinterest/secor	c276e7a874b167973f659b7ba1efe389be167bde	deploys/helm/secor/config/secor.kubernetes-prod.properties
amient/kafka-metrics	2f6107c062e6b5ec2bc3c12f9e82bcca9304a6fc	influxdb-loader/conf/local-topic.properties
dkhadoop/dk-fitting	a013826c1d8b44c2f516d819fee36841045a3392	stream/src/main/resources/consumer-hbase.properties
dkhadoop/dk-fitting	a013826c1d8b44c2f516d819fee36841045a3392	stream/src/main/resources/consumer-hdfs.properties
beyondj2ee/flumeng-kafka-plugin	8da945e2fd91b726768fcd6bce486568b822313a	flumeng-kafka-plugin/conf/flume-conf.properties
dkhadoop/dk-fitting	a013826c1d8b44c2f516d819fee36841045a3392	stream/src/main/resources/consumer-es.properties
metamx/rdi-client-java	d4e40ee5719eab0c18e53621997eebdd60fd607d	distribution/src/main/conf/rdi.properties
XuZhongCN/XuZhongCN.github.io	8e6c527065d5efeed489c5548d0175558bd1fbff	spark/05/kafka conf/consumer.properties
bhomass/marseille	533672c2eab7bc00e8acdd1ca0d42eb259908828	src/main/resources/app_config.properties
pndaproject/example-kafka-clients	1c2e8ea9f4516a4af36a7cfa1c0de34ab8d70eb6	java/config/consumer.properties
IBMStreams/benchmarks	48367192c30f6d3716a7b69464d60ee8d37484a4	StreamsLinearRoadBenchmark/etc/lr-consumer.properties
warlock-china/wisp	3c4b84a87cab2f5fdc875d9021aae13e06aae050	wisp-starter/profile/rd/kafka-example.properties
scm-spain/KafkaClientsModule	60d53b5071f794389683125cb3f69839f0783c30	src/ftest/resources/AppServerTest.properties
zqhxuyuan/flume-kafka-storm	af7349e252b44e8ab6cedc553495158ce8d597b8	target/classes/flume-conf.properties
ing-bank/rokku-dev-apache-atlas	bd9e8875553f301131447e73bf0ac3720e929abe	resources/atlas-application.properties
gschmutz/iot-vehicle-tracking-demo	0e37b5371da91780129873d60963fa8edc8d09b7	docker/conf/atlas/atlas-application.properties
ciena/afkak	4853c52f4da3586851dd580585277e79f1babc4d	servers/0.9.0.1/resources/kafka.properties
ciena/afkak	4853c52f4da3586851dd580585277e79f1babc4d	servers/0.8.2.2/resources/kafka.properties
jvovk/akka-spring-boot	d37cab2d938e80b967a0a265212e1fcab02f588c	src/main/resources/application.properties
ciena/afkak	4853c52f4da3586851dd580585277e79f1babc4d	servers/3.4.1/resources/kafka.properties
ciena/afkak	4853c52f4da3586851dd580585277e79f1babc4d	servers/1.1.1/resources/kafka.properties
ciena/afkak	4853c52f4da3586851dd580585277e79f1babc4d	servers/3.1.0/resources/kafka.properties
yifzhang/storm-miclog	48626bc65c9985defa01d1aeae5ec5734cb4489d	target/classes/132.properties
zqhxuyuan/flume-kafka-storm	af7349e252b44e8ab6cedc553495158ce8d597b8	src/main/resources/flume-conf.properties
NationalAssociationOfRealtors/block_r_provisioner	ce909101de37622be3b5c9ff52f464dafc708397	templates/zookeeper.properties
lucasmsp/docker-atlas	3b11dfe675e70a87140e2a402f269bff589552e7	atlas/resources/atlas-application.properties
yifzhang/storm-miclog	48626bc65c9985defa01d1aeae5ec5734cb4489d	src/main/resources/132.properties
yifzhang/storm-miclog	48626bc65c9985defa01d1aeae5ec5734cb4489d	src/main/resources/cloud.properties
o-ran-sc/nonrtric	ce813d2ebb725ccf31ea8eee6e9601e66f272261	docker-compose/mr/MsgRtrApi.properties
TrivadisPF/data-mesh-hackathon	0461e0ca6a4742e2eaafa6b91a99d413b0c6a881	infra/platys/conf/atlas/atlas-application.properties
wso2/carbon-mediation	211f0a6c1b04e24bbdd4660127d9901d5bacec91	components/mediation-ui/org.wso2.carbon.inbound.ui/src/main/resources/config/inbound.properties
TrivadisPF/platys-modern-data-platform	072291c558e1e1f9803abc532331475dc3f2ffa5	modern-data-platform-stack/static-data/conf/atlas/atlas-application.properties
zjpjohn/ELKAlertSystem	4feb0f0cc6048161a637e5e5a82579f4212c401e	src/main/resources-env/beta/kafka.properties
o-ran-sc/nonrtric	ce813d2ebb725ccf31ea8eee6e9601e66f272261	docker-compose/mr/mr/MsgRtrApi.properties
jorgeacf/dockerfiles	8aa48badee43138046aa9deba5e01f925f5f4f61	bigdata/poc/atlas/config/atlas-application.properties
zqhxuyuan/tutorials	72740ec130a15331b0b2428b9750099c47073052	big/src/main/resources/flume-conf.properties
bcgov/nifi-atlas	b79ba56a7b5cc013f535b9549ea2049cb3ec5ec5	nifi-cluster-docker/nifi-node/atlas-application.properties
gschmutz/various-demos	2e8833d127388371560a951052f59f8586744f2f	atlas/amundsen-atlas/conf/atlas-application.properties
TrivadisPF/data-mesh-hackathon	0461e0ca6a4742e2eaafa6b91a99d413b0c6a881	infra/platys-batch/conf/atlas/atlas-application.properties
hoatre/TPB	53a505460a1db05c3ad4f00ec8ef032eab7025f2	src/main/resources/conf.properties
hoatre/TPB	53a505460a1db05c3ad4f00ec8ef032eab7025f2	out/production/demo/conf.properties
TrivadisPF/data-mesh-hackathon	0461e0ca6a4742e2eaafa6b91a99d413b0c6a881	infra/platys-datahub/conf/atlas/atlas-application.properties
KoperGroup/koper	472be6909d4267663a8f873d6d500eb24847a580	koper-demo/src/main/resources/kafka/kafka-data-consumer.properties
gschmutz/kafka-workshop	09fed1b14b0d0ab5aca7ac437c0b8388e5b68527	01-environment/docker/conf/atlas/atlas-application.properties
smiecj/docker-centos	ff8d5a1d4857b15c3c642cd0443f6bc86c116ddc	Dockerfiles/emr/datalink/conf/worker_template.properties
redBorder/rb-reputation	ff98060e28d207e60fa43ecc3cc15f6f1fd0ec1b	resources/config/config.properties
iundarigun/kafka-series	dbaebc2b6d8debbb6872d61dc684882a8cc1db8e	kafka-mirroring/uReplicator/config/consumer.properties
yifzhang/storm-miclog	48626bc65c9985defa01d1aeae5ec5734cb4489d	target/classes/config.properties
moonnoon/dockerbigdata	7186b692b806bb2040a41b8374988014613af157	flume/conf/flume-conf.properties
oemdaro/mqtt-microservices	8f9fda8793e8cd8d19c69849090f32ff839f23b0	vagrant/server.properties
msk-mind/nifi	3cd0ebe90ec6b930cc92336bd265fc49032a4667	conf/atlas-application.properties
tonvanbart/kafka-connect-example	44b5135ce3028b3265acbb9dd71898a3429b93d7	broker/config/broker-1.properties
dengchanglu/kafka-elasticsearch	da77371203ac63c1e5e77a4060639ae1b7644aa2	src/main/resources/zookeeper.properties
yifzhang/storm-miclog	48626bc65c9985defa01d1aeae5ec5734cb4489d	src/main/resources/config.properties
malike/LambdaRT	2a0fa46eb3bfe4edee867f29f845163c65a02518	src/main/resources/application.properties
MOBX/kafkaLowLevelConsumer	8456ccdb3f35c3b9f87d133afad8104381d017eb	src/main/resources/kafka.properties
zanmato1984/atlas-hive-docker	1726040f71a426711acd5189d41a9aad04f7f4d8	conf/atlas-application.properties
tianfei1984/gps-app	1b97de5a721551c05f0b423fecc71036af1fea1c	gps_common/src/main/resources/kafka.properties
gridgentoo/uReplicatorUber	0e2c7559e88cd1c4ce623c079e0e14ef6246acd1	config/consumer.properties
gridgentoo/chaperone	86aed0710de6c32067e18fdd10180f21704e4323	config/consumer.properties
gridgentoo/uReplicator	f5f1fdceab20679d94d757c393ca4ced517cf184	config/consumer.properties
coderdream/materials	2937f6c300a20fa164d3779d0503331f9d48b36b	2019好程序员Spark教程/day13/conf/consumer.properties
eliaslevy/docker-kafka	6e8f043fd457fb8c1c88ad4ba87e4048f2fd1d9b	config/server.properties
luoyajun10/data-glue	645c9c3ea1030029bb1050c64d3503afc756a886	application.properties
qieangel2013/SqlReview	88b4daa9639a9b7c8d936b4ec25e1b1b77b2b963	kafka/vagrant/server.properties
lhfei/cloud-doc	0ee622f5a0498c4bd605d0598576b0961dffac27	Hadoop/155/kafka/config2/server.properties
gschmutz/kafka-as-your-datalake	7810f596b2e8c99a58b74882fb53508d1b4a6357	docker/conf/atlas/atlas-application.properties
fakeNetflix/uber-repo-chaperone	f739e8b652c51eeaea5d4fe1c662b92903f11ca0	config/consumer.properties
gridgentoo/Uber_uReplicator_Kafka	a2b88bc17044f5934e0e3fafe519f46802c7155a	config/consumer.properties
gridgentoo/ChaperoneUber	dafcf64890dbb38d72220d847d7bf363ac2281f4	config/consumer.properties
crazylab/atlas-model	9c34a95c191c8aa3ed8ed970f569561fbddb7ff4	src/resources/atlas-application.properties
deepin-community/golang-github-shopify-sarama	9352a2fb858f0b075764cdf40bfc6e1ea3073a3a	vagrant/server.properties
mohamedmahmoud7415369/ran-intelligence-platform	4f81ee911c407e8159211be4810d970698b7b30c	configs/kafka/kafka2.properties
o-ran-sc/oam	bfdfa323a20b82a2fa85ad5ff19f0be2a8f98228	solution/smo/common/messages/MsgRtrApi.properties
votrongnhank17/atlas-hive-docker	58b9cb4e4e05c9486283ec090c17c4afac819377	conf/atlas-application.properties
TrivadisPF/data-mesh-poc	faa3961b4df26f72c6c69cc0eccff7b09a638a79	docker/conf/atlas/atlas-application.properties
JohnReedLOL/full-stack-big-data	4d038ecf290091abbfb7088a5a2a7f6e2ce2ecc9	src/main/resources/consumer-defaults.properties
nd-team/goddess-java	a59cfa5326f01f09e43a69f90161cdc81f7d9fb4	modules/message/message-consumer/out/production/resources/kafka.properties
okon-emma/Lambda-Arch	e53352b01461f6422d08e6e9c46edf354310c165	src/main/resources/application.properties
proger/bigdata	86022be4c05cf62385fe4de496fd80873702fa6a	secor.properties
onap/archive-dcae-demo-startup-message-router	8265cf88bb628c0ec5d153a8819ee9c4ecda5679	docker_files/__MsgRtrApi.properties
hamdi-trikii/ansible-atlas-setup	7ac44ee95c7d42d8b5b3fcc792caed79cd96f805	files/atlas-application.properties
amit1sharma/kafka	3f0f211af890e88787a2c37514c00bc39a3c0997	consumer/src/main/resources/consumer.properties
fakeNetflix/Shopify-repo-sarama	88444dea42aa85aed2b6cedc803854145ba21d0d	vagrant/server.properties
signmem/sarama	f7fcfef3ca586bfb7b2e40c6ee3ea0e65f693c2d	vagrant/server.properties
fool-persen/persencoding	eeab1b0d4b62012154d2ca4aa0640479d60ef256	myjavaup/src/main/resources/kafka/kafka.properties
o-ran-sc/it-dep	8f797d67cc00e1130b60be582393cbaabebd93fe	ric-aux/helm/message-router/resources/config/dmaap/MsgRtrApi.properties
ep-infosec/33_apache_incubator-atlas	31b0b892ac4d87c0be74cc4fc34029320f03e1eb	distro/src/conf/atlas-application.properties
gschmutz/twitter-streaming-demo	0562ff3324728b10dfca86c305e4bab1c1d7bfe8	docker/conf/atlas/atlas-application.properties
TrivadisPF/mdp-demo	6a938f5e71662071096a47d77768f71ca647b9e8	platys/conf/atlas/atlas-application.properties
jjch99/spring-boot-examples	8d4274fa5c70a7a87d855a58ca53fdc7a3dd9b2b	spring-boot-example-mq/spring-boot-example-kafka-0.8/src/main/resources/application.properties
Lpeacelove/my-rpc-framework	9eaf41c87a230495dfb956aaf6b8edd6ff9d3c83	rpc-core/src/main/resources/rpc.properties
DEVHCS99/apache-atlas	74ae202b94c800ee8043cbdb41fa071cd94bbe9b	distro/src/conf/atlas-application.properties
elmaadsimo/DataGovInfrastructure	0ebb1ed8043242808c87ea20c461b5534f2998bd	atlas/resources/atlas-application.properties
FaberSober/awesome-docker-compose	df1b5ec712304d0eb44387e9515a6cc5fa88aea4	kafka/kafka-cluster-zookeeper/config/kafka2/consumer.properties
gschmutz/mio-infrastructure	1cde9fcee9f538b54c3cc3491f94452fe056c65d	docker/conf/atlas/atlas-application.properties
yoloz/samples-java	36b47bb31a553fc8f7b94125d8ac9b9c14f2b985	sample-kafka/src/main/resources/kafka_server.properties
copslock/o-ran_nonrtric	90ce16238dd6970153e1c0fbddb15e32c68c504f	docker-compose/mr/mr/MsgRtrApi.properties
infravibe/apache	2697da4d8f0ebfb057d976a9a347b869891a3a04	whilter/config/hive/metastore/atlas-application.properties
GeekSheikh/edureka_kafka_training	8e216bfc3da3a2dbd90eba497a02573d8e9f5802	kafka-consumer/src/main/resources/kafka.properties
cmgrote/atlas-metastore	d8b196fac1fb35ccffee90b9f0ce0af6f53e4cf2	atlas-hub/pre-conf/atlas-script-application.properties
infravibe/apache	2697da4d8f0ebfb057d976a9a347b869891a3a04	atlas-hive-s3/conf/hive/hiveserver2/atlas-application.properties
rdenaux/xlime-kafka-consumer	c1c31bd519cc5ee02e03642cbec045bfb060800c	src/main/resources/xlime-kafka-consumer-sample-config.properties
omsingh28/Distributed_Gossip_Protocol_Framework	63dd140273e1ee0e48db313f358317705da40f28	kafka_2.12-2.2.0/config/server.properties
brenoarosa/apache_atlas_compose	037de6f03a0f59382d35e2b74edfa4d63c1415d0	atlas/conf/atlas-application.properties
infravibe/apache	2697da4d8f0ebfb057d976a9a347b869891a3a04	atlas-hive-s3-zk-kafka-solr-hbase/conf/hive/metastore/atlas-application.properties
fakeNetflix/pinterest-repo-secor	0d68269ace0226cf9023b55a511c6d3a03790d4a	deploys/helm/secor/config/secor.kubernetes-prod.properties
onap/integration-csit	86c61f069b2d875bcfbe74b75f94583e675f12cd	plans/dcaegen2-services-slice-analysis-ms/testsuites/config/dmaap/MsgRtrApi.properties
fakeNetflix/uber-repo-uReplicator	ba0d817adbed13a284e871b2150efcdde83d3444	example/example-consumer.properties
dzlab/bigdata-finance	ff7f9be2d55f99bde873f8762c588d726f8b41ab	visualization/src/main/resources/kafka.properties
robot0211/kafka-security-microservices-demo	05ec801f5d2e14f42cf8cf79125809fee573fc65	kafka-config/unsecured/server.properties
Two-wood-three-soil/CallLogsSystem	542b43e03a89fa3f1e54f3be1870123aa8e15024	KafkaConsumerModule/src/main/resources/project.properties.properties
srarcbrsent/tc	b7db74f5c0aba3d59b4330c739dda668a3c0d671	tc-modules/tc-mq-rocketmq/src/main/resources/example/local-mq-rocketmq-example.properties
TrivadisPF/docker-apache-atlas	852d94b370f26a3384955534d0d7609ae2de9573	resources/atlas-application.properties
gschmutz/lakefs-demo	e13cdf1a24e1bb062f01b670fcd9ce9f0158e605	platys/conf/atlas/atlas-application.properties
yuyu080/wanxiang_online	c206dc8d0b8dfdb05572c9294bdf28be3f6c799c	src/main/resources/consumer.properties
openaicellular/RIC-Deployment	ce46c955846189967ca96f9d68a463a570a33ca1	ric-aux/helm/message-router/resources/config/dmaap/MsgRtrApi.properties
data-processing/kafka-embedded	9c5c52e83f54732f836c3910b22d17aaf425ea58	src/main/resources/consumer-defaults.properties
wujiapei/alldata	f682728ea2f19c2cc935976bbbde8165358a11c2	dataGovern/metadata/atlas-versions/atlas-3.0.0-SNAPSHOT/distro/src/conf/atlas-application.properties
rahulmehta25/AI-Financial-Planner	ce25c9683ec342698b5c62b06b3d0a3a93c56516	backend/infrastructure/data-platform/kafka/config/server.properties
AaronZhouYu/atlas-atlan	212beac81a9a622fd5a6149f932bc3e06596bd63	atlas-hub/pre-conf/atlas-script-application.properties
hdgokani/atlan_metastore	90b0df35dfd0bcefed2adcb25c5d87761af1e635	atlas-hub/pre-conf/atlas-script-application.properties
chicknsoup/kafka-exporter	4000478a1507986ac3487a84690af595e208a148	Shopify/sarama/vagrant/server.properties
fakeNetflix/pinterest-repo-secor	0d68269ace0226cf9023b55a511c6d3a03790d4a	src/main/config/secor.common.properties
gschmutz/n8n-langflow-demo	f88de7aa162c80c1a61a060eece002b8da756159	platys/conf/atlas/atlas-application.properties
rahulmehta25/AI-Financial-Planner	ce25c9683ec342698b5c62b06b3d0a3a93c56516	.claude/worktrees/youthful-almeida/backend/infrastructure/data-platform/kafka/config/server.properties
hyphenOs/oran-sc-installer	0594256cfef288fc333b56d29e0013c9f0247018	helm/charts/nonrtric-smo/dmaap-mr/resources/config/dmaap/MsgRtrApi.properties
megaheart/apache-atlas-docker-container-build	6d5eb682202f7e4d9719aae97c98741c636540e2	apache-atlas-2.3.0-sources/apache-atlas-sources-2.3.0/distro/src/conf/atlas-application.properties
jr-marquez/Demos	fff49e549c6c4aca832b052a29195ed65b55a2da	DemoCategorizador/connector-plugins/confluentinc-kafka-connect-replicator/etc/replicator.properties
apache/atlas	0f8dca5223486e796df2811f219658fff61bc4fd	addons/hive-bridge/src/test/resources/atlas-application.properties
jerryshao/spark-atlas-connector	de707842839e387f26de87a56263ac65009b475c	src/test/resources/atlas-application.properties
seokjeon/SARD-vs-CVE	b1b44e21d72941302ac192b7abe8c29ac1673dba	CWE134_FSB/CVE-2017-12588/rsyslog/tests/testsuites/kafka-server.dep_wrk1.properties
ramrajpoot2006/kafka-consumer-service	440df8904c772310d0afe89764bf8a8306aa51b2	src/test/resources/application-test.properties
cf-testorg/atlas-test	f5db98b3ba5a6bdf851b1319abab5f953d6ff0f4	graphdb/janus/src/test/resources/atlas-application.properties
ep-infosec/33_apache_incubator-atlas	31b0b892ac4d87c0be74cc4fc34029320f03e1eb	graphdb/titan1/src/test/resources/atlas-application.properties
cf-testorg/atlas-test	f5db98b3ba5a6bdf851b1319abab5f953d6ff0f4	addons/hbase-bridge/src/test/resources/atlas-application.properties
cf-testorg/atlas-test	f5db98b3ba5a6bdf851b1319abab5f953d6ff0f4	addons/sqoop-bridge/src/test/resources/atlas-application.properties
DEVHCS99/apache-atlas	74ae202b94c800ee8043cbdb41fa071cd94bbe9b	addons/hive-bridge/src/test/resources/atlas-application.properties
cmgrote/atlas-metastore	d8b196fac1fb35ccffee90b9f0ce0af6f53e4cf2	addons/sqoop-bridge/src/test/resources/atlas-application.properties
AaronZhouYu/atlas-atlan	212beac81a9a622fd5a6149f932bc3e06596bd63	addons/sqoop-bridge/src/test/resources/atlas-application.properties
hdgokani/atlan_metastore	90b0df35dfd0bcefed2adcb25c5d87761af1e635	addons/sqoop-bridge/src/test/resources/atlas-application.properties
ep-infosec/33_apache_atlas	190d86feae96816228fde0159270d09bb3dade42	addons/sqoop-bridge/src/test/resources/atlas-application.properties
wujiapei/alldata	f682728ea2f19c2cc935976bbbde8165358a11c2	dataGovern/metadata/atlas-versions/atlas-3.0.0-SNAPSHOT/intg/src/test/resources/atlas-jaas.properties
wujiapei/alldata	f682728ea2f19c2cc935976bbbde8165358a11c2	dataGovern/metadata/atlas-versions/atlas-3.0.0-SNAPSHOT/graphdb/janus/src/test/resources/atlas-application.properties
a0x8o/druid	865372401245a2204d75954a12d0d2bc177037c3	tests/kafkatest/services/kafka/templates/kafka.properties
wujiapei/alldata	f682728ea2f19c2cc935976bbbde8165358a11c2	dataGovern/metadata/atlas-versions/atlas-3.0.0-SNAPSHOT/addons/sqoop-bridge/src/test/resources/atlas-application.properties
eliasyaoyc/kafka-2.5	07b15df93561066a58e2344c6c6c9ab9907b8e0e	tests/kafkatest/services/kafka/templates/kafka.properties
whyDK37/kafka_source	2eb0ccfa46d1cca248c3b5e1c653d097b2c4a58d	tests/kafkatest/services/kafka/templates/kafka.properties
ep-infosec/23_generalmotors_kafka	cf0c9f78089401369da0782c5b4017621e9b2a61	tests/kafkatest/services/kafka/templates/kafka.properties
onap/archived-dmaap-messagerouter-messageservice	b6f3022df526029adeebb40d358355f62e799024	src/test/resources/MsgRtrApi.properties
megaheart/apache-atlas-docker-container-build	6d5eb682202f7e4d9719aae97c98741c636540e2	apache-atlas-2.3.0-sources/apache-atlas-sources-2.3.0/intg/target/test-classes/atlas-application.properties
megaheart/apache-atlas-docker-container-build	6d5eb682202f7e4d9719aae97c98741c636540e2	apache-atlas-2.3.0-sources/apache-atlas-sources-2.3.0/addons/storm-bridge/src/test/resources/atlas-application.properties
megaheart/apache-atlas-docker-container-build	6d5eb682202f7e4d9719aae97c98741c636540e2	apache-atlas-2.3.0-sources/apache-atlas-sources-2.3.0/addons/impala-bridge/src/test/resources/atlas-application.properties
zscoders/kafka-spring-app	6d2d93e7313cfe6016e105fdcd2667c37e52c212	kafkaBroker/tests/kafkatest/services/kafka/templates/kafka.properties
RabbitDong-on/Sieve	00cab3736cd25c50206849f55a5cbdc4fa6b9944	hadoop-3.3.6-src/hadoop-yarn-project/hadoop-yarn/hadoop-yarn-applications/hadoop-yarn-applications-mawo/hadoop-yarn-applications-mawo-core/src/test/resources/mawo.properties
exploitintel/eip-pocs-and-cves	7d27b55b2930e05f29536a74eff0d57d966c3d15	CVE-2026-61548/vendor/source.fixed/tests/testsuites/kafka-server.properties
